datetime,temperature_2m,relative_humidity_2m,precipitation,snowfall,pressure_msl,wind_speed_10m,wind_gusts_10m,source
2024-01-01 00:00:00,-19.5,87,0.0,0.0,1027.1,5.0,12.2,era5
2024-01-01 01:00:00,-18.2,85,0.0,0.0,1027.2,6.4,11.5,era5
2024-01-01 02:00:00,-18.0,84,0.0,0.0,1027.5,8.8,15.1,era5
2024-01-01 03:00:00,-17.4,83,0.0,0.0,1027.7,9.8,17.3,era5
2024-01-01 04:00:00,-17.6,81,0.0,0.0,1028.2,9.0,17.3,era5
2024-01-01 05:00:00,-17.1,80,0.0,0.0,1028.5,8.3,15.8,era5
2024-01-01 06:00:00,-16.5,82,0.0,0.0,1028.6,9.4,18.7,era5
2024-01-01 07:00:00,-16.4,84,0.0,0.0,1028.4,9.5,18.7,era5
2024-01-01 08:00:00,-16.3,85,0.0,0.0,1028.5,10.2,20.2,era5
2024-01-01 09:00:00,-15.7,85,0.0,0.0,1028.5,10.1,20.9,era5
2024-01-01 10:00:00,-15.4,84,0.0,0.0,1028.4,10.8,21.2,era5
2024-01-01 11:00:00,-15.4,83,0.0,0.0,1028.4,11.9,23.0,era5
2024-01-01 12:00:00,-15.8,82,0.0,0.0,1028.6,13.0,25.2,era5
2024-01-01 13:00:00,-16.1,81,0.0,0.0,1028.4,13.3,25.9,era5
2024-01-01 14:00:00,-16.4,81,0.0,0.0,1028.5,13.0,25.9,era5
2024-01-01 15:00:00,-16.7,80,0.0,0.0,1028.6,13.0,25.6,era5
2024-01-01 16:00:00,-15.9,80,0.0,0.0,1028.5,13.0,27.4,era5
2024-01-01 17:00:00,-16.0,78,0.0,0.0,1028.6,13.0,25.9,era5
2024-01-01 18:00:00,-16.3,78,0.0,0.0,1028.7,13.1,26.6,era5
2024-01-01 19:00:00,-16.7,78,0.0,0.0,1028.7,13.1,26.3,era5
2024-01-01 20:00:00,-16.9,78,0.0,0.0,1028.6,13.5,27.0,era5
2024-01-01 21:00:00,-17.3,78,0.0,0.0,1028.5,13.1,27.0,era5
2024-01-01 22:00:00,-17.6,79,0.0,0.0,1028.4,12.7,25.9,era5
2024-01-01 23:00:00,-17.7,78,0.0,0.0,1028.4,12.3,25.2,era5
2024-01-02 00:00:00,-17.7,78,0.0,0.0,1028.4,12.3,24.8,era5
2024-01-02 01:00:00,-17.9,78,0.0,0.0,1028.5,11.9,24.1,era5
2024-01-02 02:00:00,-18.3,78,0.0,0.0,1028.4,11.2,23.0,era5
2024-01-02 03:00:00,-18.7,78,0.0,0.0,1028.2,10.1,21.2,era5
2024-01-02 04:00:00,-18.6,80,0.0,0.0,1028.4,11.2,22.7,era5
2024-01-02 05:00:00,-18.8,79,0.0,0.0,1028.3,11.2,21.6,era5
2024-01-02 06:00:00,-19.1,78,0.0,0.0,1028.2,10.1,21.6,era5
2024-01-02 07:00:00,-19.5,78,0.0,0.0,1028.2,9.7,19.1,era5
2024-01-02 08:00:00,-19.9,78,0.0,0.0,1028.1,10.1,19.1,era5
2024-01-02 09:00:00,-20.3,78,0.0,0.0,1028.2,10.1,19.4,era5
2024-01-02 10:00:00,-20.7,79,0.0,0.0,1028.2,9.7,19.4,era5
2024-01-02 11:00:00,-21.1,77,0.0,0.0,1028.2,8.0,18.4,era5
2024-01-02 12:00:00,-21.5,76,0.0,0.0,1028.0,8.4,14.8,era5
2024-01-02 13:00:00,-22.0,75,0.0,0.0,1027.5,6.6,13.7,era5
2024-01-02 14:00:00,-22.6,74,0.0,0.0,1027.2,5.5,11.9,era5
2024-01-02 15:00:00,-23.0,73,0.0,0.0,1027.1,5.9,12.2,era5
2024-01-02 16:00:00,-23.4,75,0.0,0.0,1027.1,7.3,12.6,era5
2024-01-02 17:00:00,-23.0,72,0.0,0.0,1027.0,8.3,12.6,era5
2024-01-02 18:00:00,-25.9,74,0.0,0.0,1026.6,9.4,13.7,era5
2024-01-02 19:00:00,-25.8,73,0.0,0.0,1026.3,8.7,13.3,era5
2024-01-02 20:00:00,-25.4,70,0.0,0.0,1026.2,8.3,12.6,era5
2024-01-02 21:00:00,-24.4,67,0.0,0.0,1025.7,7.2,11.5,era5
2024-01-02 22:00:00,-21.1,57,0.0,0.0,1025.2,5.8,10.8,era5
2024-01-02 23:00:00,-21.0,56,0.0,0.0,1024.8,5.4,9.0,era5
2024-01-03 00:00:00,-21.4,58,0.0,0.0,1024.5,5.4,9.0,era5
2024-01-03 01:00:00,-21.9,62,0.0,0.0,1024.1,5.4,8.6,era5
2024-01-03 02:00:00,-22.1,65,0.0,0.0,1023.7,6.1,9.4,era5
2024-01-03 03:00:00,-22.2,65,0.0,0.0,1023.5,6.8,10.4,era5
2024-01-03 04:00:00,-22.4,68,0.0,0.0,1022.9,8.6,11.9,era5
2024-01-03 05:00:00,-25.7,76,0.0,0.0,1022.2,10.9,14.8,era5
2024-01-03 06:00:00,-24.6,73,0.0,0.0,1022.0,10.1,14.8,era5
2024-01-03 07:00:00,-24.2,71,0.0,0.0,1021.8,10.1,14.0,era5
2024-01-03 08:00:00,-23.1,70,0.0,0.0,1021.6,9.8,14.0,era5
2024-01-03 09:00:00,-24.8,74,0.0,0.0,1021.4,10.7,14.8,era5
2024-01-03 10:00:00,-24.6,77,0.0,0.0,1021.2,10.3,15.1,era5
2024-01-03 11:00:00,-24.0,80,0.0,0.0,1021.2,10.1,14.4,era5
2024-01-03 12:00:00,-23.1,83,0.0,0.0,1021.0,9.9,14.0,era5
2024-01-03 13:00:00,-23.1,85,0.0,0.0,1020.7,9.5,13.3,era5
2024-01-03 14:00:00,-23.1,84,0.0,0.0,1020.3,8.5,13.0,era5
2024-01-03 15:00:00,-23.4,84,0.0,0.0,1020.0,7.9,11.9,era5
2024-01-03 16:00:00,-26.9,88,0.0,0.0,1019.6,10.5,14.4,era5
2024-01-03 17:00:00,-27.3,89,0.0,0.0,1019.2,10.8,14.4,era5
2024-01-03 18:00:00,-27.2,89,0.0,0.0,1018.9,11.2,15.1,era5
2024-01-03 19:00:00,-26.7,87,0.0,0.0,1018.9,11.2,15.5,era5
2024-01-03 20:00:00,-26.7,86,0.0,0.0,1018.6,11.3,15.1,era5
2024-01-03 21:00:00,-26.3,85,0.0,0.0,1018.3,10.9,15.1,era5
2024-01-03 22:00:00,-23.6,84,0.0,0.0,1017.9,9.6,15.1,era5
2024-01-03 23:00:00,-22.7,83,0.0,0.0,1017.8,8.0,13.3,era5
2024-01-04 00:00:00,-22.8,80,0.0,0.0,1017.5,7.3,11.9,era5
2024-01-04 01:00:00,-22.4,80,0.0,0.0,1017.4,5.6,10.8,era5
2024-01-04 02:00:00,-26.2,85,0.0,0.0,1017.1,7.9,11.5,era5
2024-01-04 03:00:00,-26.7,86,0.0,0.0,1016.8,9.5,13.7,era5
2024-01-04 04:00:00,-22.8,82,0.0,0.0,1016.4,7.6,11.5,era5
2024-01-04 05:00:00,-23.5,85,0.0,0.0,1016.1,8.2,12.2,era5
2024-01-04 06:00:00,-26.5,90,0.0,0.0,1015.7,9.2,13.3,era5
2024-01-04 07:00:00,-26.2,89,0.0,0.0,1015.3,8.4,13.3,era5
2024-01-04 08:00:00,-23.0,86,0.0,0.0,1015.2,6.6,12.6,era5
2024-01-04 09:00:00,-22.9,85,0.0,0.0,1015.0,7.1,10.8,era5
2024-01-04 10:00:00,-23.2,85,0.0,0.0,1014.8,7.6,11.5,era5
2024-01-04 11:00:00,-23.4,86,0.0,0.0,1014.9,7.6,11.5,era5
2024-01-04 12:00:00,-23.5,83,0.0,0.0,1014.8,8.4,12.6,era5
2024-01-04 13:00:00,-27.8,86,0.0,0.0,1014.3,10.0,14.4,era5
2024-01-04 14:00:00,-28.2,85,0.0,0.0,1013.9,10.5,15.5,era5
2024-01-04 15:00:00,-27.8,85,0.0,0.0,1013.6,9.9,15.5,era5
2024-01-04 16:00:00,-27.3,89,0.0,0.0,1013.5,9.2,14.4,era5
2024-01-04 17:00:00,-25.7,86,0.0,0.0,1013.3,8.7,13.7,era5
2024-01-04 18:00:00,-23.0,79,0.0,0.0,1012.9,7.9,13.3,era5
2024-01-04 19:00:00,-23.0,78,0.0,0.0,1012.6,7.2,11.9,era5
2024-01-04 20:00:00,-23.1,81,0.0,0.0,1012.4,6.8,11.2,era5
2024-01-04 21:00:00,-23.1,81,0.0,0.0,1012.3,7.3,11.2,era5
2024-01-04 22:00:00,-23.8,82,0.0,0.0,1012.3,8.1,11.9,era5
2024-01-04 23:00:00,-24.3,84,0.0,0.0,1012.1,7.9,11.9,era5
2024-01-05 00:00:00,-24.1,84,0.0,0.0,1012.0,7.6,11.9,era5
2024-01-05 01:00:00,-23.7,83,0.0,0.0,1011.7,7.2,11.5,era5
2024-01-05 02:00:00,-23.4,84,0.0,0.0,1011.5,6.6,11.2,era5
2024-01-05 03:00:00,-23.4,86,0.0,0.0,1011.3,6.9,11.2,era5
2024-01-05 04:00:00,-24.6,87,0.0,0.0,1010.8,10.1,14.0,era5
2024-01-05 05:00:00,-27.3,90,0.0,0.0,1010.6,11.2,15.1,era5
2024-01-05 06:00:00,-28.2,89,0.0,0.0,1010.4,11.9,16.2,era5
2024-01-05 07:00:00,-24.3,86,0.0,0.0,1010.3,9.5,16.2,era5
2024-01-05 08:00:00,-24.0,83,0.0,0.0,1010.5,7.6,13.7,era5
2024-01-05 09:00:00,-23.5,83,0.0,0.0,1010.7,6.7,11.5,era5
2024-01-05 10:00:00,-23.5,81,0.0,0.0,1010.6,6.4,10.8,era5
2024-01-05 11:00:00,-23.8,82,0.0,0.0,1010.8,7.3,11.2,era5
2024-01-05 12:00:00,-26.1,86,0.0,0.0,1010.9,9.6,13.7,era5
2024-01-05 13:00:00,-25.2,85,0.0,0.0,1011.0,9.3,14.0,era5
2024-01-05 14:00:00,-24.7,86,0.0,0.0,1011.2,7.7,13.3,era5
2024-01-05 15:00:00,-24.7,79,0.0,0.0,1011.4,7.4,11.5,era5
2024-01-05 16:00:00,-23.9,82,0.0,0.0,1011.5,7.3,11.9,era5
2024-01-05 17:00:00,-24.4,83,0.0,0.0,1011.8,6.8,10.8,era5
2024-01-05 18:00:00,-24.8,80,0.0,0.0,1012.1,6.2,10.1,era5
2024-01-05 19:00:00,-26.2,86,0.0,0.0,1012.2,7.6,10.8,era5
2024-01-05 20:00:00,-28.8,91,0.0,0.0,1012.7,9.2,12.2,era5
2024-01-05 21:00:00,-29.3,92,0.0,0.0,1013.4,10.4,14.4,era5
2024-01-05 22:00:00,-27.5,90,0.0,0.0,1014.0,8.1,14.8,era5
2024-01-05 23:00:00,-29.3,91,0.0,0.0,1014.4,11.2,15.5,era5
2024-01-06 00:00:00,-25.5,82,0.0,0.0,1015.0,8.7,14.8,era5
2024-01-06 01:00:00,-25.1,77,0.0,0.0,1015.5,10.4,16.9,era5
2024-01-06 02:00:00,-25.1,77,0.0,0.0,1015.7,10.1,16.9,era5
2024-01-06 03:00:00,-25.0,76,0.0,0.0,1015.9,10.9,18.4,era5
2024-01-06 04:00:00,-22.7,78,0.0,0.0,1016.6,11.5,21.6,era5
2024-01-06 05:00:00,-21.6,78,0.0,0.0,1016.9,11.5,21.6,era5
2024-01-06 06:00:00,-21.4,77,0.0,0.0,1017.2,10.8,21.6,era5
2024-01-06 07:00:00,-21.4,78,0.0,0.0,1017.5,10.4,20.2,era5
2024-01-06 08:00:00,-21.6,78,0.0,0.0,1018.0,10.8,20.5,era5
2024-01-06 09:00:00,-21.6,79,0.0,0.0,1018.3,10.2,20.5,era5
2024-01-06 10:00:00,-22.0,79,0.0,0.0,1018.4,8.7,18.7,era5
2024-01-06 11:00:00,-22.2,79,0.0,0.0,1019.0,7.6,16.2,era5
2024-01-06 12:00:00,-22.5,79,0.0,0.0,1019.1,8.0,14.4,era5
2024-01-06 13:00:00,-21.5,79,0.0,0.0,1019.6,7.5,16.2,era5
2024-01-06 14:00:00,-20.0,77,0.1,0.07,1019.5,7.1,15.5,era5
2024-01-06 15:00:00,-19.6,79,0.1,0.07,1019.9,6.7,13.3,era5
2024-01-06 16:00:00,-18.7,79,0.1,0.07,1020.3,8.3,16.9,era5
2024-01-06 17:00:00,-18.0,79,0.1,0.07,1020.6,7.6,15.8,era5
2024-01-06 18:00:00,-17.6,79,0.1,0.07,1020.4,4.9,13.7,era5
2024-01-06 19:00:00,-17.6,75,0.0,0.0,1020.1,3.7,8.3,era5
2024-01-06 20:00:00,-17.8,75,0.0,0.0,1019.8,2.2,5.4,era5
2024-01-06 21:00:00,-18.2,79,0.0,0.0,1019.4,4.1,5.8,era5
2024-01-06 22:00:00,-19.0,83,0.0,0.0,1019.2,2.4,6.5,era5
2024-01-06 23:00:00,-23.9,91,0.0,0.0,1019.5,7.4,10.1,era5
2024-01-07 00:00:00,-20.5,87,0.0,0.0,1019.0,5.8,11.5,era5
2024-01-07 01:00:00,-22.8,86,0.0,0.0,1018.5,5.5,10.4,era5
2024-01-07 02:00:00,-22.2,85,0.0,0.0,1018.3,7.4,11.9,era5
2024-01-07 03:00:00,-20.5,85,0.0,0.0,1018.2,6.5,12.6,era5
2024-01-07 04:00:00,-16.1,84,0.0,0.0,1018.1,11.9,21.6,era5
2024-01-07 05:00:00,-14.8,85,0.0,0.0,1018.2,15.5,28.8,era5
2024-01-07 06:00:00,-13.3,83,0.0,0.0,1018.5,18.5,37.8,era5
2024-01-07 07:00:00,-12.5,83,0.0,0.0,1018.5,16.6,37.4,era5
2024-01-07 08:00:00,-12.2,86,0.0,0.0,1019.0,15.0,34.2,era5
2024-01-07 09:00:00,-12.4,86,0.0,0.0,1019.6,13.0,30.2,era5
2024-01-07 10:00:00,-12.4,86,0.0,0.0,1020.1,11.5,25.9,era5
2024-01-07 11:00:00,-12.5,86,0.0,0.0,1020.5,10.4,23.0,era5
2024-01-07 12:00:00,-12.5,84,0.0,0.0,1020.6,7.2,20.2,era5
2024-01-07 13:00:00,-13.0,86,0.0,0.0,1020.5,5.1,13.3,era5
2024-01-07 14:00:00,-13.2,85,0.0,0.0,1020.1,6.1,7.9,era5
2024-01-07 15:00:00,-13.1,83,0.0,0.0,1019.8,4.0,9.0,era5
2024-01-07 16:00:00,-16.2,85,0.1,0.07,1018.4,5.2,9.7,era5
2024-01-07 17:00:00,-16.3,86,0.0,0.0,1018.2,9.0,13.3,era5
2024-01-07 18:00:00,-15.7,82,0.3,0.21,1017.0,10.8,19.1,era5
2024-01-07 19:00:00,-15.7,87,0.3,0.21,1015.9,11.2,20.2,era5
2024-01-07 20:00:00,-15.0,87,0.2,0.14,1014.6,11.6,19.8,era5
2024-01-07 21:00:00,-14.0,87,0.3,0.21,1013.1,12.0,20.9,era5
2024-01-07 22:00:00,-13.3,89,0.5,0.35,1012.0,8.6,21.2,era5
2024-01-07 23:00:00,-12.9,89,0.1,0.07,1010.7,6.3,15.1,era5
2024-01-08 00:00:00,-12.0,86,0.0,0.0,1009.8,4.0,10.8,era5
2024-01-08 01:00:00,-10.1,83,0.0,0.0,1009.2,5.6,10.4,era5
2024-01-08 02:00:00,-7.4,84,0.0,0.0,1008.6,11.7,21.6,era5
2024-01-08 03:00:00,-4.7,83,0.0,0.0,1008.5,19.2,38.9,era5
2024-01-08 04:00:00,-5.1,83,0.0,0.0,1008.8,22.9,47.9,era5
2024-01-08 05:00:00,-4.8,81,0.0,0.0,1009.3,24.5,51.5,era5
2024-01-08 06:00:00,-4.8,79,0.0,0.0,1010.2,25.0,52.9,era5
2024-01-08 07:00:00,-5.2,79,0.0,0.0,1011.2,23.9,52.9,era5
2024-01-08 08:00:00,-5.8,78,0.0,0.0,1012.1,22.8,50.8,era5
2024-01-08 09:00:00,-6.5,80,0.0,0.0,1013.3,21.8,47.9,era5
2024-01-08 10:00:00,-7.1,83,0.0,0.0,1014.4,20.8,46.1,era5
2024-01-08 11:00:00,-7.7,87,0.0,0.0,1015.4,19.2,43.6,era5
2024-01-08 12:00:00,-8.3,89,0.0,0.0,1016.1,18.5,39.6,era5
2024-01-08 13:00:00,-8.7,89,0.0,0.0,1016.8,17.4,38.2,era5
2024-01-08 14:00:00,-9.2,89,0.0,0.0,1017.3,16.1,35.3,era5
2024-01-08 15:00:00,-9.7,89,0.0,0.0,1017.8,14.3,32.4,era5
2024-01-08 16:00:00,-9.6,89,0.0,0.0,1018.1,13.7,31.0,era5
2024-01-08 17:00:00,-9.8,90,0.0,0.0,1018.1,10.6,27.0,era5
2024-01-08 18:00:00,-10.4,88,0.0,0.0,1017.8,6.1,20.2,era5
2024-01-08 19:00:00,-12.3,90,0.0,0.0,1017.9,6.5,10.8,era5
2024-01-08 20:00:00,-11.5,91,0.0,0.0,1017.5,4.3,9.0,era5
2024-01-08 21:00:00,-11.5,90,0.0,0.0,1016.6,3.3,6.5,era5
2024-01-08 22:00:00,-11.6,88,0.0,0.0,1016.2,6.8,7.6,era5
2024-01-08 23:00:00,-11.2,88,0.1,0.07,1015.8,5.2,9.4,era5
2024-01-09 00:00:00,-9.9,88,0.3,0.21,1014.8,8.4,14.4,era5
2024-01-09 01:00:00,-9.3,90,0.3,0.21,1013.7,9.2,18.0,era5
2024-01-09 02:00:00,-8.8,91,0.4,0.28,1012.7,10.3,20.2,era5
2024-01-09 03:00:00,-8.2,90,0.4,0.28,1011.8,11.2,22.7,era5
2024-01-09 04:00:00,-8.4,91,0.3,0.21,1011.2,10.8,21.2,era5
2024-01-09 05:00:00,-7.9,90,0.2,0.14,1010.7,10.6,21.6,era5
2024-01-09 06:00:00,-7.5,90,0.2,0.14,1010.1,11.8,24.5,era5
2024-01-09 07:00:00,-7.5,90,0.2,0.14,1009.6,11.5,25.2,era5
2024-01-09 08:00:00,-7.6,90,0.1,0.07,1009.2,11.0,23.4,era5
2024-01-09 09:00:00,-7.8,89,0.2,0.14,1009.3,10.5,22.7,era5
2024-01-09 10:00:00,-8.1,89,0.1,0.07,1010.0,8.7,22.0,era5
2024-01-09 11:00:00,-8.2,89,0.1,0.07,1011.1,7.6,17.6,era5
2024-01-09 12:00:00,-8.5,90,0.1,0.07,1011.6,6.0,15.5,era5
2024-01-09 13:00:00,-9.3,89,0.0,0.0,1012.5,5.4,11.5,era5
2024-01-09 14:00:00,-10.3,92,0.0,0.0,1013.1,5.6,9.7,era5
2024-01-09 15:00:00,-11.4,92,0.0,0.0,1013.6,3.9,9.7,era5
2024-01-09 16:00:00,-11.5,89,0.0,0.0,1014.2,8.1,15.5,era5
2024-01-09 17:00:00,-11.3,89,0.0,0.0,1015.0,7.7,16.9,era5
2024-01-09 18:00:00,-11.4,90,0.0,0.0,1015.7,8.0,15.8,era5
2024-01-09 19:00:00,-11.6,90,0.0,0.0,1016.1,7.2,15.8,era5
2024-01-09 20:00:00,-11.8,90,0.0,0.0,1016.3,6.3,15.5,era5
2024-01-09 21:00:00,-12.0,89,0.0,0.0,1016.2,6.4,13.3,era5
2024-01-09 22:00:00,-12.4,90,0.0,0.0,1016.3,4.0,11.2,era5
2024-01-09 23:00:00,-13.6,88,0.0,0.0,1016.2,6.2,8.3,era5
2024-01-10 00:00:00,-13.7,88,0.0,0.0,1016.2,6.5,8.6,era5
2024-01-10 01:00:00,-13.5,89,0.0,0.0,1016.2,6.6,10.1,era5
2024-01-10 02:00:00,-12.7,89,0.0,0.0,1015.7,3.7,8.6,era5
2024-01-10 03:00:00,-12.7,89,0.0,0.0,1015.0,2.6,5.0,era5
2024-01-10 04:00:00,-13.3,89,0.0,0.0,1014.9,2.7,6.1,era5
2024-01-10 05:00:00,-11.8,86,0.0,0.0,1014.0,5.2,5.8,era5
2024-01-10 06:00:00,-11.2,87,0.1,0.07,1012.9,5.9,8.6,era5
2024-01-10 07:00:00,-10.5,88,0.1,0.07,1011.4,8.0,15.8,era5
2024-01-10 08:00:00,-10.3,91,0.2,0.14,1010.1,8.7,16.9,era5
2024-01-10 09:00:00,-10.2,91,0.4,0.28,1008.2,10.1,17.6,era5
2024-01-10 10:00:00,-10.2,92,0.3,0.21,1006.6,8.8,19.1,era5
2024-01-10 11:00:00,-9.9,91,0.4,0.28,1005.8,6.8,17.3,era5
2024-01-10 12:00:00,-9.7,91,0.6,0.42,1004.2,5.5,11.9,era5
2024-01-10 13:00:00,-9.4,91,0.4,0.28,1002.8,4.2,9.7,era5
2024-01-10 14:00:00,-9.3,90,0.3,0.21,1001.7,4.1,7.6,era5
2024-01-10 15:00:00,-9.4,91,0.3,0.21,1001.0,5.6,11.9,era5
2024-01-10 16:00:00,-10.2,88,0.2,0.14,1001.0,10.0,20.5,era5
2024-01-10 17:00:00,-10.1,88,0.1,0.07,1001.5,12.5,25.9,era5
2024-01-10 18:00:00,-10.2,88,0.1,0.07,1002.1,12.5,26.3,era5
2024-01-10 19:00:00,-11.1,88,0.0,0.0,1002.9,16.2,31.0,era5
2024-01-10 20:00:00,-10.4,88,0.0,0.0,1004.2,18.0,37.1,era5
2024-01-10 21:00:00,-9.8,87,0.0,0.0,1004.7,15.2,36.7,era5
2024-01-10 22:00:00,-9.8,87,0.0,0.0,1005.5,15.1,31.3,era5
2024-01-10 23:00:00,-10.1,87,0.0,0.0,1006.2,15.1,31.7,era5
2024-01-11 00:00:00,-9.9,87,0.0,0.0,1006.8,18.3,37.1,era5
2024-01-11 01:00:00,-9.4,81,0.0,0.0,1007.0,19.1,39.6,era5
2024-01-11 02:00:00,-8.6,69,0.1,0.07,1007.3,21.7,45.7,era5
2024-01-11 03:00:00,-8.1,71,0.0,0.0,1007.7,22.6,47.9,era5
2024-01-11 04:00:00,-8.2,75,0.0,0.0,1008.4,21.1,50.8,era5
2024-01-11 05:00:00,-8.4,76,0.0,0.0,1009.8,19.2,45.0,era5
2024-01-11 06:00:00,-8.7,78,0.0,0.0,1011.1,18.0,40.0,era5
2024-01-11 07:00:00,-8.8,79,0.0,0.0,1012.5,17.6,37.8,era5
2024-01-11 08:00:00,-9.2,80,0.0,0.0,1013.8,16.6,36.4,era5
2024-01-11 09:00:00,-9.8,83,0.0,0.0,1015.0,15.5,34.6,era5
2024-01-11 10:00:00,-10.6,86,0.0,0.0,1015.9,14.6,31.7,era5
2024-01-11 11:00:00,-11.0,86,0.0,0.0,1016.8,14.4,28.8,era5
2024-01-11 12:00:00,-11.4,85,0.0,0.0,1017.4,14.6,28.8,era5
2024-01-11 13:00:00,-11.5,85,0.0,0.0,1017.3,15.6,30.6,era5
2024-01-11 14:00:00,-11.4,85,0.0,0.0,1017.6,16.1,32.0,era5
2024-01-11 15:00:00,-11.3,85,0.0,0.0,1017.7,16.9,33.5,era5
2024-01-11 16:00:00,-11.5,85,0.0,0.0,1017.6,16.5,33.5,era5
2024-01-11 17:00:00,-11.4,85,0.0,0.0,1017.0,16.3,32.8,era5
2024-01-11 18:00:00,-11.6,86,0.0,0.0,1016.4,15.5,32.0,era5
2024-01-11 19:00:00,-11.7,86,0.0,0.0,1015.9,14.9,31.0,era5
2024-01-11 20:00:00,-12.1,86,0.0,0.0,1015.4,14.8,29.5,era5
2024-01-11 21:00:00,-12.1,88,0.0,0.0,1014.7,14.9,30.2,era5
2024-01-11 22:00:00,-12.0,88,0.0,0.0,1014.3,15.4,31.3,era5
2024-01-11 23:00:00,-11.8,88,0.0,0.0,1013.8,16.3,33.1,era5
2024-01-12 00:00:00,-11.6,89,0.0,0.0,1013.5,15.4,33.1,era5
2024-01-12 01:00:00,-11.8,88,0.0,0.0,1013.4,15.3,31.3,era5
2024-01-12 02:00:00,-11.8,88,0.0,0.0,1013.1,13.4,31.0,era5
2024-01-12 03:00:00,-12.3,87,0.0,0.0,1012.8,12.0,27.0,era5
2024-01-12 04:00:00,-11.2,88,0.0,0.0,1012.7,13.4,27.4,era5
2024-01-12 05:00:00,-11.4,88,0.0,0.0,1012.6,14.2,28.8,era5
2024-01-12 06:00:00,-11.8,88,0.0,0.0,1012.5,14.8,29.5,era5
2024-01-12 07:00:00,-12.0,87,0.0,0.0,1012.8,15.2,30.6,era5
2024-01-12 08:00:00,-12.2,87,0.0,0.0,1013.2,15.3,31.0,era5
2024-01-12 09:00:00,-12.7,87,0.0,0.0,1013.4,14.9,31.0,era5
2024-01-12 10:00:00,-13.2,86,0.0,0.0,1014.0,14.9,30.6,era5
2024-01-12 11:00:00,-13.5,87,0.0,0.0,1014.5,14.3,29.9,era5
2024-01-12 12:00:00,-13.2,87,0.0,0.0,1014.6,15.4,31.0,era5
2024-01-12 13:00:00,-13.0,87,0.0,0.0,1014.6,15.1,31.0,era5
2024-01-12 14:00:00,-12.7,87,0.0,0.0,1014.7,15.3,31.0,era5
2024-01-12 15:00:00,-12.4,88,0.0,0.0,1014.7,15.8,32.4,era5
2024-01-12 16:00:00,-12.9,87,0.0,0.0,1014.5,17.3,36.4,era5
2024-01-12 17:00:00,-12.8,87,0.0,0.0,1014.2,17.2,35.6,era5
2024-01-12 18:00:00,-12.9,87,0.0,0.0,1014.0,16.1,34.6,era5
2024-01-12 19:00:00,-12.8,87,0.0,0.0,1013.2,14.2,32.0,era5
2024-01-12 20:00:00,-12.5,87,0.0,0.0,1012.5,14.2,28.8,era5
2024-01-12 21:00:00,-12.2,87,0.0,0.0,1011.8,13.7,29.2,era5
2024-01-12 22:00:00,-12.3,87,0.0,0.0,1011.3,13.4,27.4,era5
2024-01-12 23:00:00,-12.6,86,0.0,0.0,1010.5,11.3,27.0,era5
2024-01-13 00:00:00,-12.9,84,0.0,0.0,1009.7,9.3,22.7,era5
2024-01-13 01:00:00,-13.4,81,0.0,0.0,1008.6,7.5,18.0,era5
2024-01-13 02:00:00,-13.9,81,0.0,0.0,1008.1,9.0,16.2,era5
2024-01-13 03:00:00,-14.2,81,0.0,0.0,1007.1,6.6,15.8,era5
2024-01-13 04:00:00,-16.1,85,0.0,0.0,1005.9,5.9,11.9,era5
2024-01-13 05:00:00,-15.7,84,0.0,0.0,1004.5,4.8,10.4,era5
2024-01-13 06:00:00,-14.8,82,0.0,0.0,1003.3,5.8,10.8,era5
2024-01-13 07:00:00,-14.4,81,0.1,0.07,1002.2,4.9,10.1,era5
2024-01-13 08:00:00,-13.8,81,0.2,0.14,1001.3,5.6,11.2,era5
2024-01-13 09:00:00,-13.2,84,0.3,0.21,1000.1,5.8,11.5,era5
2024-01-13 10:00:00,-12.8,85,0.2,0.14,999.3,4.9,10.8,era5
2024-01-13 11:00:00,-12.6,85,0.1,0.07,998.5,5.1,9.4,era5
2024-01-13 12:00:00,-12.4,84,0.1,0.07,997.7,5.4,9.7,era5
2024-01-13 13:00:00,-12.4,83,0.1,0.07,996.8,7.4,12.6,era5
2024-01-13 14:00:00,-13.4,83,0.0,0.0,996.2,9.2,16.2,era5
2024-01-13 15:00:00,-14.2,84,0.0,0.0,995.8,10.8,19.8,era5
2024-01-13 16:00:00,-14.5,85,0.0,0.0,995.2,11.2,22.3,era5
2024-01-13 17:00:00,-14.4,85,0.0,0.0,994.8,11.7,23.0,era5
2024-01-13 18:00:00,-14.7,85,0.0,0.0,994.5,13.4,26.6,era5
2024-01-13 19:00:00,-13.8,86,0.0,0.0,994.1,13.0,27.4,era5
2024-01-13 20:00:00,-14.3,86,0.0,0.0,994.0,14.1,27.7,era5
2024-01-13 21:00:00,-13.9,86,0.0,0.0,994.1,14.8,29.2,era5
2024-01-13 22:00:00,-13.3,86,0.0,0.0,994.1,13.6,29.5,era5
2024-01-13 23:00:00,-12.8,86,0.0,0.0,994.1,12.6,27.4,era5
2024-01-14 00:00:00,-12.6,86,0.0,0.0,994.0,11.9,25.2,era5
2024-01-14 01:00:00,-13.0,86,0.0,0.0,993.9,11.3,23.8,era5
2024-01-14 02:00:00,-13.5,86,0.0,0.0,993.7,11.3,21.6,era5
2024-01-14 03:00:00,-13.4,86,0.0,0.0,993.6,11.9,23.0,era5
2024-01-14 04:00:00,-13.5,86,0.0,0.0,993.2,11.8,23.0,era5
2024-01-14 05:00:00,-13.0,86,0.0,0.0,993.0,10.6,22.7,era5
2024-01-14 06:00:00,-12.7,87,0.0,0.0,992.5,10.6,21.2,era5
2024-01-14 07:00:00,-12.7,86,0.0,0.0,992.0,10.9,21.2,era5
2024-01-14 08:00:00,-12.9,86,0.0,0.0,991.7,11.6,22.3,era5
2024-01-14 09:00:00,-12.7,86,0.0,0.0,991.5,12.3,24.8,era5
2024-01-14 10:00:00,-12.7,86,0.0,0.0,991.6,12.3,24.5,era5
2024-01-14 11:00:00,-12.7,86,0.0,0.0,991.3,11.2,24.5,era5
2024-01-14 12:00:00,-12.9,86,0.0,0.0,991.4,9.9,22.3,era5
2024-01-14 13:00:00,-13.0,87,0.0,0.0,991.3,10.4,20.9,era5
2024-01-14 14:00:00,-13.5,86,0.0,0.0,991.1,10.1,20.9,era5
2024-01-14 15:00:00,-14.2,86,0.0,0.0,991.1,9.7,19.8,era5
2024-01-14 16:00:00,-14.5,86,0.0,0.0,991.2,10.8,24.5,era5
2024-01-14 17:00:00,-14.7,85,0.0,0.0,991.1,8.6,21.2,era5
2024-01-14 18:00:00,-15.3,84,0.0,0.0,990.8,9.0,17.3,era5
2024-01-14 19:00:00,-15.5,85,0.0,0.0,990.9,9.0,17.6,era5
2024-01-14 20:00:00,-15.8,86,0.0,0.0,991.1,8.7,17.6,era5
2024-01-14 21:00:00,-15.8,86,0.0,0.0,991.1,9.8,19.4,era5
2024-01-14 22:00:00,-15.9,86,0.0,0.0,991.1,9.5,19.4,era5
2024-01-14 23:00:00,-15.9,86,0.0,0.0,991.3,10.0,19.8,era5
2024-01-15 00:00:00,-15.3,85,0.0,0.0,991.6,10.1,20.9,era5
2024-01-15 01:00:00,-15.2,85,0.0,0.0,991.5,10.2,20.5,era5
2024-01-15 02:00:00,-15.4,85,0.0,0.0,991.7,11.8,23.0,era5
2024-01-15 03:00:00,-15.6,85,0.0,0.0,991.8,11.3,23.0,era5
2024-01-15 04:00:00,-15.5,85,0.0,0.0,991.7,8.9,18.4,era5
2024-01-15 05:00:00,-14.9,85,0.0,0.0,991.9,9.0,18.7,era5
2024-01-15 06:00:00,-14.5,84,0.0,0.0,992.2,9.6,19.8,era5
2024-01-15 07:00:00,-14.6,84,0.0,0.0,992.4,11.0,22.0,era5
2024-01-15 08:00:00,-15.0,84,0.0,0.0,992.6,12.0,24.5,era5
2024-01-15 09:00:00,-15.7,83,0.0,0.0,993.1,11.9,24.8,era5
2024-01-15 10:00:00,-16.1,82,0.0,0.0,993.6,12.5,26.3,era5
2024-01-15 11:00:00,-15.9,81,0.0,0.0,994.0,13.1,27.0,era5
2024-01-15 12:00:00,-15.5,81,0.0,0.0,994.2,13.6,27.7,era5
2024-01-15 13:00:00,-14.9,81,0.0,0.0,994.5,14.5,29.2,era5
2024-01-15 14:00:00,-14.2,80,0.0,0.0,994.7,16.0,32.4,era5
2024-01-15 15:00:00,-13.7,80,0.0,0.0,994.9,16.3,33.5,era5
2024-01-15 16:00:00,-15.1,80,0.0,0.0,995.6,17.2,35.6,era5
2024-01-15 17:00:00,-15.1,79,0.0,0.0,995.9,16.9,35.3,era5
2024-01-15 18:00:00,-15.3,78,0.0,0.0,996.1,17.2,35.6,era5
2024-01-15 19:00:00,-15.6,78,0.0,0.0,996.3,17.2,36.0,era5
2024-01-15 20:00:00,-15.6,79,0.0,0.0,996.7,17.6,36.7,era5
2024-01-15 21:00:00,-15.6,78,0.0,0.0,996.8,17.8,37.4,era5
2024-01-15 22:00:00,-15.6,78,0.0,0.0,997.3,16.8,37.1,era5
2024-01-15 23:00:00,-15.5,78,0.0,0.0,997.6,16.8,35.3,era5
2024-01-16 00:00:00,-15.5,77,0.0,0.0,997.8,16.2,35.3,era5
2024-01-16 01:00:00,-15.8,77,0.0,0.0,997.9,15.9,34.6,era5
2024-01-16 02:00:00,-15.9,78,0.0,0.0,997.9,15.6,33.5,era5
2024-01-16 03:00:00,-15.8,77,0.1,0.07,997.9,15.4,32.8,era5
2024-01-16 04:00:00,-17.0,77,0.1,0.07,998.3,15.6,32.8,era5
2024-01-16 05:00:00,-16.7,76,0.1,0.07,998.3,15.8,33.5,era5
2024-01-16 06:00:00,-16.5,75,0.2,0.14,998.3,15.9,33.5,era5
2024-01-16 07:00:00,-16.3,75,0.1,0.07,998.0,15.8,34.2,era5
2024-01-16 08:00:00,-16.1,75,0.1,0.07,998.1,16.1,34.2,era5
2024-01-16 09:00:00,-15.9,74,0.1,0.07,998.0,16.4,34.6,era5
2024-01-16 10:00:00,-15.6,74,0.1,0.07,998.2,15.8,34.6,era5
2024-01-16 11:00:00,-15.5,75,0.1,0.07,998.2,15.8,33.5,era5
2024-01-16 12:00:00,-15.4,75,0.0,0.0,998.3,16.3,34.2,era5
2024-01-16 13:00:00,-15.3,75,0.0,0.0,998.3,16.1,34.6,era5
2024-01-16 14:00:00,-15.3,75,0.1,0.07,998.4,15.6,34.2,era5
2024-01-16 15:00:00,-15.2,75,0.1,0.07,998.3,16.1,34.2,era5
2024-01-16 16:00:00,-15.4,75,0.1,0.07,998.2,17.1,36.4,era5
2024-01-16 17:00:00,-15.3,74,0.1,0.07,998.1,17.1,36.4,era5
2024-01-16 18:00:00,-15.1,74,0.1,0.07,998.1,16.4,36.0,era5
2024-01-16 19:00:00,-15.0,74,0.1,0.07,998.0,16.3,35.3,era5
2024-01-16 20:00:00,-14.8,74,0.1,0.07,997.7,16.6,35.3,era5
2024-01-16 21:00:00,-14.5,75,0.1,0.07,997.8,15.6,35.3,era5
2024-01-16 22:00:00,-14.3,75,0.1,0.07,997.8,15.0,33.1,era5
2024-01-16 23:00:00,-14.1,76,0.1,0.07,998.1,14.5,31.3,era5
2024-01-17 00:00:00,-13.9,76,0.1,0.07,998.1,14.0,30.6,era5
2024-01-17 01:00:00,-13.8,76,0.1,0.07,998.1,13.8,29.9,era5
2024-01-17 02:00:00,-13.7,77,0.1,0.07,998.1,13.7,28.8,era5
2024-01-17 03:00:00,-13.5,77,0.1,0.07,998.2,13.4,28.8,era5
2024-01-17 04:00:00,-13.5,76,0.1,0.07,998.2,13.5,28.8,era5
2024-01-17 05:00:00,-13.4,76,0.0,0.0,998.1,13.5,28.1,era5
2024-01-17 06:00:00,-13.2,76,0.0,0.0,998.1,12.7,28.1,era5
2024-01-17 07:00:00,-13.1,77,0.0,0.07,998.1,11.9,27.0,era5
2024-01-17 08:00:00,-12.8,77,0.1,0.07,998.4,11.5,24.8,era5
2024-01-17 09:00:00,-12.5,77,0.1,0.07,998.4,11.6,24.5,era5
2024-01-17 10:00:00,-12.2,78,0.1,0.07,998.5,11.2,24.5,era5
2024-01-17 11:00:00,-12.2,80,0.2,0.14,998.9,10.3,23.4,era5
2024-01-17 12:00:00,-12.2,81,0.2,0.14,999.2,9.7,21.2,era5
2024-01-17 13:00:00,-12.2,82,0.1,0.07,999.3,9.7,20.9,era5
2024-01-17 14:00:00,-12.3,83,0.1,0.07,999.3,10.0,21.6,era5
2024-01-17 15:00:00,-12.8,85,0.1,0.07,999.4,9.0,20.9,era5
2024-01-17 16:00:00,-13.2,85,0.1,0.07,999.6,9.4,20.2,era5
2024-01-17 17:00:00,-13.2,85,0.1,0.07,999.8,9.1,19.1,era5
2024-01-17 18:00:00,-13.5,85,0.1,0.07,999.8,8.8,18.4,era5
2024-01-17 19:00:00,-13.3,84,0.1,0.07,999.8,8.8,18.0,era5
2024-01-17 20:00:00,-12.9,83,0.1,0.07,999.9,9.1,18.4,era5
2024-01-17 21:00:00,-13.0,84,0.0,0.0,999.9,9.8,20.2,era5
2024-01-17 22:00:00,-13.7,85,0.0,0.0,1000.1,9.1,20.2,era5
2024-01-17 23:00:00,-14.1,84,0.0,0.0,1000.3,8.8,17.6,era5
2024-01-18 00:00:00,-14.0,84,0.0,0.0,1000.5,9.4,18.0,era5
2024-01-18 01:00:00,-13.6,85,0.0,0.0,1000.7,8.7,18.4,era5
2024-01-18 02:00:00,-13.1,85,0.1,0.07,1000.9,7.6,16.6,era5
2024-01-18 03:00:00,-12.9,86,0.1,0.07,1001.0,7.6,15.1,era5
2024-01-18 04:00:00,-13.2,86,0.0,0.0,1001.1,8.6,17.6,era5
2024-01-18 05:00:00,-13.9,85,0.0,0.0,1001.1,8.3,16.6,era5
2024-01-18 06:00:00,-14.6,85,0.0,0.0,1001.1,8.4,15.8,era5
2024-01-18 07:00:00,-15.5,85,0.0,0.0,1001.1,8.0,15.5,era5
2024-01-18 08:00:00,-15.6,85,0.0,0.0,1001.2,8.4,16.2,era5
2024-01-18 09:00:00,-15.2,86,0.0,0.0,1001.0,8.4,16.6,era5
2024-01-18 10:00:00,-15.9,86,0.0,0.0,1001.0,8.5,16.6,era5
2024-01-18 11:00:00,-16.6,85,0.0,0.0,1001.2,9.1,17.6,era5
2024-01-18 12:00:00,-17.1,85,0.0,0.0,1001.4,9.1,18.4,era5
2024-01-18 13:00:00,-17.1,85,0.0,0.0,1001.4,8.0,17.6,era5
2024-01-18 14:00:00,-17.1,85,0.0,0.0,1001.0,6.5,15.8,era5
2024-01-18 15:00:00,-17.0,84,0.0,0.0,1000.9,6.4,13.7,era5
2024-01-18 16:00:00,-16.7,85,0.0,0.0,1000.9,8.2,16.2,era5
2024-01-18 17:00:00,-16.5,84,0.0,0.0,1000.5,5.0,16.2,era5
2024-01-18 18:00:00,-17.5,84,0.0,0.0,1000.6,3.1,9.4,era5
2024-01-18 19:00:00,-17.1,84,0.0,0.0,999.8,5.7,10.1,era5
2024-01-18 20:00:00,-16.6,83,0.0,0.0,999.1,9.0,16.9,era5
2024-01-18 21:00:00,-15.4,86,0.0,0.0,998.2,9.2,18.4,era5
2024-01-18 22:00:00,-13.5,86,0.0,0.0,997.6,9.7,19.8,era5
2024-01-18 23:00:00,-13.3,87,0.0,0.0,997.2,10.7,22.0,era5
2024-01-19 00:00:00,-13.5,87,0.0,0.0,996.7,11.1,23.0,era5
2024-01-19 01:00:00,-14.0,87,0.0,0.0,995.5,15.5,31.7,era5
2024-01-19 02:00:00,-14.2,87,0.0,0.0,994.4,16.3,36.4,era5
2024-01-19 03:00:00,-13.6,86,0.0,0.0,993.5,14.4,33.1,era5
2024-01-19 04:00:00,-13.9,86,0.0,0.0,992.2,17.4,40.0,era5
2024-01-19 05:00:00,-13.5,84,0.0,0.0,990.8,17.8,38.9,era5
2024-01-19 06:00:00,-13.5,82,0.0,0.0,989.8,16.6,38.9,era5
2024-01-19 07:00:00,-13.5,81,0.1,0.07,989.3,15.3,36.0,era5
2024-01-19 08:00:00,-13.4,80,0.2,0.14,988.8,14.5,32.4,era5
2024-01-19 09:00:00,-13.3,79,0.4,0.28,988.2,14.1,31.0,era5
2024-01-19 10:00:00,-13.4,80,0.4,0.28,987.9,14.6,30.6,era5
2024-01-19 11:00:00,-13.8,82,0.3,0.21,987.7,15.0,31.7,era5
2024-01-19 12:00:00,-14.0,82,0.1,0.07,987.3,14.7,31.7,era5
2024-01-19 13:00:00,-14.2,83,0.0,0.0,987.3,13.4,31.3,era5
2024-01-19 14:00:00,-14.7,85,0.0,0.0,987.2,11.8,28.1,era5
2024-01-19 15:00:00,-15.0,85,0.0,0.0,987.4,11.6,24.1,era5
2024-01-19 16:00:00,-14.0,86,0.0,0.0,986.6,13.2,27.0,era5
2024-01-19 17:00:00,-14.3,85,0.0,0.0,986.9,12.3,26.6,era5
2024-01-19 18:00:00,-14.4,85,0.0,0.0,987.1,11.2,24.8,era5
2024-01-19 19:00:00,-14.7,84,0.0,0.0,987.3,10.0,22.0,era5
2024-01-19 20:00:00,-14.1,85,0.0,0.0,987.7,10.5,20.5,era5
2024-01-19 21:00:00,-13.1,85,0.0,0.0,988.1,12.1,23.8,era5
2024-01-19 22:00:00,-12.6,85,0.0,0.0,988.4,13.2,26.3,era5
2024-01-19 23:00:00,-12.4,85,0.0,0.0,989.0,13.7,27.0,era5
2024-01-20 00:00:00,-12.1,84,0.0,0.0,989.9,15.0,30.2,era5
2024-01-20 01:00:00,-12.6,85,0.0,0.0,990.8,15.8,32.4,era5
2024-01-20 02:00:00,-13.1,86,0.0,0.0,991.5,15.6,32.0,era5
2024-01-20 03:00:00,-13.3,85,0.0,0.0,992.4,15.5,31.7,era5
2024-01-20 04:00:00,-12.7,86,0.0,0.0,993.0,16.4,33.8,era5
2024-01-20 05:00:00,-12.3,86,0.0,0.0,993.9,16.0,32.4,era5
2024-01-20 06:00:00,-11.8,86,0.0,0.0,994.7,16.0,32.8,era5
2024-01-20 07:00:00,-11.3,84,0.0,0.0,995.6,14.1,31.7,era5
2024-01-20 08:00:00,-11.7,84,0.0,0.0,996.6,12.0,28.4,era5
2024-01-20 09:00:00,-12.2,83,0.0,0.0,997.7,11.2,23.4,era5
2024-01-20 10:00:00,-12.3,82,0.0,0.0,999.2,10.9,21.2,era5
2024-01-20 11:00:00,-12.6,82,0.0,0.0,1000.5,10.9,20.5,era5
2024-01-20 12:00:00,-12.8,83,0.0,0.0,1001.7,11.2,20.5,era5
2024-01-20 13:00:00,-12.5,83,0.0,0.0,1002.8,11.5,21.6,era5
2024-01-20 14:00:00,-12.3,81,0.0,0.0,1003.9,11.5,22.0,era5
2024-01-20 15:00:00,-12.6,81,0.0,0.0,1004.9,10.5,21.2,era5
2024-01-20 16:00:00,-12.6,82,0.0,0.0,1006.0,12.1,25.9,era5
2024-01-20 17:00:00,-13.0,78,0.0,0.0,1007.0,10.3,22.3,era5
2024-01-20 18:00:00,-13.7,73,0.0,0.0,1007.9,7.2,18.4,era5
2024-01-20 19:00:00,-16.9,72,0.0,0.0,1008.6,10.0,15.5,era5
2024-01-20 20:00:00,-13.0,59,0.0,0.0,1009.4,6.3,14.4,era5
2024-01-20 21:00:00,-13.1,59,0.0,0.0,1010.1,5.0,10.1,era5
2024-01-20 22:00:00,-13.9,62,0.0,0.0,1010.8,3.9,8.3,era5
2024-01-20 23:00:00,-14.7,65,0.0,0.0,1011.6,2.6,6.8,era5
2024-01-21 00:00:00,-15.4,68,0.0,0.0,1011.9,3.6,5.4,era5
2024-01-21 01:00:00,-20.1,81,0.0,0.0,1012.2,9.6,12.2,era5
2024-01-21 02:00:00,-21.9,89,0.0,0.0,1012.3,9.4,15.5,era5
2024-01-21 03:00:00,-20.0,83,0.0,0.0,1012.6,8.8,14.0,era5
2024-01-21 04:00:00,-19.9,78,0.0,0.0,1012.8,10.7,17.3,era5
2024-01-21 05:00:00,-20.3,75,0.0,0.0,1013.0,10.9,19.1,era5
2024-01-21 06:00:00,-20.4,77,0.0,0.0,1013.3,10.9,20.2,era5
2024-01-21 07:00:00,-20.3,78,0.0,0.0,1013.3,11.5,22.0,era5
2024-01-21 08:00:00,-20.3,81,0.0,0.0,1013.5,10.5,23.0,era5
2024-01-21 09:00:00,-20.4,81,0.0,0.0,1013.5,9.0,20.2,era5
2024-01-21 10:00:00,-20.3,81,0.0,0.0,1013.7,7.9,16.9,era5
2024-01-21 11:00:00,-19.0,82,0.0,0.0,1013.7,6.8,15.8,era5
2024-01-21 12:00:00,-17.8,81,0.0,0.0,1013.5,8.0,14.4,era5
2024-01-21 13:00:00,-17.2,82,0.0,0.0,1013.2,8.0,14.8,era5
2024-01-21 14:00:00,-16.2,83,0.0,0.0,1012.8,8.0,16.2,era5
2024-01-21 15:00:00,-15.5,85,0.0,0.0,1012.3,8.5,16.9,era5
2024-01-21 16:00:00,-17.8,81,0.0,0.0,1012.6,7.7,14.8,era5
2024-01-21 17:00:00,-17.2,83,0.0,0.0,1012.1,9.0,15.1,era5
2024-01-21 18:00:00,-16.5,83,0.1,0.07,1011.8,9.3,16.6,era5
2024-01-21 19:00:00,-15.5,84,0.1,0.07,1011.0,8.7,16.9,era5
2024-01-21 20:00:00,-14.5,86,0.0,0.0,1010.3,8.4,16.2,era5
2024-01-21 21:00:00,-13.6,86,0.0,0.0,1009.5,7.6,16.9,era5
2024-01-21 22:00:00,-12.5,88,0.1,0.07,1008.5,7.8,15.1,era5
2024-01-21 23:00:00,-11.3,89,0.1,0.07,1007.9,8.6,16.9,era5
2024-01-22 00:00:00,-10.3,90,0.2,0.14,1007.3,10.2,20.2,era5
2024-01-22 01:00:00,-9.2,91,0.2,0.14,1006.3,11.5,22.7,era5
2024-01-22 02:00:00,-8.0,91,0.2,0.07,1005.3,12.8,25.6,era5
2024-01-22 03:00:00,-7.5,90,0.5,0.35,1004.3,13.8,28.8,era5
2024-01-22 04:00:00,-10.2,90,0.6,0.42,1004.6,12.3,24.8,era5
2024-01-22 05:00:00,-9.6,89,0.5,0.35,1003.5,13.8,28.1,era5
2024-01-22 06:00:00,-9.1,89,0.5,0.35,1002.6,14.0,29.5,era5
2024-01-22 07:00:00,-8.6,90,0.5,0.35,1001.5,13.4,29.2,era5
2024-01-22 08:00:00,-8.1,91,0.3,0.21,1000.3,13.4,27.7,era5
2024-01-22 09:00:00,-7.7,92,0.1,0.07,999.5,13.2,27.4,era5
2024-01-22 10:00:00,-7.1,91,0.1,0.07,999.1,12.9,26.6,era5
2024-01-22 11:00:00,-6.4,91,0.2,0.14,998.6,13.2,27.0,era5
2024-01-22 12:00:00,-5.7,92,0.2,0.14,997.7,13.5,27.7,era5
2024-01-22 13:00:00,-4.9,93,0.1,0.07,996.7,13.4,27.7,era5
2024-01-22 14:00:00,-4.1,95,0.1,0.07,995.9,13.6,27.7,era5
2024-01-22 15:00:00,-3.6,96,0.0,0.0,994.9,13.4,27.7,era5
2024-01-22 16:00:00,-4.1,95,0.3,0.21,994.2,13.1,27.0,era5
2024-01-22 17:00:00,-3.5,96,0.2,0.14,992.9,13.8,27.7,era5
2024-01-22 18:00:00,-3.1,95,0.1,0.07,992.0,15.6,31.7,era5
2024-01-22 19:00:00,-2.9,95,0.1,0.07,990.6,16.9,35.3,era5
2024-01-22 20:00:00,-2.8,94,0.1,0.07,989.6,17.5,36.7,era5
2024-01-22 21:00:00,-2.9,94,0.3,0.21,988.3,19.1,40.7,era5
2024-01-22 22:00:00,-2.9,93,0.4,0.28,987.4,20.3,43.6,era5
2024-01-22 23:00:00,-3.1,93,0.5,0.35,986.4,20.6,44.3,era5
2024-01-23 00:00:00,-3.3,92,0.9,0.63,985.2,20.8,45.0,era5
2024-01-23 01:00:00,-3.6,92,1.1,0.77,984.3,20.9,44.3,era5
2024-01-23 02:00:00,-3.8,92,1.1,0.77,983.8,20.8,44.6,era5
2024-01-23 03:00:00,-3.9,91,0.9,0.63,982.9,20.7,44.6,era5
2024-01-23 04:00:00,-3.9,92,0.7,0.49,981.8,19.2,41.0,era5
2024-01-23 05:00:00,-3.9,92,0.3,0.21,981.1,18.0,40.3,era5
2024-01-23 06:00:00,-3.8,91,0.3,0.21,980.6,17.4,38.2,era5
2024-01-23 07:00:00,-3.6,91,0.3,0.21,980.4,17.4,36.4,era5
2024-01-23 08:00:00,-3.4,92,0.6,0.42,980.1,17.4,36.4,era5
2024-01-23 09:00:00,-3.1,92,0.4,0.28,979.9,17.6,36.4,era5
2024-01-23 10:00:00,-2.7,93,0.2,0.14,980.1,16.3,36.4,era5
2024-01-23 11:00:00,-2.0,94,0.2,0.14,980.3,15.3,33.5,era5
2024-01-23 12:00:00,-1.3,94,0.1,0.07,980.3,14.5,31.3,era5
2024-01-23 13:00:00,-0.7,94,0.2,0.14,980.2,14.2,30.2,era5
2024-01-23 14:00:00,-0.3,95,0.1,0.07,980.4,13.1,29.5,era5
2024-01-23 15:00:00,-0.1,97,0.2,0.14,980.5,12.9,27.4,era5
2024-01-23 16:00:00,-0.4,98,0.5,0.35,980.1,12.1,24.8,era5
2024-01-23 17:00:00,0.1,99,0.5,0.35,980.4,11.2,24.5,era5
2024-01-23 18:00:00,0.4,99,0.2,0.14,980.7,10.6,22.7,era5
2024-01-23 19:00:00,0.7,99,0.1,0.14,980.9,10.0,21.2,era5
2024-01-23 20:00:00,0.7,100,0.1,0.07,981.2,10.1,19.8,era5
2024-01-23 21:00:00,0.8,99,0.1,0.07,981.6,10.0,20.5,era5
2024-01-23 22:00:00,0.9,99,0.3,0.21,982.2,9.3,20.5,era5
2024-01-23 23:00:00,1.0,98,0.3,0.21,983.0,8.4,18.7,era5
2024-01-24 00:00:00,1.0,97,0.1,0.07,983.6,6.6,16.6,era5
2024-01-24 01:00:00,0.8,96,0.0,0.0,984.4,7.0,13.0,era5
2024-01-24 02:00:00,0.5,92,0.0,0.0,985.3,9.7,19.1,era5
2024-01-24 03:00:00,-0.4,90,0.2,0.14,985.8,10.7,23.0,era5
2024-01-24 04:00:00,-1.9,90,0.1,0.07,986.0,9.7,20.2,era5
2024-01-24 05:00:00,-2.8,92,0.1,0.07,986.4,8.5,20.2,era5
2024-01-24 06:00:00,-2.7,91,0.1,0.07,987.3,8.6,17.6,era5
2024-01-24 07:00:00,-2.8,91,0.1,0.07,987.3,7.9,17.6,era5
2024-01-24 08:00:00,-3.4,93,0.0,0.0,988.0,7.9,15.8,era5
2024-01-24 09:00:00,-3.4,93,0.0,0.0,988.6,9.2,17.3,era5
2024-01-24 10:00:00,-1.7,89,0.0,0.0,989.0,11.9,23.8,era5
2024-01-24 11:00:00,-1.6,88,0.0,0.0,989.5,11.9,24.5,era5
2024-01-24 12:00:00,-2.7,91,0.0,0.0,990.1,12.5,24.8,era5
2024-01-24 13:00:00,-3.1,90,0.0,0.0,990.5,13.7,27.4,era5
2024-01-24 14:00:00,-3.7,90,0.0,0.0,991.1,12.3,27.4,era5
2024-01-24 15:00:00,-4.5,92,0.0,0.0,991.8,11.9,24.8,era5
2024-01-24 16:00:00,-5.1,92,0.0,0.0,992.4,11.5,24.8,era5
2024-01-24 17:00:00,-5.6,91,0.0,0.0,993.4,11.0,22.0,era5
2024-01-24 18:00:00,-5.8,91,0.0,0.0,994.1,12.6,23.4,era5
2024-01-24 19:00:00,-5.9,91,0.0,0.0,994.6,14.4,27.7,era5
2024-01-24 20:00:00,-6.0,91,0.0,0.0,994.9,14.5,29.2,era5
2024-01-24 21:00:00,-5.8,91,0.0,0.0,995.7,13.9,28.8,era5
2024-01-24 22:00:00,-6.0,91,0.0,0.0,996.1,13.9,28.1,era5
2024-01-24 23:00:00,-6.2,90,0.0,0.0,996.9,15.0,29.5,era5
2024-01-25 00:00:00,-6.4,90,0.0,0.0,997.6,15.5,30.6,era5
2024-01-25 01:00:00,-6.6,90,0.0,0.0,998.3,15.8,31.7,era5
2024-01-25 02:00:00,-6.8,90,0.0,0.0,998.9,15.3,31.3,era5
2024-01-25 03:00:00,-6.8,90,0.0,0.0,999.6,14.2,30.2,era5
2024-01-25 04:00:00,-6.2,91,0.0,0.0,1000.2,15.0,31.0,era5
2024-01-25 05:00:00,-6.6,90,0.0,0.0,1001.0,15.4,30.6,era5
2024-01-25 06:00:00,-6.7,90,0.0,0.0,1001.9,16.6,32.4,era5
2024-01-25 07:00:00,-6.8,90,0.0,0.0,1002.6,16.7,33.8,era5
2024-01-25 08:00:00,-6.7,90,0.0,0.0,1003.4,15.9,33.8,era5
2024-01-25 09:00:00,-6.4,88,0.0,0.0,1004.0,15.5,32.0,era5
2024-01-25 10:00:00,-5.5,84,0.0,0.0,1005.1,16.1,33.1,era5
2024-01-25 11:00:00,-5.4,85,0.0,0.0,1005.8,16.6,33.8,era5
2024-01-25 12:00:00,-5.9,88,0.0,0.0,1006.6,16.5,33.8,era5
2024-01-25 13:00:00,-5.8,88,0.0,0.0,1007.1,16.2,33.5,era5
2024-01-25 14:00:00,-5.8,89,0.0,0.0,1007.8,15.7,33.1,era5
2024-01-25 15:00:00,-6.4,91,0.0,0.0,1008.7,15.3,32.0,era5
2024-01-25 16:00:00,-5.9,92,0.0,0.0,1009.3,16.8,34.2,era5
2024-01-25 17:00:00,-5.9,92,0.0,0.0,1010.1,16.8,34.2,era5
2024-01-25 18:00:00,-6.0,92,0.0,0.0,1010.8,15.3,33.5,era5
2024-01-25 19:00:00,-6.2,92,0.0,0.0,1011.4,14.5,31.0,era5
2024-01-25 20:00:00,-6.3,92,0.0,0.0,1011.9,15.4,31.0,era5
2024-01-25 21:00:00,-6.5,92,0.0,0.0,1012.5,16.0,32.0,era5
2024-01-25 22:00:00,-6.3,92,0.0,0.0,1013.2,15.6,32.0,era5
2024-01-25 23:00:00,-6.2,92,0.0,0.0,1013.8,15.3,31.3,era5
2024-01-26 00:00:00,-6.1,92,0.0,0.0,1014.2,14.9,31.0,era5
2024-01-26 01:00:00,-6.3,92,0.0,0.0,1014.2,14.3,30.2,era5
2024-01-26 02:00:00,-6.6,92,0.0,0.0,1014.6,14.1,29.2,era5
2024-01-26 03:00:00,-6.9,93,0.0,0.0,1014.8,12.5,28.1,era5
2024-01-26 04:00:00,-6.4,93,0.0,0.0,1015.2,11.3,25.9,era5
2024-01-26 05:00:00,-6.3,92,0.0,0.0,1015.5,11.4,22.3,era5
2024-01-26 06:00:00,-6.4,92,0.0,0.0,1015.4,11.7,22.7,era5
2024-01-26 07:00:00,-6.7,92,0.0,0.0,1015.4,11.5,22.7,era5
2024-01-26 08:00:00,-6.9,92,0.0,0.0,1015.6,11.7,22.7,era5
2024-01-26 09:00:00,-6.7,92,0.0,0.0,1015.9,11.0,22.7,era5
2024-01-26 10:00:00,-6.4,93,0.0,0.0,1015.7,10.1,21.6,era5
2024-01-26 11:00:00,-6.5,93,0.0,0.0,1015.4,8.7,20.2,era5
2024-01-26 12:00:00,-7.0,92,0.0,0.0,1015.3,6.9,16.9,era5
2024-01-26 13:00:00,-6.7,93,0.0,0.0,1014.9,6.2,14.0,era5
2024-01-26 14:00:00,-6.1,92,0.0,0.0,1014.6,4.5,12.6,era5
2024-01-26 15:00:00,-6.5,93,0.0,0.0,1014.2,4.5,9.7,era5
2024-01-26 16:00:00,-5.7,94,0.0,0.0,1013.6,2.6,10.1,era5
2024-01-26 17:00:00,-5.6,94,0.0,0.0,1013.4,1.3,3.2,era5
2024-01-26 18:00:00,-5.8,94,0.0,0.0,1012.9,3.9,6.5,era5
2024-01-26 19:00:00,-6.4,94,0.0,0.0,1012.5,6.5,13.3,era5
2024-01-26 20:00:00,-7.4,93,0.0,0.0,1012.4,6.5,15.1,era5
2024-01-26 21:00:00,-8.1,93,0.0,0.0,1012.3,6.6,14.8,era5
2024-01-26 22:00:00,-8.3,92,0.0,0.0,1012.0,7.8,16.2,era5
2024-01-26 23:00:00,-8.4,92,0.2,0.14,1011.8,8.8,18.4,era5
2024-01-27 00:00:00,-8.7,93,0.2,0.14,1011.8,9.8,20.2,era5
2024-01-27 01:00:00,-8.7,92,0.3,0.21,1011.2,10.7,21.2,era5
2024-01-27 02:00:00,-9.0,92,0.2,0.14,1010.9,10.8,21.2,era5
2024-01-27 03:00:00,-9.0,92,0.1,0.07,1010.5,11.8,21.6,era5
2024-01-27 04:00:00,-8.4,93,0.1,0.07,1010.1,11.3,23.8,era5
2024-01-27 05:00:00,-8.1,93,0.1,0.07,1009.6,11.1,23.4,era5
2024-01-27 06:00:00,-7.7,93,0.2,0.14,1008.8,14.6,25.2,era5
2024-01-27 07:00:00,-7.4,93,0.2,0.14,1008.0,17.7,29.2,era5
2024-01-27 08:00:00,-7.4,93,0.1,0.07,1007.4,19.8,35.3,era5
2024-01-27 09:00:00,-7.2,93,0.3,0.21,1006.7,19.1,41.0,era5
2024-01-27 10:00:00,-7.2,90,0.4,0.28,1006.3,19.1,42.5,era5
2024-01-27 11:00:00,-7.3,89,0.4,0.28,1005.8,19.2,41.8,era5
2024-01-27 12:00:00,-7.5,89,0.2,0.14,1005.6,17.9,41.4,era5
2024-01-27 13:00:00,-7.1,89,0.1,0.07,1005.7,15.7,38.9,era5
2024-01-27 14:00:00,-6.4,87,0.0,0.0,1005.3,14.8,33.5,era5
2024-01-27 15:00:00,-6.0,88,0.0,0.0,1005.3,13.3,31.0,era5
2024-01-27 16:00:00,-5.6,90,0.0,0.0,1006.1,13.5,28.4,era5
2024-01-27 17:00:00,-5.0,90,0.0,0.0,1006.3,14.6,30.6,era5
2024-01-27 18:00:00,-4.7,91,0.0,0.0,1006.1,15.8,32.4,era5
2024-01-27 19:00:00,-4.4,91,0.0,0.0,1005.2,19.2,40.0,era5
2024-01-27 20:00:00,-4.4,91,0.1,0.07,1004.3,20.7,47.2,era5
2024-01-27 21:00:00,-5.0,93,0.0,0.0,1003.9,18.0,43.6,era5
2024-01-27 22:00:00,-3.9,90,0.0,0.0,1004.1,17.0,38.5,era5
2024-01-27 23:00:00,-2.5,88,0.0,0.0,1003.7,17.3,36.4,era5
2024-01-28 00:00:00,-1.9,87,0.0,0.0,1003.3,18.7,40.0,era5
2024-01-28 01:00:00,-1.9,87,0.0,0.0,1003.3,19.1,40.3,era5
2024-01-28 02:00:00,-2.5,88,0.0,0.0,1002.8,18.1,40.0,era5
2024-01-28 03:00:00,-2.7,87,0.0,0.0,1002.1,19.9,41.8,era5
2024-01-28 04:00:00,-2.8,84,0.0,0.0,1002.3,18.0,39.6,era5
2024-01-28 05:00:00,-2.2,84,0.0,0.0,1002.3,17.1,39.2,era5
2024-01-28 06:00:00,-1.3,84,0.0,0.0,1002.6,16.3,36.4,era5
2024-01-28 07:00:00,-1.5,86,0.0,0.0,1002.7,15.8,34.6,era5
2024-01-28 08:00:00,-1.5,87,0.0,0.0,1002.5,15.8,33.5,era5
2024-01-28 09:00:00,-1.3,86,0.0,0.0,1002.7,16.4,33.5,era5
2024-01-28 10:00:00,-1.1,86,0.0,0.0,1003.3,15.1,33.5,era5
2024-01-28 11:00:00,-1.1,86,0.0,0.0,1003.9,12.7,31.3,era5
2024-01-28 12:00:00,-1.1,85,0.0,0.0,1004.7,11.6,26.3,era5
2024-01-28 13:00:00,-1.0,84,0.0,0.0,1005.5,11.5,23.8,era5
2024-01-28 14:00:00,-1.3,84,0.0,0.0,1006.2,10.7,23.8,era5
2024-01-28 15:00:00,-1.9,84,0.0,0.0,1007.3,9.9,21.6,era5
2024-01-28 16:00:00,-1.9,89,0.1,0.07,1008.5,9.8,20.9,era5
2024-01-28 17:00:00,-2.4,87,0.0,0.0,1008.7,9.5,17.3,era5
2024-01-28 18:00:00,-3.2,88,0.0,0.0,1009.1,10.8,17.6,era5
2024-01-28 19:00:00,-3.4,89,0.0,0.0,1009.1,11.1,18.7,era5
2024-01-28 20:00:00,-3.5,90,0.0,0.0,1008.9,10.4,18.7,era5
2024-01-28 21:00:00,-3.3,94,0.0,0.0,1008.8,12.5,23.8,era5
2024-01-28 22:00:00,-2.7,95,0.0,0.0,1008.2,13.8,28.1,era5
2024-01-28 23:00:00,-2.1,94,0.0,0.0,1007.3,15.0,30.6,era5
2024-01-29 00:00:00,-1.2,94,0.2,0.14,1006.0,16.8,34.9,era5
2024-01-29 01:00:00,-0.4,95,0.3,0.21,1004.7,19.1,40.3,era5
2024-01-29 02:00:00,0.0,94,0.4,0.28,1003.6,19.1,41.0,era5
2024-01-29 03:00:00,0.3,93,0.2,0.14,1002.3,20.2,43.2,era5
2024-01-29 04:00:00,-0.0,92,0.1,0.07,1002.0,18.1,40.3,era5
2024-01-29 05:00:00,-0.2,93,0.3,0.21,1000.5,19.8,41.8,era5
2024-01-29 06:00:00,-0.1,93,0.3,0.21,999.5,19.4,42.5,era5
2024-01-29 07:00:00,0.4,93,0.0,0.0,998.2,20.2,43.2,era5
2024-01-29 08:00:00,0.8,93,0.0,0.0,996.7,21.3,45.0,era5
2024-01-29 09:00:00,1.0,93,0.0,0.0,995.4,21.6,48.2,era5
2024-01-29 10:00:00,1.2,92,0.0,0.0,994.6,21.3,46.4,era5
2024-01-29 11:00:00,1.6,90,0.0,0.0,993.8,20.2,45.4,era5
2024-01-29 12:00:00,1.8,89,0.0,0.0,993.2,19.1,43.2,era5
2024-01-29 13:00:00,1.8,88,0.0,0.0,992.2,18.0,41.0,era5
2024-01-29 14:00:00,1.9,87,0.1,0.0,991.3,18.2,38.9,era5
2024-01-29 15:00:00,2.2,84,0.0,0.0,990.9,16.3,39.2,era5
2024-01-29 16:00:00,1.8,88,0.1,0.07,990.4,13.0,37.4,era5
2024-01-29 17:00:00,2.5,83,0.0,0.0,990.1,18.9,38.5,era5
2024-01-29 18:00:00,2.5,76,0.0,0.0,990.5,22.1,47.2,era5
2024-01-29 19:00:00,2.6,70,0.0,0.0,990.6,23.8,50.8,era5
2024-01-29 20:00:00,2.7,64,0.0,0.0,990.8,23.9,51.1,era5
2024-01-29 21:00:00,2.8,61,0.0,0.0,990.8,24.1,51.5,era5
2024-01-29 22:00:00,2.1,65,0.0,0.0,991.5,21.3,50.4,era5
2024-01-29 23:00:00,1.5,68,0.0,0.0,992.5,17.7,45.4,era5
2024-01-30 00:00:00,1.0,70,0.0,0.0,993.5,18.4,37.8,era5
2024-01-30 01:00:00,1.1,68,0.0,0.0,994.1,21.4,46.4,era5
2024-01-30 02:00:00,1.0,63,0.0,0.0,995.3,25.8,57.2,era5
2024-01-30 03:00:00,0.2,65,0.0,0.0,996.3,22.6,56.9,era5
2024-01-30 04:00:00,-0.4,69,0.0,0.0,996.6,21.3,47.2,era5
2024-01-30 05:00:00,-0.1,70,0.0,0.0,997.3,19.9,46.4,era5
2024-01-30 06:00:00,0.2,69,0.0,0.0,998.5,22.5,47.2,era5
2024-01-30 07:00:00,-0.1,68,0.0,0.0,1000.0,21.3,47.2,era5
2024-01-30 08:00:00,0.0,66,0.0,0.0,1001.2,22.1,46.8,era5
2024-01-30 09:00:00,-0.2,66,0.0,0.0,1002.6,21.6,47.2,era5
2024-01-30 10:00:00,-0.5,65,0.0,0.0,1003.3,19.4,45.7,era5
2024-01-30 11:00:00,-1.0,68,0.0,0.0,1004.3,17.7,42.1,era5
2024-01-30 12:00:00,-0.8,69,0.0,0.0,1005.5,18.8,39.6,era5
2024-01-30 13:00:00,-0.4,69,0.0,0.0,1005.9,18.2,39.6,era5
2024-01-30 14:00:00,-0.5,72,0.0,0.0,1005.9,14.3,38.5,era5
2024-01-30 15:00:00,-0.8,76,0.0,0.0,1006.0,13.0,29.9,era5
2024-01-30 16:00:00,-0.8,83,0.0,0.0,1005.4,12.5,26.6,era5
2024-01-30 17:00:00,-0.1,85,1.1,0.77,1004.9,11.5,25.2,era5
2024-01-30 18:00:00,0.7,85,0.0,0.0,1005.0,13.0,25.2,era5
2024-01-30 19:00:00,1.2,83,0.0,0.0,1004.9,12.8,25.6,era5
2024-01-30 20:00:00,1.6,82,0.0,0.0,1004.9,14.4,29.5,era5
2024-01-30 21:00:00,1.6,81,0.0,0.0,1005.0,13.1,29.5,era5
2024-01-30 22:00:00,0.9,85,0.0,0.0,1005.6,11.7,25.9,era5
2024-01-30 23:00:00,0.4,88,0.0,0.0,1005.6,12.0,23.0,era5
2024-01-31 00:00:00,0.1,90,0.0,0.0,1005.6,14.5,27.4,era5
2024-01-31 01:00:00,0.3,90,0.0,0.0,1005.6,16.3,33.8,era5
2024-01-31 02:00:00,-0.0,91,0.0,0.0,1004.8,16.2,34.2,era5
2024-01-31 03:00:00,-0.4,90,0.0,0.0,1004.2,16.4,34.2,era5
2024-01-31 04:00:00,-0.1,86,0.0,0.0,1003.2,17.3,35.3,era5
2024-01-31 05:00:00,-0.2,82,0.0,0.0,1002.6,17.4,36.4,era5
2024-01-31 06:00:00,-0.1,78,0.0,0.0,1001.7,17.9,37.8,era5
2024-01-31 07:00:00,-0.2,72,0.0,0.0,1000.7,18.2,39.2,era5
2024-01-31 08:00:00,-0.5,71,0.0,0.0,1000.0,17.6,38.5,era5
2024-01-31 09:00:00,-0.9,75,0.0,0.0,999.5,17.0,37.8,era5
2024-01-31 10:00:00,-1.3,81,0.2,0.14,998.9,16.9,36.4,era5
2024-01-31 11:00:00,-1.4,87,0.0,0.0,998.4,17.6,37.8,era5
2024-01-31 12:00:00,-1.3,89,0.0,0.0,997.5,18.1,38.2,era5
2024-01-31 13:00:00,-0.8,87,0.0,0.0,997.0,16.3,38.2,era5
2024-01-31 14:00:00,-0.1,84,0.0,0.0,996.6,14.7,34.2,era5
2024-01-31 15:00:00,0.2,84,0.0,0.0,996.3,13.5,31.3,era5
2024-01-31 16:00:00,0.1,84,0.0,0.0,996.4,14.0,31.7,era5
2024-01-31 17:00:00,0.3,85,0.0,0.0,995.5,14.4,31.0,era5
2024-01-31 18:00:00,0.4,85,0.0,0.0,994.8,13.1,31.0,era5
2024-01-31 19:00:00,-0.1,88,0.0,0.0,994.3,13.1,28.1,era5
2024-01-31 20:00:00,-0.7,91,0.0,0.0,993.2,14.1,28.4,era5
2024-01-31 21:00:00,-1.1,92,0.0,0.0,992.4,15.9,33.1,era5
2024-01-31 22:00:00,-0.8,89,0.0,0.0,991.1,16.3,34.2,era5
2024-01-31 23:00:00,-0.8,87,0.0,0.0,989.9,16.7,34.9,era5
2024-02-01 00:00:00,-0.9,88,0.0,0.0,988.3,18.4,38.5,era5
2024-02-01 01:00:00,-1.1,93,0.0,0.0,986.1,21.3,43.9,era5
2024-02-01 02:00:00,-1.1,97,0.0,0.0,983.9,22.2,49.7,era5
2024-02-01 03:00:00,-0.4,99,0.1,0.0,981.0,23.6,49.3,era5
2024-02-01 04:00:00,0.9,97,0.1,0.0,977.9,25.4,54.4,era5
2024-02-01 05:00:00,1.5,95,0.1,0.0,975.9,24.6,54.4,era5
2024-02-01 06:00:00,1.7,93,0.1,0.0,973.9,24.2,53.3,era5
2024-02-01 07:00:00,1.4,95,0.6,0.35,971.8,23.9,52.9,era5
2024-02-01 08:00:00,1.1,96,1.1,0.77,970.2,23.9,51.8,era5
2024-02-01 09:00:00,0.9,95,1.2,0.84,969.0,23.9,51.8,era5
2024-02-01 10:00:00,0.8,94,1.0,0.7,967.8,23.9,51.8,era5
2024-02-01 11:00:00,0.7,93,0.6,0.42,967.0,22.4,51.1,era5
2024-02-01 12:00:00,0.7,91,0.3,0.21,965.8,21.1,48.2,era5
2024-02-01 13:00:00,0.8,89,0.1,0.07,964.7,21.8,47.2,era5
2024-02-01 14:00:00,0.8,88,0.1,0.07,963.7,22.6,48.6,era5
2024-02-01 15:00:00,0.8,88,0.0,0.0,962.8,22.6,49.3,era5
2024-02-01 16:00:00,0.4,89,0.3,0.21,962.6,26.2,56.9,era5
2024-02-01 17:00:00,0.4,90,0.1,0.07,961.7,25.1,56.9,era5
2024-02-01 18:00:00,0.6,90,0.1,0.07,961.2,24.6,54.7,era5
2024-02-01 19:00:00,0.8,90,0.3,0.21,960.9,22.5,52.6,era5
2024-02-01 20:00:00,1.0,90,0.2,0.14,961.3,20.2,47.9,era5
2024-02-01 21:00:00,1.2,86,0.1,0.07,962.1,18.5,42.5,era5
2024-02-01 22:00:00,1.1,82,0.0,0.0,963.1,16.8,38.9,era5
2024-02-01 23:00:00,0.8,83,0.0,0.0,964.4,14.0,35.3,era5
2024-02-02 00:00:00,0.1,87,0.0,0.0,965.9,12.2,28.8,era5
2024-02-02 01:00:00,-0.1,90,0.1,0.0,967.4,9.1,24.1,era5
2024-02-02 02:00:00,-0.6,93,0.5,0.35,969.2,7.0,18.0,era5
2024-02-02 03:00:00,0.4,86,0.3,0.21,971.1,15.1,29.5,era5
2024-02-02 04:00:00,0.7,79,0.0,0.0,972.9,21.6,46.4,era5
2024-02-02 05:00:00,-0.3,77,0.0,0.0,975.1,20.8,46.4,era5
2024-02-02 06:00:00,-0.8,78,0.1,0.07,977.1,21.3,46.4,era5
2024-02-02 07:00:00,-1.2,80,0.2,0.14,978.8,20.5,46.1,era5
2024-02-02 08:00:00,-1.4,80,0.2,0.14,980.5,20.4,45.4,era5
2024-02-02 09:00:00,-1.9,78,0.1,0.07,982.0,20.0,45.4,era5
2024-02-02 10:00:00,-2.3,74,0.0,0.0,983.6,20.3,43.9,era5
2024-02-02 11:00:00,-3.1,74,0.0,0.0,985.2,18.5,43.2,era5
2024-02-02 12:00:00,-3.5,75,0.0,0.0,986.2,17.1,39.6,era5
2024-02-02 13:00:00,-4.0,75,0.0,0.0,987.2,16.4,36.4,era5
2024-02-02 14:00:00,-4.5,75,0.0,0.0,988.0,15.0,34.2,era5
2024-02-02 15:00:00,-5.1,76,0.0,0.0,988.6,13.4,31.3,era5
2024-02-02 16:00:00,-6.6,81,0.0,0.0,989.1,11.6,28.4,era5
2024-02-02 17:00:00,-8.1,85,0.0,0.0,989.4,10.3,22.3,era5
2024-02-02 18:00:00,-8.6,81,0.0,0.0,989.3,8.1,19.1,era5
2024-02-02 19:00:00,-10.4,83,0.0,0.0,989.2,8.0,13.3,era5
2024-02-02 20:00:00,-9.0,81,0.0,0.0,989.2,3.4,10.8,era5
2024-02-02 21:00:00,-9.8,85,0.0,0.0,989.1,3.9,8.3,era5
2024-02-02 22:00:00,-10.6,81,0.0,0.0,988.4,9.3,11.5,era5
2024-02-02 23:00:00,-14.7,92,0.0,0.0,987.8,9.7,16.6,era5
2024-02-03 00:00:00,-11.7,89,0.0,0.0,987.0,11.0,18.7,era5
2024-02-03 01:00:00,-11.4,81,0.0,0.0,986.3,10.3,19.1,era5
2024-02-03 02:00:00,-10.9,80,0.0,0.0,985.8,11.2,20.9,era5
2024-02-03 03:00:00,-10.6,85,0.0,0.0,985.4,13.3,26.6,era5
2024-02-03 04:00:00,-9.8,89,0.0,0.0,984.6,12.8,27.0,era5
2024-02-03 05:00:00,-8.9,89,0.1,0.07,984.0,14.8,30.2,era5
2024-02-03 06:00:00,-7.9,90,0.1,0.07,983.2,16.3,33.8,era5
2024-02-03 07:00:00,-7.2,91,0.0,0.0,982.6,16.9,34.9,era5
2024-02-03 08:00:00,-6.8,92,0.0,0.0,982.0,17.6,36.0,era5
2024-02-03 09:00:00,-6.6,92,0.0,0.0,981.5,18.3,37.4,era5
2024-02-03 10:00:00,-6.8,91,0.0,0.0,980.8,18.5,38.5,era5
2024-02-03 11:00:00,-6.6,90,0.0,0.0,980.3,18.7,39.6,era5
2024-02-03 12:00:00,-5.8,86,0.0,0.0,979.5,20.1,42.5,era5
2024-02-03 13:00:00,-5.1,85,0.0,0.0,978.8,21.3,46.1,era5
2024-02-03 14:00:00,-4.9,84,0.1,0.07,978.2,21.7,47.9,era5
2024-02-03 15:00:00,-5.0,85,0.3,0.21,977.8,23.3,49.3,era5
2024-02-03 16:00:00,-4.6,86,0.2,0.14,976.3,25.3,53.6,era5
2024-02-03 17:00:00,-4.5,87,0.4,0.28,975.7,25.5,54.4,era5
2024-02-03 18:00:00,-4.4,89,0.7,0.49,975.4,25.3,54.0,era5
2024-02-03 19:00:00,-4.3,90,1.0,0.7,974.8,25.0,53.6,era5
2024-02-03 20:00:00,-4.4,90,1.0,0.7,974.9,23.9,52.9,era5
2024-02-03 21:00:00,-4.5,91,1.0,0.7,974.6,23.0,50.8,era5
2024-02-03 22:00:00,-4.5,90,0.8,0.56,974.5,22.0,48.6,era5
2024-02-03 23:00:00,-4.5,91,0.9,0.63,974.9,20.6,46.4,era5
2024-02-04 00:00:00,-4.6,91,0.5,0.35,975.2,18.6,42.8,era5
2024-02-04 01:00:00,-4.6,91,0.2,0.14,975.3,17.7,38.9,era5
2024-02-04 02:00:00,-4.5,91,0.0,0.0,975.5,17.1,36.7,era5
2024-02-04 03:00:00,-4.5,92,0.0,0.0,976.0,16.7,36.0,era5
2024-02-04 04:00:00,-4.9,92,0.0,0.0,976.3,14.6,32.0,era5
2024-02-04 05:00:00,-4.9,93,0.0,0.0,977.0,13.9,29.9,era5
2024-02-04 06:00:00,-4.7,94,0.0,0.0,977.8,13.8,29.2,era5
2024-02-04 07:00:00,-4.6,93,0.0,0.0,978.3,13.6,28.4,era5
2024-02-04 08:00:00,-4.4,92,0.0,0.0,978.9,14.1,29.2,era5
2024-02-04 09:00:00,-4.3,92,0.0,0.0,979.4,15.1,31.3,era5
2024-02-04 10:00:00,-4.3,92,0.0,0.0,980.0,15.4,32.4,era5
2024-02-04 11:00:00,-4.4,92,0.0,0.0,980.8,15.4,33.8,era5
2024-02-04 12:00:00,-4.5,91,0.0,0.0,981.4,13.2,31.7,era5
2024-02-04 13:00:00,-4.7,91,0.0,0.0,982.0,12.7,28.1,era5
2024-02-04 14:00:00,-4.8,90,0.0,0.0,982.7,13.9,29.5,era5
2024-02-04 15:00:00,-4.9,90,0.0,0.0,983.6,13.5,29.5,era5
2024-02-04 16:00:00,-5.2,87,0.0,0.0,984.5,15.8,33.1,era5
2024-02-04 17:00:00,-5.5,87,0.0,0.0,985.2,14.4,33.5,era5
2024-02-04 18:00:00,-5.8,87,0.0,0.0,985.9,14.9,32.0,era5
2024-02-04 19:00:00,-6.1,86,0.0,0.0,986.5,15.2,32.8,era5
2024-02-04 20:00:00,-6.3,86,0.0,0.0,987.0,15.2,33.1,era5
2024-02-04 21:00:00,-6.5,86,0.0,0.0,987.7,15.5,33.1,era5
2024-02-04 22:00:00,-6.6,85,0.0,0.0,988.2,16.0,34.2,era5
2024-02-04 23:00:00,-6.8,84,0.0,0.0,988.9,15.4,34.2,era5
2024-02-05 00:00:00,-7.0,84,0.0,0.0,989.4,15.6,33.5,era5
2024-02-05 01:00:00,-7.2,83,0.0,0.0,990.0,15.1,33.1,era5
2024-02-05 02:00:00,-7.4,83,0.0,0.0,990.6,14.8,32.8,era5
2024-02-05 03:00:00,-7.3,82,0.0,0.0,991.1,14.4,31.7,era5
2024-02-05 04:00:00,-7.2,83,0.0,0.0,991.1,13.8,30.2,era5
2024-02-05 05:00:00,-7.1,82,0.0,0.0,991.6,13.7,29.2,era5
2024-02-05 06:00:00,-7.1,82,0.0,0.0,992.4,13.8,29.2,era5
2024-02-05 07:00:00,-7.2,81,0.0,0.0,993.0,13.6,29.2,era5
2024-02-05 08:00:00,-7.5,82,0.0,0.0,993.8,13.9,29.9,era5
2024-02-05 09:00:00,-7.8,81,0.0,0.0,994.5,14.3,30.6,era5
2024-02-05 10:00:00,-8.5,83,0.0,0.0,995.2,14.3,30.6,era5
2024-02-05 11:00:00,-9.5,84,0.0,0.0,995.9,13.4,29.5,era5
2024-02-05 12:00:00,-10.0,83,0.0,0.0,996.4,12.1,27.4,era5
2024-02-05 13:00:00,-10.1,82,0.0,0.0,997.0,9.7,25.2,era5
2024-02-05 14:00:00,-10.2,82,0.0,0.0,997.5,7.6,20.5,era5
2024-02-05 15:00:00,-10.5,84,0.0,0.0,998.0,4.4,15.8,era5
2024-02-05 16:00:00,-12.7,84,0.0,0.0,998.7,8.4,18.7,era5
2024-02-05 17:00:00,-12.7,84,0.0,0.0,999.3,8.7,16.6,era5
2024-02-05 18:00:00,-13.1,84,0.0,0.0,1000.0,8.4,16.9,era5
2024-02-05 19:00:00,-13.8,82,0.0,0.0,1000.4,8.2,15.5,era5
2024-02-05 20:00:00,-14.3,83,0.0,0.0,1000.5,9.2,15.1,era5
2024-02-05 21:00:00,-14.7,83,0.0,0.0,1000.6,10.2,16.6,era5
2024-02-05 22:00:00,-15.1,84,0.0,0.0,1000.5,10.3,16.9,era5
2024-02-05 23:00:00,-15.3,84,0.0,0.0,1000.9,10.3,17.3,era5
2024-02-06 00:00:00,-15.9,86,0.0,0.0,1001.2,9.7,17.3,era5
2024-02-06 01:00:00,-16.2,86,0.0,0.0,1001.1,9.5,16.2,era5
2024-02-06 02:00:00,-16.6,87,0.0,0.0,1001.1,8.7,16.2,era5
2024-02-06 03:00:00,-16.8,88,0.0,0.0,1001.0,8.4,14.8,era5
2024-02-06 04:00:00,-17.8,86,0.0,0.0,1001.2,8.3,15.8,era5
2024-02-06 05:00:00,-17.6,85,0.0,0.0,1001.0,8.7,15.5,era5
2024-02-06 06:00:00,-17.5,85,0.0,0.0,1001.0,8.3,14.0,era5
2024-02-06 07:00:00,-17.5,84,0.0,0.0,1000.7,7.6,14.4,era5
2024-02-06 08:00:00,-17.6,83,0.0,0.0,1000.2,6.8,14.4,era5
2024-02-06 09:00:00,-18.0,84,0.0,0.0,999.8,7.6,12.2,era5
2024-02-06 10:00:00,-20.5,86,0.0,0.0,999.6,8.9,12.2,era5
2024-02-06 11:00:00,-20.5,87,0.0,0.0,999.2,8.4,11.9,era5
2024-02-06 12:00:00,-20.2,87,0.0,0.0,998.9,7.9,11.2,era5
2024-02-06 13:00:00,-19.6,86,0.0,0.0,998.5,7.4,10.8,era5
2024-02-06 14:00:00,-19.2,85,0.0,0.0,998.3,7.0,9.7,era5
2024-02-06 15:00:00,-19.7,83,0.0,0.0,998.2,6.4,9.7,era5
2024-02-06 16:00:00,-18.5,79,0.0,0.0,997.7,6.0,10.8,era5
2024-02-06 17:00:00,-18.5,82,0.0,0.0,997.4,6.3,11.9,era5
2024-02-06 18:00:00,-18.6,83,0.0,0.0,997.2,5.4,10.8,era5
2024-02-06 19:00:00,-19.3,84,0.0,0.0,996.8,5.8,9.4,era5
2024-02-06 20:00:00,-20.4,84,0.0,0.0,996.7,8.3,10.8,era5
2024-02-06 21:00:00,-20.0,86,0.0,0.0,996.6,8.2,10.4,era5
2024-02-06 22:00:00,-19.5,85,0.0,0.0,996.7,7.1,10.4,era5
2024-02-06 23:00:00,-19.5,84,0.0,0.0,996.8,5.8,9.7,era5
2024-02-07 00:00:00,-19.7,88,0.0,0.0,996.9,4.8,7.9,era5
2024-02-07 01:00:00,-19.9,87,0.0,0.0,997.1,5.7,7.6,era5
2024-02-07 02:00:00,-20.0,85,0.0,0.0,997.3,5.8,7.6,era5
2024-02-07 03:00:00,-20.2,84,0.0,0.0,997.5,6.5,8.6,era5
2024-02-07 04:00:00,-20.9,81,0.0,0.0,997.5,6.6,8.6,era5
2024-02-07 05:00:00,-20.6,81,0.0,0.0,997.7,6.8,9.0,era5
2024-02-07 06:00:00,-20.7,81,0.0,0.0,997.9,7.9,10.4,era5
2024-02-07 07:00:00,-22.7,84,0.0,0.0,998.0,8.8,11.5,era5
2024-02-07 08:00:00,-22.3,84,0.0,0.0,998.2,8.8,11.9,era5
2024-02-07 09:00:00,-21.5,82,0.0,0.0,998.3,8.7,11.5,era5
2024-02-07 10:00:00,-22.1,83,0.0,0.0,998.6,8.8,11.5,era5
2024-02-07 11:00:00,-22.3,82,0.0,0.0,999.2,8.6,11.9,era5
2024-02-07 12:00:00,-21.2,82,0.0,0.0,999.7,7.0,11.5,era5
2024-02-07 13:00:00,-20.3,82,0.0,0.0,999.9,4.7,10.1,era5
2024-02-07 14:00:00,-19.9,82,0.0,0.0,1000.0,4.7,10.4,era5
2024-02-07 15:00:00,-20.6,82,0.0,0.0,1000.4,7.6,10.1,era5
2024-02-07 16:00:00,-20.4,84,0.0,0.0,1000.6,6.1,8.3,era5
2024-02-07 17:00:00,-20.2,84,0.0,0.0,1000.8,5.4,7.9,era5
2024-02-07 18:00:00,-20.0,84,0.0,0.0,1001.1,5.8,7.6,era5
2024-02-07 19:00:00,-19.7,82,0.0,0.0,1001.3,6.8,8.6,era5
2024-02-07 20:00:00,-19.8,82,0.0,0.0,1001.4,7.1,9.4,era5
2024-02-07 21:00:00,-19.9,81,0.0,0.0,1001.5,7.3,9.4,era5
2024-02-07 22:00:00,-19.7,80,0.0,0.0,1002.0,7.6,9.7,era5
2024-02-07 23:00:00,-19.5,79,0.0,0.0,1002.2,7.7,10.4,era5
2024-02-08 00:00:00,-19.6,80,0.0,0.0,1002.4,6.8,10.1,era5
2024-02-08 01:00:00,-19.9,84,0.0,0.0,1002.6,5.4,9.0,era5
2024-02-08 02:00:00,-20.2,88,0.0,0.0,1002.8,0.5,6.8,era5
2024-02-08 03:00:00,-20.5,87,0.0,0.0,1003.1,3.4,5.4,era5
2024-02-08 04:00:00,-22.9,79,0.0,0.0,1003.6,1.8,4.3,era5
2024-02-08 05:00:00,-22.6,80,0.0,0.0,1004.0,2.5,3.2,era5
2024-02-08 06:00:00,-22.4,84,0.0,0.0,1004.3,3.7,5.0,era5
2024-02-08 07:00:00,-22.6,84,0.0,0.0,1004.5,2.9,5.0,era5
2024-02-08 08:00:00,-22.9,83,0.0,0.0,1004.8,0.7,4.3,era5
2024-02-08 09:00:00,-25.5,81,0.0,0.0,1005.1,1.8,3.6,era5
2024-02-08 10:00:00,-26.4,79,0.0,0.0,1005.2,2.9,5.0,era5
2024-02-08 11:00:00,-27.2,79,0.0,0.0,1005.7,4.9,7.2,era5
2024-02-08 12:00:00,-24.4,78,0.0,0.0,1006.0,5.2,9.7,era5
2024-02-08 13:00:00,-23.6,81,0.0,0.0,1006.3,5.9,12.6,era5
2024-02-08 14:00:00,-23.0,79,0.0,0.0,1006.2,6.1,13.0,era5
2024-02-08 15:00:00,-23.0,80,0.0,0.0,1006.5,6.1,12.6,era5
2024-02-08 16:00:00,-24.2,78,0.0,0.0,1007.0,9.1,16.9,era5
2024-02-08 17:00:00,-24.6,78,0.0,0.0,1007.4,10.7,19.4,era5
2024-02-08 18:00:00,-24.3,78,0.0,0.0,1007.5,11.6,21.2,era5
2024-02-08 19:00:00,-24.2,79,0.0,0.0,1007.6,11.3,21.2,era5
2024-02-08 20:00:00,-24.2,80,0.0,0.0,1007.9,12.2,22.3,era5
2024-02-08 21:00:00,-23.6,80,0.0,0.0,1008.2,12.6,23.4,era5
2024-02-08 22:00:00,-23.2,80,0.0,0.0,1008.1,13.0,24.1,era5
2024-02-08 23:00:00,-23.0,80,0.0,0.0,1008.6,13.0,24.5,era5
2024-02-09 00:00:00,-22.7,81,0.0,0.0,1008.8,14.8,27.7,era5
2024-02-09 01:00:00,-22.0,80,0.0,0.0,1009.0,14.4,28.4,era5
2024-02-09 02:00:00,-22.0,79,0.0,0.0,1009.1,13.7,27.7,era5
2024-02-09 03:00:00,-21.8,79,0.0,0.0,1009.4,13.4,27.0,era5
2024-02-09 04:00:00,-22.0,81,0.0,0.0,1010.3,14.5,28.8,era5
2024-02-09 05:00:00,-21.6,81,0.0,0.0,1010.5,15.2,29.5,era5
2024-02-09 06:00:00,-21.2,81,0.0,0.0,1010.6,15.6,30.6,era5
2024-02-09 07:00:00,-20.8,80,0.0,0.0,1010.6,15.6,31.0,era5
2024-02-09 08:00:00,-20.4,80,0.0,0.0,1010.8,15.5,31.0,era5
2024-02-09 09:00:00,-20.2,80,0.0,0.0,1010.9,15.2,31.0,era5
2024-02-09 10:00:00,-20.4,80,0.0,0.0,1010.9,15.2,30.2,era5
2024-02-09 11:00:00,-19.7,79,0.0,0.0,1011.2,15.2,30.2,era5
2024-02-09 12:00:00,-18.9,77,0.0,0.0,1011.5,14.8,30.6,era5
2024-02-09 13:00:00,-18.6,76,0.0,0.0,1011.7,15.9,30.6,era5
2024-02-09 14:00:00,-18.8,76,0.0,0.0,1011.9,16.6,28.4,era5
2024-02-09 15:00:00,-18.9,78,0.0,0.0,1012.2,13.7,31.0,era5
2024-02-09 16:00:00,-19.1,80,0.0,0.0,1012.4,13.7,31.0,era5
2024-02-09 17:00:00,-19.8,80,0.0,0.0,1012.9,14.4,28.8,era5
2024-02-09 18:00:00,-19.9,80,0.0,0.0,1012.9,14.8,29.2,era5
2024-02-09 19:00:00,-19.7,80,0.0,0.0,1012.9,14.8,29.9,era5
2024-02-09 20:00:00,-19.5,81,0.0,0.0,1013.0,14.4,29.5,era5
2024-02-09 21:00:00,-19.1,80,0.0,0.0,1013.1,14.0,28.8,era5
2024-02-09 22:00:00,-18.6,80,0.0,0.0,1013.5,13.3,28.1,era5
2024-02-09 23:00:00,-18.4,79,0.0,0.0,1013.8,13.3,27.7,era5
2024-02-10 00:00:00,-18.6,80,0.0,0.0,1013.9,12.6,27.4,era5
2024-02-10 01:00:00,-19.0,81,0.0,0.0,1014.0,12.2,25.6,era5
2024-02-10 02:00:00,-19.2,80,0.0,0.0,1014.2,12.6,24.8,era5
2024-02-10 03:00:00,-19.1,80,0.0,0.0,1014.4,12.2,25.2,era5
2024-02-10 04:00:00,-18.4,79,0.0,0.0,1014.4,12.2,24.8,era5
2024-02-10 05:00:00,-18.0,79,0.0,0.0,1014.4,11.2,24.5,era5
2024-02-10 06:00:00,-17.6,79,0.0,0.0,1014.6,10.5,22.7,era5
2024-02-10 07:00:00,-17.4,79,0.0,0.0,1014.7,10.2,21.2,era5
2024-02-10 08:00:00,-17.6,81,0.0,0.0,1014.8,10.5,20.9,era5
2024-02-10 09:00:00,-17.3,81,0.0,0.0,1014.8,10.5,21.6,era5
2024-02-10 10:00:00,-16.9,81,0.0,0.0,1015.2,10.1,20.9,era5
2024-02-10 11:00:00,-15.7,78,0.0,0.0,1015.5,10.5,21.6,era5
2024-02-10 12:00:00,-14.5,75,0.0,0.0,1015.6,9.4,22.0,era5
2024-02-10 13:00:00,-13.7,74,0.0,0.0,1015.5,9.7,22.0,era5
2024-02-10 14:00:00,-13.5,75,0.0,0.0,1015.4,8.3,21.6,era5
2024-02-10 15:00:00,-13.5,76,0.0,0.0,1015.5,7.2,18.7,era5
2024-02-10 16:00:00,-12.9,79,0.1,0.07,1015.0,7.2,18.0,era5
2024-02-10 17:00:00,-13.2,81,0.1,0.07,1015.1,6.9,15.8,era5
2024-02-10 18:00:00,-13.0,82,0.1,0.07,1014.9,6.9,13.7,era5
2024-02-10 19:00:00,-12.7,82,0.1,0.07,1014.6,7.3,14.8,era5
2024-02-10 20:00:00,-12.8,83,0.1,0.07,1014.6,7.2,15.1,era5
2024-02-10 21:00:00,-13.0,84,0.1,0.07,1014.5,5.8,14.8,era5
2024-02-10 22:00:00,-13.0,83,0.1,0.07,1014.2,5.8,10.4,era5
2024-02-10 23:00:00,-13.2,83,0.0,0.0,1014.2,6.5,10.4,era5
2024-02-11 00:00:00,-13.9,83,0.0,0.0,1014.3,5.1,10.4,era5
2024-02-11 01:00:00,-16.2,86,0.0,0.0,1014.3,7.9,10.1,era5
2024-02-11 02:00:00,-16.8,88,0.0,0.0,1014.2,7.6,10.4,era5
2024-02-11 03:00:00,-16.6,88,0.0,0.0,1014.1,6.8,10.1,era5
2024-02-11 04:00:00,-16.3,87,0.0,0.0,1013.4,7.6,10.8,era5
2024-02-11 05:00:00,-15.7,86,0.0,0.0,1013.5,6.2,10.4,era5
2024-02-11 06:00:00,-15.6,85,0.1,0.07,1013.6,6.5,8.6,era5
2024-02-11 07:00:00,-15.3,83,0.0,0.0,1013.5,5.4,8.6,era5
2024-02-11 08:00:00,-15.2,83,0.0,0.0,1013.4,5.0,7.2,era5
2024-02-11 09:00:00,-15.2,82,0.0,0.0,1013.5,4.3,6.8,era5
2024-02-11 10:00:00,-15.4,82,0.0,0.0,1013.7,3.6,6.1,era5
2024-02-11 11:00:00,-15.7,84,0.0,0.0,1014.0,3.2,5.0,era5
2024-02-11 12:00:00,-15.5,86,0.0,0.0,1014.3,4.2,5.8,era5
2024-02-11 13:00:00,-15.1,86,0.0,0.0,1014.5,4.6,7.9,era5
2024-02-11 14:00:00,-15.3,83,0.0,0.0,1014.6,2.5,8.6,era5
2024-02-11 15:00:00,-15.3,83,0.0,0.0,1014.8,2.7,7.9,era5
2024-02-11 16:00:00,-16.7,85,0.0,0.0,1014.0,4.5,6.8,era5
2024-02-11 17:00:00,-18.9,89,0.0,0.0,1014.0,9.5,11.9,era5
2024-02-11 18:00:00,-16.1,87,0.0,0.0,1013.9,6.9,11.9,era5
2024-02-11 19:00:00,-15.7,86,0.0,0.0,1013.9,6.2,10.8,era5
2024-02-11 20:00:00,-15.5,86,0.0,0.0,1013.9,5.4,10.8,era5
2024-02-11 21:00:00,-15.3,86,0.0,0.0,1014.1,5.0,9.7,era5
2024-02-11 22:00:00,-15.1,86,0.0,0.0,1014.3,4.4,9.0,era5
2024-02-11 23:00:00,-15.3,85,0.0,0.0,1014.6,3.2,7.6,era5
2024-02-12 00:00:00,-14.8,84,0.0,0.0,1014.8,2.0,5.4,era5
2024-02-12 01:00:00,-14.6,83,0.0,0.0,1015.0,2.5,4.7,era5
2024-02-12 02:00:00,-14.4,82,0.0,0.0,1015.1,3.4,5.4,era5
2024-02-12 03:00:00,-14.2,82,0.0,0.0,1015.1,3.4,6.1,era5
2024-02-12 04:00:00,-14.3,82,0.0,0.0,1014.7,7.2,14.0,era5
2024-02-12 05:00:00,-13.7,81,0.0,0.0,1014.9,7.1,13.7,era5
2024-02-12 06:00:00,-13.2,81,0.0,0.0,1015.2,8.0,16.6,era5
2024-02-12 07:00:00,-13.0,81,0.0,0.0,1015.6,10.0,20.2,era5
2024-02-12 08:00:00,-13.0,82,0.0,0.0,1015.9,11.3,23.0,era5
2024-02-12 09:00:00,-13.3,84,0.0,0.0,1016.3,11.2,23.8,era5
2024-02-12 10:00:00,-13.5,84,0.0,0.0,1017.0,10.4,23.0,era5
2024-02-12 11:00:00,-13.5,84,0.0,0.0,1017.8,9.0,21.2,era5
2024-02-12 12:00:00,-13.2,82,0.0,0.0,1018.5,7.9,19.1,era5
2024-02-12 13:00:00,-12.6,80,0.0,0.0,1019.2,7.9,18.7,era5
2024-02-12 14:00:00,-12.5,80,0.0,0.0,1019.8,6.6,18.0,era5
2024-02-12 15:00:00,-13.3,83,0.0,0.0,1020.4,6.0,15.1,era5
2024-02-12 16:00:00,-14.4,85,0.0,0.0,1021.0,8.0,19.1,era5
2024-02-12 17:00:00,-15.7,84,0.0,0.0,1021.9,7.3,15.5,era5
2024-02-12 18:00:00,-16.2,85,0.0,0.0,1022.7,8.8,14.8,era5
2024-02-12 19:00:00,-17.0,86,0.0,0.0,1023.5,9.4,15.5,era5
2024-02-12 20:00:00,-18.0,87,0.0,0.0,1024.1,8.7,15.8,era5
2024-02-12 21:00:00,-19.5,88,0.0,0.0,1024.7,6.1,14.8,era5
2024-02-12 22:00:00,-20.3,84,0.0,0.0,1025.0,5.5,12.6,era5
2024-02-12 23:00:00,-21.1,82,0.0,0.0,1025.9,5.5,11.5,era5
2024-02-13 00:00:00,-21.6,78,0.0,0.0,1026.6,6.4,12.6,era5
2024-02-13 01:00:00,-21.9,76,0.0,0.0,1027.3,5.2,12.2,era5
2024-02-13 02:00:00,-22.2,76,0.0,0.0,1027.9,3.7,9.7,era5
2024-02-13 03:00:00,-23.9,78,0.0,0.0,1028.6,4.0,8.6,era5
2024-02-13 04:00:00,-23.9,74,0.0,0.0,1029.2,3.7,8.3,era5
2024-02-13 05:00:00,-24.9,77,0.0,0.0,1029.5,6.4,8.6,era5
2024-02-13 06:00:00,-21.9,83,0.0,0.0,1029.9,6.5,8.6,era5
2024-02-13 07:00:00,-21.6,85,0.0,0.0,1030.2,6.8,9.0,era5
2024-02-13 08:00:00,-21.1,85,0.0,0.0,1030.9,5.8,9.4,era5
2024-02-13 09:00:00,-20.4,87,0.0,0.0,1031.6,4.7,7.9,era5
2024-02-13 10:00:00,-19.8,85,0.0,0.0,1032.1,4.3,6.8,era5
2024-02-13 11:00:00,-20.3,83,0.0,0.0,1032.8,4.6,7.6,era5
2024-02-13 12:00:00,-18.4,85,0.0,0.0,1033.0,3.4,8.6,era5
2024-02-13 13:00:00,-17.7,83,0.0,0.0,1033.1,3.2,10.1,era5
2024-02-13 14:00:00,-16.8,80,0.0,0.0,1033.4,5.4,13.0,era5
2024-02-13 15:00:00,-16.5,81,0.0,0.0,1033.7,5.8,14.0,era5
2024-02-13 16:00:00,-17.2,83,0.0,0.0,1034.2,6.5,16.2,era5
2024-02-13 17:00:00,-17.7,82,0.0,0.0,1034.4,7.6,13.0,era5
2024-02-13 18:00:00,-17.9,84,0.0,0.0,1034.7,7.4,14.0,era5
2024-02-13 19:00:00,-18.1,84,0.0,0.0,1034.8,7.8,13.0,era5
2024-02-13 20:00:00,-17.7,83,0.0,0.0,1034.8,9.7,18.0,era5
2024-02-13 21:00:00,-16.5,83,0.0,0.0,1034.8,12.4,25.2,era5
2024-02-13 22:00:00,-16.3,85,0.0,0.0,1034.9,11.8,25.6,era5
2024-02-13 23:00:00,-16.5,85,0.0,0.0,1035.0,10.0,23.8,era5
2024-02-14 00:00:00,-16.1,85,0.1,0.07,1035.2,10.0,20.9,era5
2024-02-14 01:00:00,-15.5,85,0.1,0.07,1035.1,11.1,23.0,era5
2024-02-14 02:00:00,-15.3,86,0.1,0.07,1035.1,11.8,24.1,era5
2024-02-14 03:00:00,-15.2,86,0.1,0.07,1035.1,13.2,27.0,era5
2024-02-14 04:00:00,-17.0,84,0.1,0.07,1035.8,12.5,27.7,era5
2024-02-14 05:00:00,-16.6,84,0.1,0.07,1035.4,13.9,28.8,era5
2024-02-14 06:00:00,-16.3,84,0.1,0.07,1035.1,15.5,32.4,era5
2024-02-14 07:00:00,-16.1,85,0.0,0.07,1034.8,16.8,35.3,era5
2024-02-14 08:00:00,-15.8,85,0.0,0.0,1034.8,17.7,37.1,era5
2024-02-14 09:00:00,-15.6,84,0.0,0.0,1034.8,18.4,38.5,era5
2024-02-14 10:00:00,-15.5,83,0.0,0.0,1034.7,19.3,40.7,era5
2024-02-14 11:00:00,-15.4,81,0.0,0.0,1034.8,18.9,42.1,era5
2024-02-14 12:00:00,-15.5,81,0.0,0.0,1034.6,18.3,41.8,era5
2024-02-14 13:00:00,-15.3,81,0.0,0.0,1034.5,19.6,41.4,era5
2024-02-14 14:00:00,-15.3,81,0.0,0.0,1034.3,20.7,43.9,era5
2024-02-14 15:00:00,-15.4,83,0.0,0.0,1033.9,18.2,43.6,era5
2024-02-14 16:00:00,-15.2,84,0.0,0.0,1033.1,17.1,42.5,era5
2024-02-14 17:00:00,-15.3,85,0.0,0.0,1033.0,19.8,42.1,era5
2024-02-14 18:00:00,-15.1,85,0.0,0.0,1032.9,20.9,44.6,era5
2024-02-14 19:00:00,-15.0,85,0.0,0.0,1032.4,21.5,45.4,era5
2024-02-14 20:00:00,-15.1,84,0.0,0.0,1032.2,21.3,45.4,era5
2024-02-14 21:00:00,-15.4,85,0.0,0.0,1032.0,20.7,45.0,era5
2024-02-14 22:00:00,-15.3,85,0.0,0.0,1031.8,21.1,45.0,era5
2024-02-14 23:00:00,-15.2,86,0.0,0.0,1031.8,21.0,45.0,era5
2024-02-15 00:00:00,-15.2,85,0.0,0.0,1031.6,20.7,44.6,era5
2024-02-15 01:00:00,-15.3,85,0.0,0.0,1031.2,20.6,43.9,era5
2024-02-15 02:00:00,-15.6,85,0.0,0.0,1030.9,20.2,43.6,era5
2024-02-15 03:00:00,-15.9,85,0.0,0.0,1030.8,19.4,42.5,era5
2024-02-15 04:00:00,-16.3,84,0.0,0.0,1030.7,19.1,41.4,era5
2024-02-15 05:00:00,-16.6,84,0.0,0.0,1030.5,18.5,40.3,era5
2024-02-15 06:00:00,-16.7,84,0.0,0.0,1030.2,17.9,38.5,era5
2024-02-15 07:00:00,-16.7,84,0.0,0.0,1029.7,17.9,37.8,era5
2024-02-15 08:00:00,-16.6,84,0.0,0.0,1029.4,17.8,37.1,era5
2024-02-15 09:00:00,-16.4,84,0.1,0.07,1029.2,18.0,37.8,era5
2024-02-15 10:00:00,-16.0,83,0.2,0.14,1029.2,17.8,37.8,era5
2024-02-15 11:00:00,-15.6,81,0.2,0.14,1029.1,16.0,37.4,era5
2024-02-15 12:00:00,-15.5,81,0.2,0.14,1029.1,15.4,34.6,era5
2024-02-15 13:00:00,-15.5,80,0.1,0.07,1028.9,15.3,34.9,era5
2024-02-15 14:00:00,-15.4,80,0.1,0.07,1028.7,15.2,33.1,era5
2024-02-15 15:00:00,-15.3,80,0.1,0.07,1028.2,14.8,33.1,era5
2024-02-15 16:00:00,-15.8,83,0.0,0.0,1027.5,12.3,27.0,era5
2024-02-15 17:00:00,-16.3,85,0.0,0.0,1027.3,12.8,26.3,era5
2024-02-15 18:00:00,-16.5,84,0.0,0.0,1027.2,13.0,26.6,era5
2024-02-15 19:00:00,-16.0,85,0.0,0.0,1027.2,13.7,28.4,era5
2024-02-15 20:00:00,-15.7,85,0.0,0.0,1027.1,13.6,28.8,era5
2024-02-15 21:00:00,-15.6,85,0.1,0.07,1027.2,12.9,28.1,era5
2024-02-15 22:00:00,-15.0,84,0.1,0.07,1027.0,12.3,26.6,era5
2024-02-15 23:00:00,-14.6,85,0.1,0.07,1026.9,11.4,25.9,era5
2024-02-16 00:00:00,-14.4,85,0.1,0.07,1026.6,11.2,22.0,era5
2024-02-16 01:00:00,-14.2,86,0.1,0.07,1026.4,10.1,21.6,era5
2024-02-16 02:00:00,-14.0,87,0.1,0.07,1026.1,10.4,20.2,era5
2024-02-16 03:00:00,-13.8,87,0.1,0.07,1025.7,10.9,20.9,era5
2024-02-16 04:00:00,-14.4,87,0.0,0.0,1025.7,12.3,25.2,era5
2024-02-16 05:00:00,-14.2,87,0.1,0.07,1025.6,11.2,25.6,era5
2024-02-16 06:00:00,-14.1,87,0.1,0.07,1025.4,10.6,21.6,era5
2024-02-16 07:00:00,-14.0,87,0.1,0.07,1025.0,10.0,20.2,era5
2024-02-16 08:00:00,-13.8,87,0.1,0.07,1024.8,10.7,20.2,era5
2024-02-16 09:00:00,-13.8,87,0.0,0.0,1024.6,11.2,23.0,era5
2024-02-16 10:00:00,-13.6,87,0.0,0.0,1024.5,10.0,23.4,era5
2024-02-16 11:00:00,-13.1,86,0.0,0.0,1024.4,11.3,22.7,era5
2024-02-16 12:00:00,-12.5,84,0.1,0.07,1024.2,11.9,24.8,era5
2024-02-16 13:00:00,-12.2,85,0.1,0.07,1024.0,11.2,26.6,era5
2024-02-16 14:00:00,-12.2,86,0.1,0.07,1023.6,10.5,24.5,era5
2024-02-16 15:00:00,-11.9,86,0.1,0.07,1023.3,11.4,23.0,era5
2024-02-16 16:00:00,-12.4,87,0.1,0.07,1023.0,10.9,24.1,era5
2024-02-16 17:00:00,-12.3,87,0.0,0.0,1022.6,12.0,23.4,era5
2024-02-16 18:00:00,-12.1,88,0.0,0.0,1021.9,12.6,24.1,era5
2024-02-16 19:00:00,-11.9,88,0.1,0.0,1021.4,12.9,24.1,era5
2024-02-16 20:00:00,-11.6,88,0.0,0.0,1020.4,13.5,24.8,era5
2024-02-16 21:00:00,-11.4,89,0.0,0.0,1019.9,14.5,28.4,era5
2024-02-16 22:00:00,-10.9,89,0.0,0.0,1019.3,13.3,28.4,era5
2024-02-16 23:00:00,-10.5,89,0.0,0.0,1018.4,12.3,27.0,era5
2024-02-17 00:00:00,-10.0,90,0.0,0.0,1017.7,11.9,24.8,era5
2024-02-17 01:00:00,-9.5,91,0.1,0.07,1016.9,12.6,25.6,era5
2024-02-17 02:00:00,-9.0,91,0.2,0.14,1015.5,12.8,26.6,era5
2024-02-17 03:00:00,-8.5,90,0.1,0.07,1014.4,11.5,25.9,era5
2024-02-17 04:00:00,-8.6,90,0.2,0.14,1013.9,11.0,21.6,era5
2024-02-17 05:00:00,-8.1,90,0.2,0.14,1012.4,11.2,22.7,era5
2024-02-17 06:00:00,-7.5,88,0.2,0.14,1011.0,13.2,26.6,era5
2024-02-17 07:00:00,-6.8,87,0.2,0.14,1009.5,15.9,32.8,era5
2024-02-17 08:00:00,-6.5,87,0.4,0.28,1008.4,17.1,36.0,era5
2024-02-17 09:00:00,-6.5,86,0.5,0.35,1007.5,18.8,40.3,era5
2024-02-17 10:00:00,-6.5,85,0.6,0.42,1006.4,18.2,40.3,era5
2024-02-17 11:00:00,-6.5,84,0.6,0.42,1005.3,16.2,38.9,era5
2024-02-17 12:00:00,-6.6,84,0.7,0.49,1004.2,14.6,34.9,era5
2024-02-17 13:00:00,-6.9,84,0.8,0.56,1003.1,13.8,31.3,era5
2024-02-17 14:00:00,-7.1,84,0.7,0.49,1002.2,11.5,29.9,era5
2024-02-17 15:00:00,-7.2,84,0.9,0.63,1001.4,10.2,24.5,era5
2024-02-17 16:00:00,-7.4,83,1.0,0.7,999.5,10.8,22.7,era5
2024-02-17 17:00:00,-7.8,84,0.8,0.56,999.2,10.2,23.0,era5
2024-02-17 18:00:00,-8.3,86,0.7,0.49,998.4,7.0,20.9,era5
2024-02-17 19:00:00,-8.6,89,0.5,0.35,998.0,5.8,14.0,era5
2024-02-17 20:00:00,-8.8,89,0.4,0.28,997.6,7.3,13.7,era5
2024-02-17 21:00:00,-8.9,87,0.4,0.28,997.6,7.8,17.3,era5
2024-02-17 22:00:00,-8.4,86,0.4,0.28,997.3,14.2,28.1,era5
2024-02-17 23:00:00,-7.2,84,0.3,0.21,997.1,17.2,34.9,era5
2024-02-18 00:00:00,-6.2,81,0.2,0.14,997.5,18.3,41.0,era5
2024-02-18 01:00:00,-5.4,85,0.4,0.28,997.4,16.3,38.9,era5
2024-02-18 02:00:00,-3.3,82,0.5,0.35,997.3,25.3,51.8,era5
2024-02-18 03:00:00,-2.6,75,0.1,0.07,997.9,32.8,70.6,era5
2024-02-18 04:00:00,-2.4,74,0.0,0.0,999.5,31.2,68.4,era5
2024-02-18 05:00:00,-2.6,73,0.0,0.0,1001.2,29.5,67.3,era5
2024-02-18 06:00:00,-3.2,75,0.0,0.0,1002.5,28.5,64.1,era5
2024-02-18 07:00:00,-3.6,75,0.0,0.0,1003.6,27.7,60.8,era5
2024-02-18 08:00:00,-3.9,76,0.0,0.0,1004.7,27.7,59.8,era5
2024-02-18 09:00:00,-4.3,77,0.0,0.0,1005.7,27.0,59.4,era5
2024-02-18 10:00:00,-4.7,80,0.0,0.0,1007.0,25.4,58.3,era5
2024-02-18 11:00:00,-4.5,79,0.0,0.0,1008.2,23.7,54.7,era5
2024-02-18 12:00:00,-4.3,78,0.0,0.0,1009.2,22.3,51.1,era5
2024-02-18 13:00:00,-4.0,78,0.0,0.0,1010.1,18.2,48.6,era5
2024-02-18 14:00:00,-3.9,76,0.0,0.0,1010.6,17.6,40.3,era5
2024-02-18 15:00:00,-3.9,76,0.0,0.0,1011.1,17.6,39.6,era5
2024-02-18 16:00:00,-4.5,78,0.0,0.0,1011.3,15.9,37.8,era5
2024-02-18 17:00:00,-5.3,81,0.0,0.0,1011.7,14.3,33.8,era5
2024-02-18 18:00:00,-6.3,84,0.0,0.0,1011.9,13.4,29.2,era5
2024-02-18 19:00:00,-6.7,84,0.0,0.0,1012.0,14.2,28.1,era5
2024-02-18 20:00:00,-7.0,84,0.0,0.0,1012.1,13.5,28.1,era5
2024-02-18 21:00:00,-6.7,83,0.0,0.0,1012.4,13.2,28.1,era5
2024-02-18 22:00:00,-7.2,86,0.0,0.0,1012.1,12.1,26.3,era5
2024-02-18 23:00:00,-7.9,88,0.0,0.0,1012.4,11.7,23.8,era5
2024-02-19 00:00:00,-8.2,88,0.0,0.0,1012.4,12.0,23.0,era5
2024-02-19 01:00:00,-8.1,88,0.0,0.0,1012.4,12.8,24.5,era5
2024-02-19 02:00:00,-8.2,87,0.0,0.0,1012.4,12.3,24.5,era5
2024-02-19 03:00:00,-8.4,86,0.0,0.0,1012.4,12.3,23.4,era5
2024-02-19 04:00:00,-8.9,86,0.0,0.0,1012.4,11.2,22.7,era5
2024-02-19 05:00:00,-9.4,84,0.0,0.0,1012.1,8.2,20.9,era5
2024-02-19 06:00:00,-12.4,88,0.0,0.0,1011.8,10.1,15.1,era5
2024-02-19 07:00:00,-14.5,92,0.0,0.0,1011.5,10.6,16.6,era5
2024-02-19 08:00:00,-15.2,93,0.0,0.0,1011.5,8.8,15.1,era5
2024-02-19 09:00:00,-16.7,90,0.0,0.0,1011.2,8.6,13.0,era5
2024-02-19 10:00:00,-15.7,83,0.0,0.0,1011.0,7.0,13.0,era5
2024-02-19 11:00:00,-12.9,77,0.0,0.0,1010.5,6.6,12.2,era5
2024-02-19 12:00:00,-11.5,83,0.0,0.0,1010.0,6.4,15.1,era5
2024-02-19 13:00:00,-10.3,78,0.0,0.0,1009.7,5.5,14.8,era5
2024-02-19 14:00:00,-8.8,74,0.0,0.0,1008.9,4.9,13.3,era5
2024-02-19 15:00:00,-8.9,77,0.0,0.0,1008.4,3.7,13.3,era5
2024-02-19 16:00:00,-8.4,79,0.0,0.0,1008.4,8.8,16.6,era5
2024-02-19 17:00:00,-8.6,81,0.0,0.0,1007.9,10.6,19.8,era5
2024-02-19 18:00:00,-7.8,79,0.0,0.0,1007.0,11.2,21.6,era5
2024-02-19 19:00:00,-7.8,79,0.0,0.0,1006.3,9.5,21.6,era5
2024-02-19 20:00:00,-7.5,78,0.1,0.07,1005.6,9.4,18.0,era5
2024-02-19 21:00:00,-8.8,79,0.0,0.0,1005.2,5.6,18.0,era5
2024-02-19 22:00:00,-8.8,76,0.0,0.0,1004.8,5.0,10.4,era5
2024-02-19 23:00:00,-7.8,74,0.0,0.0,1004.3,9.5,16.6,era5
2024-02-20 00:00:00,-7.7,75,0.0,0.0,1004.0,9.7,18.0,era5
2024-02-20 01:00:00,-7.8,77,0.0,0.0,1003.6,8.9,17.6,era5
2024-02-20 02:00:00,-8.0,79,0.0,0.0,1003.1,9.6,18.7,era5
2024-02-20 03:00:00,-7.9,78,0.0,0.0,1002.5,8.6,19.1,era5
2024-02-20 04:00:00,-7.8,77,0.0,0.0,1001.7,10.3,20.9,era5
2024-02-20 05:00:00,-7.8,78,0.0,0.0,1001.4,7.6,22.0,era5
2024-02-20 06:00:00,-7.9,80,0.0,0.0,1001.0,8.2,16.2,era5
2024-02-20 07:00:00,-7.7,81,0.1,0.07,1001.0,7.8,15.8,era5
2024-02-20 08:00:00,-6.9,81,0.3,0.21,1001.6,11.8,23.8,era5
2024-02-20 09:00:00,-6.3,81,0.1,0.07,1002.3,14.1,29.2,era5
2024-02-20 10:00:00,-6.4,84,0.0,0.0,1003.3,14.1,29.2,era5
2024-02-20 11:00:00,-5.9,84,0.0,0.0,1004.4,13.7,29.5,era5
2024-02-20 12:00:00,-5.3,82,0.0,0.0,1005.4,11.0,28.1,era5
2024-02-20 13:00:00,-5.0,78,0.0,0.0,1006.3,6.4,24.1,era5
2024-02-20 14:00:00,-5.0,76,0.0,0.0,1006.9,7.7,18.7,era5
2024-02-20 15:00:00,-5.5,78,0.0,0.0,1007.8,6.7,18.7,era5
2024-02-20 16:00:00,-8.5,84,0.0,0.0,1008.9,7.7,14.8,era5
2024-02-20 17:00:00,-11.4,88,0.0,0.0,1009.6,11.5,14.8,era5
2024-02-20 18:00:00,-11.7,89,0.0,0.0,1010.0,11.1,15.1,era5
2024-02-20 19:00:00,-10.4,87,0.0,0.0,1010.2,9.0,14.4,era5
2024-02-20 20:00:00,-10.7,87,0.0,0.0,1010.1,7.4,11.9,era5
2024-02-20 21:00:00,-12.5,89,0.0,0.0,1010.2,6.2,10.1,era5
2024-02-20 22:00:00,-11.5,86,0.0,0.0,1010.5,3.5,8.6,era5
2024-02-20 23:00:00,-11.7,86,0.0,0.0,1010.7,1.8,5.4,era5
2024-02-21 00:00:00,-12.5,93,0.0,0.0,1010.9,2.1,2.9,era5
2024-02-21 01:00:00,-13.2,90,0.0,0.0,1010.9,5.6,7.2,era5
2024-02-21 02:00:00,-13.9,88,0.0,0.0,1010.9,7.7,10.1,era5
2024-02-21 03:00:00,-14.3,87,0.0,0.0,1011.0,9.0,11.9,era5
2024-02-21 04:00:00,-15.3,88,0.0,0.0,1010.9,8.4,11.5,era5
2024-02-21 05:00:00,-15.8,86,0.0,0.0,1010.7,8.0,12.2,era5
2024-02-21 06:00:00,-14.1,86,0.1,0.07,1010.3,5.4,11.2,era5
2024-02-21 07:00:00,-12.7,85,0.2,0.14,1009.8,4.7,8.6,era5
2024-02-21 08:00:00,-11.6,86,0.3,0.21,1009.5,5.4,9.4,era5
2024-02-21 09:00:00,-11.1,89,0.2,0.14,1009.3,8.0,15.1,era5
2024-02-21 10:00:00,-10.7,89,0.2,0.14,1009.1,8.6,17.3,era5
2024-02-21 11:00:00,-10.0,88,0.1,0.07,1009.0,7.6,18.7,era5
2024-02-21 12:00:00,-9.1,88,0.2,0.14,1008.7,6.8,18.0,era5
2024-02-21 13:00:00,-8.2,88,0.2,0.14,1008.5,6.9,17.6,era5
2024-02-21 14:00:00,-7.6,88,0.2,0.14,1007.9,7.0,19.1,era5
2024-02-21 15:00:00,-7.2,89,0.3,0.21,1007.6,7.2,17.6,era5
2024-02-21 16:00:00,-7.4,89,0.2,0.14,1007.6,6.6,15.8,era5
2024-02-21 17:00:00,-7.3,90,0.3,0.21,1007.4,5.6,15.1,era5
2024-02-21 18:00:00,-7.3,91,0.4,0.28,1007.2,6.6,13.0,era5
2024-02-21 19:00:00,-7.0,92,0.3,0.21,1006.8,6.7,13.0,era5
2024-02-21 20:00:00,-6.4,92,0.3,0.21,1006.1,7.1,13.3,era5
2024-02-21 21:00:00,-5.7,92,0.2,0.14,1005.8,7.5,14.0,era5
2024-02-21 22:00:00,-5.1,93,0.1,0.07,1005.6,7.6,14.8,era5
2024-02-21 23:00:00,-4.5,94,0.1,0.07,1004.9,8.2,15.8,era5
2024-02-22 00:00:00,-4.0,95,0.1,0.07,1004.4,9.2,17.6,era5
2024-02-22 01:00:00,-3.5,97,0.2,0.07,1003.8,9.7,19.4,era5
2024-02-22 02:00:00,-3.0,98,0.2,0.14,1003.2,9.8,20.2,era5
2024-02-22 03:00:00,-2.5,98,0.2,0.14,1002.6,12.0,23.8,era5
2024-02-22 04:00:00,-3.0,97,0.4,0.28,1002.5,13.1,27.0,era5
2024-02-22 05:00:00,-3.0,96,0.4,0.28,1002.0,14.8,31.0,era5
2024-02-22 06:00:00,-3.2,96,0.5,0.35,1001.5,15.5,32.0,era5
2024-02-22 07:00:00,-3.3,96,0.6,0.42,1001.0,15.6,32.8,era5
2024-02-22 08:00:00,-3.3,96,0.6,0.42,1000.5,14.9,32.8,era5
2024-02-22 09:00:00,-3.2,96,0.5,0.35,1000.4,14.4,31.3,era5
2024-02-22 10:00:00,-3.1,95,0.3,0.21,999.9,14.1,30.2,era5
2024-02-22 11:00:00,-2.7,93,0.0,0.0,999.9,13.0,29.9,era5
2024-02-22 12:00:00,-1.8,88,0.0,0.0,1000.0,14.9,32.4,era5
2024-02-22 13:00:00,-1.3,87,0.0,0.0,1000.2,12.4,32.0,era5
2024-02-22 14:00:00,-1.1,87,0.0,0.0,1000.1,12.5,28.4,era5
2024-02-22 15:00:00,-0.8,87,0.0,0.0,1000.2,11.4,28.1,era5
2024-02-22 16:00:00,-1.2,89,0.0,0.0,1000.3,13.1,28.4,era5
2024-02-22 17:00:00,-1.3,91,0.0,0.0,1000.3,12.6,28.8,era5
2024-02-22 18:00:00,-1.4,93,0.0,0.0,1000.1,12.6,26.6,era5
2024-02-22 19:00:00,-1.4,94,0.0,0.0,1000.0,13.3,27.7,era5
2024-02-22 20:00:00,-1.3,94,0.0,0.0,999.8,13.8,28.8,era5
2024-02-22 21:00:00,-1.3,95,0.0,0.0,999.8,14.5,30.2,era5
2024-02-22 22:00:00,-1.3,95,0.0,0.0,999.8,14.9,31.0,era5
2024-02-22 23:00:00,-1.2,95,0.0,0.0,999.8,14.8,31.7,era5
2024-02-23 00:00:00,-0.9,95,0.0,0.0,1000.0,14.0,31.0,era5
2024-02-23 01:00:00,-0.6,94,0.0,0.0,999.8,15.1,31.3,era5
2024-02-23 02:00:00,-0.4,95,0.0,0.0,999.8,15.9,33.1,era5
2024-02-23 03:00:00,-0.3,95,0.0,0.0,1000.1,15.5,33.5,era5
2024-02-23 04:00:00,-0.8,96,0.0,0.0,1000.8,15.2,32.4,era5
2024-02-23 05:00:00,-0.5,95,0.0,0.0,1000.7,15.1,32.0,era5
2024-02-23 06:00:00,-0.1,94,0.0,0.0,1001.1,15.1,32.0,era5
2024-02-23 07:00:00,0.1,94,0.1,0.07,1001.3,15.5,32.4,era5
2024-02-23 08:00:00,0.5,94,0.0,0.0,1001.4,15.5,33.1,era5
2024-02-23 09:00:00,0.7,93,0.0,0.0,1001.8,16.6,34.6,era5
2024-02-23 10:00:00,0.9,93,0.0,0.0,1002.2,17.3,36.7,era5
2024-02-23 11:00:00,1.2,91,0.0,0.0,1002.6,16.6,40.0,era5
2024-02-23 12:00:00,1.2,91,0.0,0.0,1003.0,16.2,35.3,era5
2024-02-23 13:00:00,1.3,90,0.0,0.0,1003.3,17.3,40.7,era5
2024-02-23 14:00:00,1.5,88,0.0,0.0,1003.2,16.9,39.2,era5
2024-02-23 15:00:00,1.2,90,0.0,0.0,1003.1,17.3,38.9,era5
2024-02-23 16:00:00,0.8,91,0.0,0.0,1003.2,17.7,39.2,era5
2024-02-23 17:00:00,0.7,91,0.0,0.0,1002.8,19.2,41.0,era5
2024-02-23 18:00:00,0.2,93,0.1,0.07,1002.7,19.7,41.4,era5
2024-02-23 19:00:00,0.3,92,0.1,0.07,1002.8,19.7,42.5,era5
2024-02-23 20:00:00,0.2,93,0.1,0.07,1002.7,19.8,42.5,era5
2024-02-23 21:00:00,0.1,93,0.0,0.0,1002.9,20.6,43.9,era5
2024-02-23 22:00:00,0.0,93,0.1,0.0,1002.9,19.8,43.9,era5
2024-02-23 23:00:00,-0.0,93,0.1,0.07,1002.7,18.4,42.1,era5
2024-02-24 00:00:00,-0.1,93,0.1,0.07,1002.4,20.6,42.8,era5
2024-02-24 01:00:00,-0.2,94,0.3,0.21,1002.1,20.9,44.3,era5
2024-02-24 02:00:00,-0.2,95,0.4,0.28,1001.9,20.7,44.3,era5
2024-02-24 03:00:00,-0.2,96,0.6,0.42,1001.3,21.4,45.4,era5
2024-02-24 04:00:00,0.1,96,0.5,0.35,1001.4,20.6,45.4,era5
2024-02-24 05:00:00,0.2,96,0.3,0.21,1001.7,20.0,44.3,era5
2024-02-24 06:00:00,0.4,95,0.1,0.07,1001.5,18.9,42.8,era5
2024-02-24 07:00:00,0.5,96,0.4,0.28,1001.3,19.0,41.0,era5
2024-02-24 08:00:00,0.8,96,0.1,0.07,1001.4,18.1,40.3,era5
2024-02-24 09:00:00,1.1,95,0.0,0.0,1001.5,17.2,37.8,era5
2024-02-24 10:00:00,1.6,93,0.0,0.0,1002.0,17.3,37.4,era5
2024-02-24 11:00:00,2.1,90,0.0,0.0,1002.5,17.3,39.2,era5
2024-02-24 12:00:00,2.6,86,0.0,0.0,1002.8,18.0,42.1,era5
2024-02-24 13:00:00,2.7,85,0.0,0.0,1002.9,17.3,38.9,era5
2024-02-24 14:00:00,2.6,85,0.0,0.0,1003.3,16.3,38.5,era5
2024-02-24 15:00:00,2.5,84,0.0,0.0,1003.5,16.3,40.0,era5
2024-02-24 16:00:00,2.4,87,0.0,0.0,1004.0,17.3,39.6,era5
2024-02-24 17:00:00,2.0,89,0.0,0.0,1004.5,16.6,37.8,era5
2024-02-24 18:00:00,1.4,92,0.0,0.0,1004.5,16.1,35.6,era5
2024-02-24 19:00:00,0.6,96,0.0,0.0,1004.8,16.2,33.8,era5
2024-02-24 20:00:00,0.1,98,0.0,0.0,1005.2,16.9,34.9,era5
2024-02-24 21:00:00,-0.3,99,0.0,0.0,1005.1,16.1,34.9,era5
2024-02-24 22:00:00,-0.2,99,0.0,0.0,1005.0,16.0,33.8,era5
2024-02-24 23:00:00,-0.3,99,0.0,0.0,1004.7,15.1,33.1,era5
2024-02-25 00:00:00,-0.3,99,0.0,0.0,1004.5,14.8,31.7,era5
2024-02-25 01:00:00,-0.3,99,0.0,0.0,1003.8,14.1,30.6,era5
2024-02-25 02:00:00,-0.5,100,0.0,0.0,1003.4,13.9,27.0,era5
2024-02-25 03:00:00,-0.6,99,0.0,0.0,1002.3,12.9,26.6,era5
2024-02-25 04:00:00,-0.3,99,0.1,0.07,1001.3,13.9,27.4,era5
2024-02-25 05:00:00,-0.2,99,0.1,0.07,1000.6,11.4,25.6,era5
2024-02-25 06:00:00,-0.2,99,0.2,0.14,999.8,12.2,25.2,era5
2024-02-25 07:00:00,-0.2,98,0.5,0.35,998.4,11.1,24.8,era5
2024-02-25 08:00:00,-0.4,98,0.3,0.21,997.4,6.7,22.0,era5
2024-02-25 09:00:00,-0.6,98,0.3,0.21,996.9,3.4,12.6,era5
2024-02-25 10:00:00,-0.5,99,0.5,0.35,996.8,2.9,8.3,era5
2024-02-25 11:00:00,-0.2,96,0.3,0.21,997.2,5.6,13.7,era5
2024-02-25 12:00:00,0.0,95,0.3,0.21,997.8,4.3,13.0,era5
2024-02-25 13:00:00,0.8,91,0.1,0.07,998.6,6.1,14.8,era5
2024-02-25 14:00:00,1.6,86,0.0,0.0,999.3,8.9,20.9,era5
2024-02-25 15:00:00,2.1,83,0.0,0.0,1000.1,13.9,31.7,era5
2024-02-25 16:00:00,2.2,83,0.0,0.0,1000.8,12.8,29.5,era5
2024-02-25 17:00:00,1.9,84,0.0,0.0,1001.8,14.0,29.5,era5
2024-02-25 18:00:00,1.6,88,0.0,0.0,1002.8,16.0,34.2,era5
2024-02-25 19:00:00,1.6,89,0.0,0.0,1003.7,15.6,34.6,era5
2024-02-25 20:00:00,1.5,90,0.0,0.0,1004.7,14.7,34.2,era5
2024-02-25 21:00:00,1.6,90,0.0,0.0,1005.0,14.8,32.0,era5
2024-02-25 22:00:00,1.6,90,0.0,0.0,1005.5,14.6,32.0,era5
2024-02-25 23:00:00,1.8,89,0.0,0.0,1005.9,15.6,32.8,era5
2024-02-26 00:00:00,2.0,89,0.0,0.0,1006.3,15.9,34.2,era5
2024-02-26 01:00:00,2.0,89,0.0,0.0,1006.3,15.5,34.2,era5
2024-02-26 02:00:00,1.8,91,0.1,0.0,1006.3,16.2,34.2,era5
2024-02-26 03:00:00,1.4,93,0.3,0.14,1006.4,16.6,36.0,era5
2024-02-26 04:00:00,1.6,92,0.0,0.0,1006.1,16.6,37.1,era5
2024-02-26 05:00:00,1.7,92,0.0,0.0,1006.0,17.8,37.8,era5
2024-02-26 06:00:00,1.7,91,0.0,0.0,1005.9,17.9,38.9,era5
2024-02-26 07:00:00,1.7,91,0.0,0.0,1005.7,17.7,38.2,era5
2024-02-26 08:00:00,1.2,93,0.0,0.0,1005.9,17.2,37.8,era5
2024-02-26 09:00:00,1.5,91,0.0,0.0,1006.1,17.0,36.7,era5
2024-02-26 10:00:00,1.7,89,0.0,0.0,1006.3,16.7,36.4,era5
2024-02-26 11:00:00,1.9,89,0.0,0.0,1006.7,16.1,36.0,era5
2024-02-26 12:00:00,2.0,87,0.1,0.07,1006.8,16.1,35.6,era5
2024-02-26 13:00:00,2.3,84,0.1,0.0,1006.7,16.2,38.9,era5
2024-02-26 14:00:00,2.4,80,0.1,0.0,1006.7,18.7,46.1,era5
2024-02-26 15:00:00,2.5,79,0.1,0.0,1006.7,18.0,45.4,era5
2024-02-26 16:00:00,2.1,85,0.1,0.07,1006.6,17.9,38.5,era5
2024-02-26 17:00:00,1.7,88,0.1,0.07,1006.5,17.6,38.9,era5
2024-02-26 18:00:00,1.5,89,0.1,0.0,1006.7,17.2,37.8,era5
2024-02-26 19:00:00,1.4,90,0.1,0.07,1006.9,16.7,36.7,era5
2024-02-26 20:00:00,1.5,89,0.1,0.07,1006.9,16.2,35.6,era5
2024-02-26 21:00:00,1.4,89,0.0,0.0,1007.2,16.2,34.9,era5
2024-02-26 22:00:00,1.5,89,0.0,0.0,1007.5,15.0,34.2,era5
2024-02-26 23:00:00,1.4,90,0.1,0.07,1007.9,13.4,31.3,era5
2024-02-27 00:00:00,1.3,90,0.1,0.07,1008.3,12.5,27.7,era5
2024-02-27 01:00:00,1.1,90,0.1,0.0,1008.8,11.8,26.3,era5
2024-02-27 02:00:00,0.9,91,0.1,0.07,1009.1,10.7,24.8,era5
2024-02-27 03:00:00,0.6,92,0.0,0.0,1009.3,9.6,23.0,era5
2024-02-27 04:00:00,0.2,92,0.0,0.0,1009.9,8.2,18.4,era5
2024-02-27 05:00:00,0.1,92,0.0,0.0,1010.4,7.6,16.2,era5
2024-02-27 06:00:00,-0.9,94,0.0,0.0,1010.8,7.7,14.8,era5
2024-02-27 07:00:00,-1.1,94,0.0,0.0,1011.1,8.5,13.7,era5
2024-02-27 08:00:00,-0.6,95,0.0,0.0,1011.6,7.6,15.1,era5
2024-02-27 09:00:00,-0.5,95,0.0,0.0,1012.1,6.5,15.1,era5
2024-02-27 10:00:00,-0.4,93,0.0,0.0,1012.4,7.8,17.3,era5
2024-02-27 11:00:00,-0.2,91,0.0,0.0,1012.5,7.7,18.4,era5
2024-02-27 12:00:00,0.0,90,0.0,0.0,1012.6,7.4,18.0,era5
2024-02-27 13:00:00,0.4,88,0.0,0.0,1012.9,7.8,18.7,era5
2024-02-27 14:00:00,0.6,86,0.0,0.0,1012.9,9.2,21.2,era5
2024-02-27 15:00:00,0.6,86,0.0,0.0,1013.2,10.8,24.5,era5
2024-02-27 16:00:00,0.2,87,0.0,0.0,1013.6,10.9,25.6,era5
2024-02-27 17:00:00,-0.2,90,0.0,0.0,1014.0,8.9,25.2,era5
2024-02-27 18:00:00,-0.4,93,0.0,0.0,1014.2,7.9,18.4,era5
2024-02-27 19:00:00,-0.6,94,0.0,0.0,1014.3,7.2,16.2,era5
2024-02-27 20:00:00,-0.7,95,0.0,0.0,1014.4,8.3,15.8,era5
2024-02-27 21:00:00,-0.6,95,0.0,0.0,1014.6,8.8,17.6,era5
2024-02-27 22:00:00,-0.9,97,0.0,0.0,1014.7,8.8,18.0,era5
2024-02-27 23:00:00,-0.8,97,0.0,0.0,1014.7,10.1,20.2,era5
2024-02-28 00:00:00,-1.1,95,0.0,0.0,1014.9,10.6,21.6,era5
2024-02-28 01:00:00,-1.5,93,0.0,0.0,1015.0,10.9,22.0,era5
2024-02-28 02:00:00,-1.7,94,0.0,0.0,1014.9,10.8,22.3,era5
2024-02-28 03:00:00,-1.9,94,0.0,0.0,1015.0,11.6,23.8,era5
2024-02-28 04:00:00,-2.1,95,0.0,0.0,1014.6,12.2,25.2,era5
2024-02-28 05:00:00,-2.4,95,0.0,0.0,1014.3,12.8,27.0,era5
2024-02-28 06:00:00,-2.6,95,0.0,0.0,1014.1,12.3,26.6,era5
2024-02-28 07:00:00,-2.7,95,0.0,0.0,1013.9,14.1,29.2,era5
2024-02-28 08:00:00,-2.5,96,0.0,0.0,1013.8,15.5,32.0,era5
2024-02-28 09:00:00,-2.3,96,0.0,0.0,1013.7,16.7,35.6,era5
2024-02-28 10:00:00,-2.0,96,0.0,0.0,1013.3,17.1,35.3,era5
2024-02-28 11:00:00,-1.5,96,0.0,0.0,1013.1,18.0,38.9,era5
2024-02-28 12:00:00,-1.5,95,0.0,0.0,1012.6,18.4,41.4,era5
2024-02-28 13:00:00,-1.5,95,0.0,0.0,1012.2,20.0,43.2,era5
2024-02-28 14:00:00,-1.4,94,0.1,0.07,1011.8,22.0,46.1,era5
2024-02-28 15:00:00,-1.2,93,0.0,0.0,1011.6,19.9,47.9,era5
2024-02-28 16:00:00,-0.6,91,0.1,0.07,1011.3,20.0,45.7,era5
2024-02-28 17:00:00,-0.7,92,0.1,0.07,1011.0,18.0,44.6,era5
2024-02-28 18:00:00,-0.8,93,0.1,0.07,1010.7,18.0,39.2,era5
2024-02-28 19:00:00,-0.8,93,0.1,0.07,1010.7,17.8,38.9,era5
2024-02-28 20:00:00,-0.7,93,0.1,0.07,1010.6,17.4,37.8,era5
2024-02-28 21:00:00,-0.7,93,0.1,0.07,1010.3,17.7,37.8,era5
2024-02-28 22:00:00,-0.8,93,0.1,0.07,1010.2,18.0,38.5,era5
2024-02-28 23:00:00,-0.9,92,0.1,0.07,1010.0,17.6,38.5,era5
2024-02-29 00:00:00,-1.0,93,0.1,0.07,1009.9,17.7,38.2,era5
2024-02-29 01:00:00,-1.0,93,0.0,0.0,1009.9,18.1,38.9,era5
2024-02-29 02:00:00,-1.0,92,0.0,0.0,1010.0,17.9,39.2,era5
2024-02-29 03:00:00,-1.1,92,0.0,0.0,1009.9,17.5,38.5,era5
2024-02-29 04:00:00,-1.7,91,0.0,0.0,1010.3,17.5,37.8,era5
2024-02-29 05:00:00,-1.8,91,0.0,0.0,1010.2,16.7,37.1,era5
2024-02-29 06:00:00,-1.7,91,0.0,0.0,1010.4,16.6,35.6,era5
2024-02-29 07:00:00,-1.7,92,0.0,0.0,1010.5,15.5,35.3,era5
2024-02-29 08:00:00,-1.6,92,0.0,0.0,1011.0,14.1,33.1,era5
2024-02-29 09:00:00,-1.5,92,0.0,0.0,1011.6,12.6,29.5,era5
2024-02-29 10:00:00,-0.9,90,0.0,0.0,1012.1,14.4,31.0,era5
2024-02-29 11:00:00,-0.5,88,0.0,0.0,1012.5,14.4,32.0,era5
2024-02-29 12:00:00,-0.1,87,0.0,0.0,1012.8,15.9,34.9,era5
2024-02-29 13:00:00,0.3,85,0.0,0.0,1013.1,15.7,35.6,era5
2024-02-29 14:00:00,0.6,85,0.0,0.0,1013.3,15.6,34.2,era5
2024-02-29 15:00:00,0.9,83,0.0,0.0,1013.5,16.8,36.7,era5
2024-02-29 16:00:00,0.7,83,0.0,0.0,1013.7,14.1,37.1,era5
2024-02-29 17:00:00,0.1,85,0.0,0.0,1013.9,14.4,31.0,era5
2024-02-29 18:00:00,-1.2,90,0.0,0.0,1014.0,14.8,31.0,era5
2024-02-29 19:00:00,-2.0,95,0.0,0.0,1013.7,15.5,31.3,era5
2024-02-29 20:00:00,-2.1,95,0.0,0.0,1013.9,15.2,31.7,era5
2024-02-29 21:00:00,-1.6,93,0.0,0.0,1014.0,16.0,33.5,era5
2024-02-29 22:00:00,-0.9,92,0.0,0.0,1013.5,16.3,34.6,era5
2024-02-29 23:00:00,-0.5,93,0.0,0.0,1013.3,17.7,37.4,era5
2024-03-01 00:00:00,-0.2,93,0.0,0.0,1013.0,18.9,40.3,era5
2024-03-01 01:00:00,-0.0,92,0.0,0.0,1012.5,20.8,44.3,era5
2024-03-01 02:00:00,0.1,92,0.0,0.0,1012.5,20.2,44.6,era5
2024-03-01 03:00:00,0.3,92,0.0,0.0,1012.3,20.5,43.6,era5
2024-03-01 04:00:00,0.2,93,0.1,0.0,1011.8,21.3,46.1,era5
2024-03-01 05:00:00,0.3,95,0.3,0.21,1011.5,21.3,45.4,era5
2024-03-01 06:00:00,0.6,94,0.1,0.07,1011.5,19.8,45.4,era5
2024-03-01 07:00:00,0.9,92,0.0,0.0,1011.3,18.7,42.1,era5
2024-03-01 08:00:00,1.2,91,0.0,0.0,1011.7,18.4,40.3,era5
2024-03-01 09:00:00,1.4,91,0.1,0.0,1012.0,17.0,39.2,era5
2024-03-01 10:00:00,1.7,90,0.0,0.0,1012.5,16.1,36.7,era5
2024-03-01 11:00:00,2.0,88,0.0,0.0,1012.8,15.2,34.2,era5
2024-03-01 12:00:00,2.5,85,0.0,0.0,1013.3,15.4,36.7,era5
2024-03-01 13:00:00,2.7,84,0.0,0.0,1013.5,15.3,34.9,era5
2024-03-01 14:00:00,2.8,84,0.0,0.0,1013.9,14.7,33.8,era5
2024-03-01 15:00:00,2.7,84,0.0,0.0,1014.2,15.0,32.4,era5
2024-03-01 16:00:00,2.4,86,0.0,0.0,1014.8,14.7,31.7,era5
2024-03-01 17:00:00,2.2,88,0.0,0.0,1014.9,14.6,31.7,era5
2024-03-01 18:00:00,2.0,89,0.0,0.0,1015.1,14.9,31.7,era5
2024-03-01 19:00:00,2.0,89,0.0,0.0,1015.3,13.7,31.7,era5
2024-03-01 20:00:00,2.0,90,0.0,0.0,1015.4,13.1,29.2,era5
2024-03-01 21:00:00,2.0,90,0.0,0.0,1015.6,12.9,28.1,era5
2024-03-01 22:00:00,1.6,93,0.1,0.0,1015.8,13.6,28.4,era5
2024-03-01 23:00:00,1.8,91,0.0,0.0,1016.3,12.6,28.4,era5
2024-03-02 00:00:00,2.0,90,0.0,0.0,1016.4,12.0,26.3,era5
2024-03-02 01:00:00,1.4,93,0.0,0.0,1016.6,13.0,25.2,era5
2024-03-02 02:00:00,1.2,94,0.0,0.0,1017.0,13.8,27.7,era5
2024-03-02 03:00:00,0.7,95,0.0,0.0,1017.5,13.2,27.7,era5
2024-03-02 04:00:00,1.2,93,0.0,0.0,1018.0,12.8,27.0,era5
2024-03-02 05:00:00,1.5,92,0.0,0.0,1017.8,12.7,26.6,era5
2024-03-02 06:00:00,1.7,92,0.0,0.0,1018.0,13.8,28.8,era5
2024-03-02 07:00:00,1.7,92,0.0,0.0,1018.2,12.3,28.8,era5
2024-03-02 08:00:00,1.6,94,0.0,0.0,1018.2,11.1,25.9,era5
2024-03-02 09:00:00,1.7,93,0.0,0.0,1018.6,10.8,23.0,era5
2024-03-02 10:00:00,2.0,91,0.0,0.0,1018.6,10.8,23.4,era5
2024-03-02 11:00:00,2.5,88,0.0,0.0,1019.1,11.1,25.2,era5
2024-03-02 12:00:00,2.8,86,0.0,0.0,1019.1,11.5,27.4,era5
2024-03-02 13:00:00,3.2,83,0.0,0.0,1018.9,11.6,29.2,era5
2024-03-02 14:00:00,3.2,83,0.0,0.0,1019.0,11.5,27.0,era5
2024-03-02 15:00:00,3.0,84,0.0,0.0,1019.4,9.6,25.9,era5
2024-03-02 16:00:00,2.5,87,0.0,0.0,1020.1,8.7,20.5,era5
2024-03-02 17:00:00,2.3,88,0.0,0.0,1020.2,8.6,18.7,era5
2024-03-02 18:00:00,2.1,89,0.0,0.0,1020.4,8.4,18.0,era5
2024-03-02 19:00:00,1.9,91,0.0,0.0,1020.5,8.4,17.6,era5
2024-03-02 20:00:00,1.8,93,0.0,0.0,1020.9,7.1,16.6,era5
2024-03-02 21:00:00,1.7,93,0.0,0.0,1021.4,6.9,14.4,era5
2024-03-02 22:00:00,1.6,94,0.0,0.0,1021.6,6.6,13.3,era5
2024-03-02 23:00:00,1.5,94,0.0,0.0,1022.1,6.1,12.6,era5
2024-03-03 00:00:00,1.5,95,0.0,0.0,1022.5,6.9,13.3,era5
2024-03-03 01:00:00,1.5,95,0.0,0.0,1022.5,6.9,13.7,era5
2024-03-03 02:00:00,1.5,95,0.0,0.0,1022.4,6.7,14.4,era5
2024-03-03 03:00:00,1.3,96,0.0,0.0,1022.2,6.5,13.0,era5
2024-03-03 04:00:00,1.1,96,0.0,0.0,1022.0,7.3,14.0,era5
2024-03-03 05:00:00,1.1,96,0.0,0.0,1021.9,7.9,16.9,era5
2024-03-03 06:00:00,0.9,98,0.8,0.28,1021.6,6.7,16.2,era5
2024-03-03 07:00:00,0.9,98,0.3,0.0,1021.0,8.5,16.6,era5
2024-03-03 08:00:00,0.9,98,0.0,0.0,1020.9,8.9,18.0,era5
2024-03-03 09:00:00,1.1,97,0.1,0.0,1020.8,9.2,19.8,era5
2024-03-03 10:00:00,1.3,95,0.1,0.07,1020.4,8.4,19.4,era5
2024-03-03 11:00:00,2.0,91,0.0,0.0,1020.3,8.7,20.9,era5
2024-03-03 12:00:00,1.8,92,0.6,0.35,1020.2,6.9,19.4,era5
2024-03-03 13:00:00,2.0,91,0.2,0.07,1019.9,7.3,17.6,era5
2024-03-03 14:00:00,2.1,90,0.2,0.07,1019.6,7.3,18.7,era5
2024-03-03 15:00:00,2.4,88,0.2,0.0,1019.5,6.5,19.1,era5
2024-03-03 16:00:00,1.7,91,0.1,0.07,1019.7,7.2,15.8,era5
2024-03-03 17:00:00,2.0,89,0.0,0.0,1019.7,10.4,21.6,era5
2024-03-03 18:00:00,2.1,88,0.0,0.0,1020.0,12.9,27.0,era5
2024-03-03 19:00:00,1.9,88,0.0,0.0,1020.6,15.9,32.8,era5
2024-03-03 20:00:00,1.9,88,0.0,0.0,1021.2,16.9,35.6,era5
2024-03-03 21:00:00,1.8,88,0.0,0.0,1021.8,15.0,35.3,era5
2024-03-03 22:00:00,1.8,89,0.0,0.0,1022.3,14.5,31.3,era5
2024-03-03 23:00:00,1.4,91,0.0,0.0,1023.0,15.0,31.7,era5
2024-03-04 00:00:00,1.6,89,0.0,0.0,1023.8,14.8,31.7,era5
2024-03-04 01:00:00,1.2,90,0.0,0.0,1024.3,14.6,31.3,era5
2024-03-04 02:00:00,1.1,90,0.0,0.0,1024.9,13.8,30.6,era5
2024-03-04 03:00:00,1.1,89,0.0,0.0,1025.3,14.2,29.2,era5
2024-03-04 04:00:00,1.3,90,0.0,0.0,1026.0,15.7,33.1,era5
2024-03-04 05:00:00,0.8,91,0.0,0.0,1026.7,14.8,33.5,era5
2024-03-04 06:00:00,-0.1,94,0.0,0.0,1027.6,13.0,31.3,era5
2024-03-04 07:00:00,0.1,90,0.0,0.0,1028.1,12.2,26.6,era5
2024-03-04 08:00:00,0.1,89,0.0,0.0,1028.9,11.4,25.2,era5
2024-03-04 09:00:00,-0.3,92,0.0,0.0,1029.5,10.8,23.8,era5
2024-03-04 10:00:00,0.1,89,0.0,0.0,1030.2,10.5,22.7,era5
2024-03-04 11:00:00,1.0,79,0.0,0.0,1030.7,10.5,25.6,era5
2024-03-04 12:00:00,1.3,77,0.0,0.0,1031.0,12.0,26.6,era5
2024-03-04 13:00:00,1.5,77,0.0,0.0,1031.4,10.8,27.0,era5
2024-03-04 14:00:00,1.6,77,0.0,0.0,1031.5,9.3,24.8,era5
2024-03-04 15:00:00,1.5,77,0.0,0.0,1031.6,9.2,22.7,era5
2024-03-04 16:00:00,1.0,74,0.0,0.0,1031.8,8.1,21.6,era5
2024-03-04 17:00:00,0.1,81,0.0,0.0,1032.1,5.2,18.4,era5
2024-03-04 18:00:00,-3.0,86,0.0,0.0,1032.3,8.4,11.2,era5
2024-03-04 19:00:00,-3.6,88,0.0,0.0,1032.2,7.6,11.9,era5
2024-03-04 20:00:00,-4.0,89,0.0,0.0,1032.2,8.0,11.5,era5
2024-03-04 21:00:00,-4.9,91,0.0,0.0,1032.2,9.4,13.0,era5
2024-03-04 22:00:00,-5.9,92,0.0,0.0,1031.9,10.3,14.0,era5
2024-03-04 23:00:00,-5.8,93,0.0,0.0,1031.8,9.5,13.3,era5
2024-03-05 00:00:00,-7.0,94,0.0,0.0,1031.6,10.4,13.7,era5
2024-03-05 01:00:00,-7.4,94,0.0,0.0,1031.5,11.7,15.5,era5
2024-03-05 02:00:00,-4.5,91,0.0,0.0,1031.4,7.8,15.5,era5
2024-03-05 03:00:00,-4.3,91,0.0,0.0,1031.3,10.3,16.2,era5
2024-03-05 04:00:00,-4.6,89,0.0,0.0,1031.0,10.7,18.0,era5
2024-03-05 05:00:00,-5.3,89,0.0,0.0,1030.9,11.5,18.7,era5
2024-03-05 06:00:00,-5.7,91,0.0,0.0,1031.1,12.7,23.0,era5
2024-03-05 07:00:00,-5.3,94,0.0,0.0,1030.9,13.2,25.6,era5
2024-03-05 08:00:00,-4.5,94,0.0,0.0,1030.7,12.9,25.9,era5
2024-03-05 09:00:00,-3.2,91,0.0,0.0,1030.6,12.4,26.6,era5
2024-03-05 10:00:00,-2.1,89,0.0,0.0,1030.5,13.7,29.5,era5
2024-03-05 11:00:00,-1.3,87,0.0,0.0,1030.2,11.6,28.4,era5
2024-03-05 12:00:00,-1.0,87,0.0,0.0,1029.9,10.0,25.2,era5
2024-03-05 13:00:00,-0.7,86,0.0,0.0,1029.7,10.2,22.7,era5
2024-03-05 14:00:00,-0.4,86,0.0,0.0,1029.3,10.5,23.8,era5
2024-03-05 15:00:00,-0.4,86,0.0,0.0,1029.3,12.4,27.7,era5
2024-03-05 16:00:00,-1.2,86,0.0,0.0,1028.9,12.4,28.4,era5
2024-03-05 17:00:00,-1.3,86,0.0,0.0,1028.9,12.2,29.2,era5
2024-03-05 18:00:00,-1.6,89,0.0,0.0,1028.9,11.4,28.4,era5
2024-03-05 19:00:00,-1.7,90,0.0,0.0,1028.8,12.2,25.6,era5
2024-03-05 20:00:00,-1.6,90,0.0,0.0,1028.8,12.3,25.9,era5
2024-03-05 21:00:00,-1.5,90,0.0,0.0,1028.9,11.7,25.6,era5
2024-03-05 22:00:00,-1.6,90,0.0,0.0,1029.1,11.6,24.8,era5
2024-03-05 23:00:00,-1.7,90,0.0,0.0,1029.1,10.2,23.8,era5
2024-03-06 00:00:00,-1.8,91,0.0,0.0,1029.2,8.3,20.5,era5
2024-03-06 01:00:00,-2.0,92,0.0,0.0,1029.1,8.1,16.9,era5
2024-03-06 02:00:00,-2.3,94,0.0,0.0,1029.2,8.5,16.6,era5
2024-03-06 03:00:00,-2.2,94,0.0,0.0,1029.3,8.5,16.9,era5
2024-03-06 04:00:00,-3.3,95,0.0,0.0,1029.1,7.6,15.8,era5
2024-03-06 05:00:00,-3.7,94,0.0,0.0,1029.1,8.6,16.6,era5
2024-03-06 06:00:00,-4.0,94,0.0,0.0,1029.4,9.2,18.0,era5
2024-03-06 07:00:00,-4.5,93,0.0,0.0,1029.3,9.4,18.0,era5
2024-03-06 08:00:00,-5.0,93,0.0,0.0,1029.3,10.4,19.8,era5
2024-03-06 09:00:00,-5.0,93,0.0,0.0,1029.5,9.7,20.5,era5
2024-03-06 10:00:00,-4.6,91,0.0,0.0,1029.7,9.4,21.6,era5
2024-03-06 11:00:00,-4.0,88,0.0,0.0,1029.8,8.3,22.3,era5
2024-03-06 12:00:00,-3.6,85,0.0,0.0,1029.5,7.9,20.5,era5
2024-03-06 13:00:00,-2.9,82,0.0,0.0,1029.4,6.5,19.1,era5
2024-03-06 14:00:00,-2.3,79,0.0,0.0,1029.2,6.0,16.9,era5
2024-03-06 15:00:00,-1.7,77,0.0,0.0,1028.9,5.8,15.8,era5
2024-03-06 16:00:00,-1.7,78,0.0,0.0,1028.3,7.0,17.3,era5
2024-03-06 17:00:00,-1.6,82,0.0,0.0,1028.0,8.4,18.7,era5
2024-03-06 18:00:00,-1.7,88,0.0,0.0,1027.6,9.9,20.2,era5
2024-03-06 19:00:00,-1.5,91,0.0,0.0,1027.0,10.8,22.0,era5
2024-03-06 20:00:00,-0.8,90,0.0,0.0,1026.4,10.1,22.7,era5
2024-03-06 21:00:00,-0.3,90,0.0,0.0,1026.0,9.6,20.2,era5
2024-03-06 22:00:00,0.3,89,0.0,0.0,1025.6,10.9,22.0,era5
2024-03-06 23:00:00,1.2,88,0.0,0.0,1025.0,12.5,25.6,era5
2024-03-07 00:00:00,1.8,88,0.0,0.0,1024.3,13.1,26.6,era5
2024-03-07 01:00:00,1.0,92,0.0,0.0,1023.8,15.5,31.0,era5
2024-03-07 02:00:00,1.8,90,0.0,0.0,1023.3,16.4,33.8,era5
2024-03-07 03:00:00,2.1,90,0.0,0.0,1023.0,17.1,35.6,era5
2024-03-07 04:00:00,2.3,89,0.0,0.0,1022.8,17.1,36.0,era5
2024-03-07 05:00:00,2.3,90,0.0,0.0,1022.0,15.6,36.0,era5
2024-03-07 06:00:00,2.4,89,0.0,0.0,1021.4,16.1,33.5,era5
2024-03-07 07:00:00,2.2,90,0.0,0.0,1020.9,15.9,33.8,era5
2024-03-07 08:00:00,2.6,89,0.0,0.0,1020.2,14.8,32.4,era5
2024-03-07 09:00:00,2.9,87,0.0,0.0,1019.7,14.0,31.7,era5
2024-03-07 10:00:00,2.9,86,0.0,0.0,1019.1,16.3,35.6,era5
2024-03-07 11:00:00,2.9,84,0.0,0.0,1018.6,19.9,45.7,era5
2024-03-07 12:00:00,3.0,82,0.0,0.0,1017.9,20.6,47.9,era5
2024-03-07 13:00:00,3.1,81,0.0,0.0,1017.6,20.0,46.4,era5
2024-03-07 14:00:00,3.1,73,0.0,0.0,1017.6,24.7,51.8,era5
2024-03-07 15:00:00,2.7,69,0.0,0.0,1018.1,26.7,62.6,era5
2024-03-07 16:00:00,2.7,67,0.0,0.0,1019.1,24.6,57.6,era5
2024-03-07 17:00:00,2.2,72,0.0,0.0,1019.3,22.8,53.3,era5
2024-03-07 18:00:00,1.7,76,0.0,0.0,1019.6,21.8,49.0,era5
2024-03-07 19:00:00,1.3,79,0.0,0.0,1019.8,21.8,46.8,era5
2024-03-07 20:00:00,1.2,81,0.0,0.0,1020.0,20.2,46.4,era5
2024-03-07 21:00:00,0.7,83,0.0,0.0,1020.2,18.7,42.5,era5
2024-03-07 22:00:00,0.7,84,0.0,0.0,1020.4,18.1,39.6,era5
2024-03-07 23:00:00,0.9,84,0.0,0.0,1020.7,18.1,39.2,era5
2024-03-08 00:00:00,0.7,85,0.1,0.07,1021.0,19.6,41.4,era5
2024-03-08 01:00:00,0.1,82,0.1,0.07,1021.6,18.8,42.5,era5
2024-03-08 02:00:00,-0.8,82,0.0,0.0,1022.3,17.8,40.3,era5
2024-03-08 03:00:00,-1.7,80,0.0,0.0,1023.0,17.3,38.2,era5
2024-03-08 04:00:00,-1.6,79,0.0,0.0,1023.9,16.6,38.5,era5
2024-03-08 05:00:00,-2.2,80,0.0,0.0,1024.4,14.4,34.9,era5
2024-03-08 06:00:00,-3.5,86,0.0,0.0,1024.6,12.0,30.6,era5
2024-03-08 07:00:00,-3.8,89,0.0,0.0,1024.8,11.4,23.8,era5
2024-03-08 08:00:00,-3.3,86,0.0,0.0,1025.0,13.1,27.0,era5
2024-03-08 09:00:00,-3.2,83,0.0,0.0,1025.1,13.4,28.4,era5
2024-03-08 10:00:00,-2.3,77,0.0,0.0,1025.3,14.1,34.6,era5
2024-03-08 11:00:00,-1.9,74,0.0,0.0,1025.6,13.4,31.0,era5
2024-03-08 12:00:00,-1.6,74,0.0,0.0,1025.6,13.7,31.3,era5
2024-03-08 13:00:00,-1.3,72,0.0,0.0,1025.6,13.5,31.7,era5
2024-03-08 14:00:00,-1.1,72,0.0,0.0,1025.5,13.1,31.0,era5
2024-03-08 15:00:00,-0.9,71,0.0,0.0,1025.4,13.0,30.2,era5
2024-03-08 16:00:00,-1.1,68,0.0,0.0,1025.7,12.4,31.0,era5
2024-03-08 17:00:00,-1.6,71,0.0,0.0,1025.4,10.6,27.7,era5
2024-03-08 18:00:00,-2.3,79,0.0,0.0,1025.3,9.3,23.0,era5
2024-03-08 19:00:00,-3.1,88,0.0,0.0,1024.9,7.8,18.7,era5
2024-03-08 20:00:00,-2.7,87,0.0,0.07,1024.5,8.1,15.8,era5
2024-03-08 21:00:00,-2.6,84,0.1,0.07,1024.2,10.2,20.2,era5
2024-03-08 22:00:00,-2.9,84,0.0,0.07,1024.0,10.5,20.9,era5
2024-03-08 23:00:00,-3.4,87,0.1,0.07,1023.7,10.0,20.9,era5
2024-03-09 00:00:00,-3.7,89,0.1,0.07,1023.1,8.9,19.4,era5
2024-03-09 01:00:00,-3.7,91,0.1,0.07,1022.7,8.5,16.9,era5
2024-03-09 02:00:00,-3.7,92,0.0,0.0,1022.3,8.9,16.9,era5
2024-03-09 03:00:00,-4.0,93,0.0,0.0,1021.9,9.5,18.0,era5
2024-03-09 04:00:00,-4.5,92,0.0,0.0,1021.3,10.1,19.4,era5
2024-03-09 05:00:00,-4.6,92,0.0,0.0,1020.8,9.5,19.4,era5
2024-03-09 06:00:00,-4.2,92,0.0,0.0,1020.3,9.4,19.8,era5
2024-03-09 07:00:00,-3.5,93,0.0,0.0,1019.8,8.9,17.6,era5
2024-03-09 08:00:00,-3.0,94,0.3,0.14,1019.3,7.6,17.3,era5
2024-03-09 09:00:00,-2.4,93,0.3,0.21,1018.9,6.1,14.8,era5
2024-03-09 10:00:00,-1.5,92,0.3,0.21,1018.5,4.5,13.0,era5
2024-03-09 11:00:00,-0.5,91,0.2,0.14,1018.3,6.6,16.6,era5
2024-03-09 12:00:00,0.1,90,0.2,0.14,1018.2,7.9,18.4,era5
2024-03-09 13:00:00,1.0,86,0.1,0.07,1018.0,9.7,22.7,era5
2024-03-09 14:00:00,1.4,86,0.1,0.07,1018.0,11.2,25.6,era5
2024-03-09 15:00:00,1.7,85,0.2,0.14,1018.2,11.5,25.6,era5
2024-03-09 16:00:00,1.9,79,0.0,0.0,1018.7,14.2,34.6,era5
2024-03-09 17:00:00,1.3,82,0.0,0.0,1018.9,10.5,31.3,era5
2024-03-09 18:00:00,-0.5,89,0.0,0.0,1019.2,8.8,22.0,era5
2024-03-09 19:00:00,-1.6,89,0.0,0.0,1019.1,10.2,18.0,era5
2024-03-09 20:00:00,-1.5,90,0.0,0.0,1019.0,11.3,21.2,era5
2024-03-09 21:00:00,-0.8,91,0.0,0.0,1018.7,11.2,20.9,era5
2024-03-09 22:00:00,0.8,88,0.0,0.0,1018.5,15.1,31.0,era5
2024-03-09 23:00:00,0.9,89,0.0,0.0,1018.3,13.7,31.7,era5
2024-03-10 00:00:00,1.3,90,0.0,0.0,1018.1,16.5,34.6,era5
2024-03-10 01:00:00,1.6,88,0.0,0.0,1017.9,15.7,35.3,era5
2024-03-10 02:00:00,1.6,88,0.0,0.0,1017.9,17.2,37.1,era5
2024-03-10 03:00:00,1.4,86,0.0,0.0,1017.8,16.7,37.4,era5
2024-03-10 04:00:00,1.6,88,0.0,0.0,1017.5,14.4,36.0,era5
2024-03-10 05:00:00,1.4,91,0.0,0.0,1017.3,12.0,29.9,era5
2024-03-10 06:00:00,1.3,92,0.0,0.0,1017.2,12.0,25.2,era5
2024-03-10 07:00:00,1.6,92,0.1,0.0,1016.8,12.5,27.0,era5
2024-03-10 08:00:00,1.7,92,0.1,0.0,1016.2,11.3,25.6,era5
2024-03-10 09:00:00,2.0,90,0.1,0.07,1016.0,13.0,27.0,era5
2024-03-10 10:00:00,2.7,87,0.0,0.0,1015.7,13.3,29.2,era5
2024-03-10 11:00:00,3.1,85,0.3,0.07,1015.6,14.8,33.1,era5
2024-03-10 12:00:00,3.5,82,0.0,0.0,1015.4,13.5,32.4,era5
2024-03-10 13:00:00,3.4,82,0.1,0.0,1015.1,14.0,32.0,era5
2024-03-10 14:00:00,3.7,79,0.0,0.0,1014.9,14.5,32.8,era5
2024-03-10 15:00:00,3.4,81,0.0,0.0,1014.5,12.6,32.4,era5
2024-03-10 16:00:00,3.6,78,0.0,0.0,1014.0,12.6,28.4,era5
2024-03-10 17:00:00,3.4,80,0.0,0.0,1013.6,13.0,28.4,era5
2024-03-10 18:00:00,3.0,81,0.0,0.0,1013.4,14.3,30.6,era5
2024-03-10 19:00:00,2.5,82,0.0,0.0,1012.9,15.8,32.8,era5
2024-03-10 20:00:00,2.8,81,0.0,0.0,1012.5,17.3,36.4,era5
2024-03-10 21:00:00,3.0,83,0.0,0.0,1012.4,18.4,38.9,era5
2024-03-10 22:00:00,3.0,84,0.0,0.0,1012.4,18.6,39.6,era5
2024-03-10 23:00:00,2.9,84,0.0,0.0,1012.4,19.3,41.8,era5
2024-03-11 00:00:00,1.8,87,0.0,0.0,1012.5,17.8,41.0,era5
2024-03-11 01:00:00,1.6,87,0.0,0.0,1012.7,19.5,40.3,era5
2024-03-11 02:00:00,1.4,86,0.0,0.0,1013.0,20.3,43.2,era5
2024-03-11 03:00:00,1.1,85,0.0,0.0,1013.5,20.2,43.6,era5
2024-03-11 04:00:00,1.1,84,0.0,0.0,1014.1,18.7,40.0,era5
2024-03-11 05:00:00,0.5,84,0.0,0.0,1014.6,18.9,40.3,era5
2024-03-11 06:00:00,0.4,82,0.0,0.0,1015.2,18.5,40.7,era5
2024-03-11 07:00:00,0.2,83,0.0,0.0,1015.8,17.3,39.2,era5
2024-03-11 08:00:00,0.1,83,0.0,0.0,1016.4,15.9,36.4,era5
2024-03-11 09:00:00,0.0,82,0.0,0.0,1017.1,14.2,34.2,era5
2024-03-11 10:00:00,0.2,77,0.0,0.0,1017.6,14.9,37.4,era5
2024-03-11 11:00:00,0.4,75,0.0,0.0,1018.3,15.8,34.6,era5
2024-03-11 12:00:00,0.6,75,0.0,0.0,1018.9,14.5,34.6,era5
2024-03-11 13:00:00,0.7,74,0.0,0.0,1019.0,13.2,32.4,era5
2024-03-11 14:00:00,0.9,72,0.0,0.0,1019.1,12.9,30.2,era5
2024-03-11 15:00:00,0.8,72,0.0,0.0,1019.0,11.8,29.5,era5
2024-03-11 16:00:00,0.7,72,0.0,0.0,1019.2,12.6,28.1,era5
2024-03-11 17:00:00,0.5,74,0.0,0.0,1019.4,9.0,29.5,era5
2024-03-11 18:00:00,-0.2,81,0.0,0.0,1019.4,6.4,19.8,era5
2024-03-11 19:00:00,-0.7,85,0.0,0.0,1019.4,6.4,13.3,era5
2024-03-11 20:00:00,-1.4,87,0.0,0.0,1019.2,4.4,11.5,era5
2024-03-11 21:00:00,-2.1,87,0.0,0.0,1019.0,4.8,7.9,era5
2024-03-11 22:00:00,-3.1,88,0.0,0.0,1018.7,6.8,10.1,era5
2024-03-11 23:00:00,-1.5,85,0.0,0.0,1018.7,4.4,9.7,era5
2024-03-12 00:00:00,-1.8,88,0.1,0.07,1018.5,3.4,6.8,era5
2024-03-12 01:00:00,-2.6,90,0.1,0.07,1018.1,5.1,8.3,era5
2024-03-12 02:00:00,-1.9,89,0.0,0.0,1017.8,5.2,8.6,era5
2024-03-12 03:00:00,-2.0,89,0.0,0.0,1017.7,6.1,10.4,era5
2024-03-12 04:00:00,-1.1,87,0.0,0.0,1017.4,9.0,15.1,era5
2024-03-12 05:00:00,-1.5,86,0.0,0.0,1017.0,9.4,16.2,era5
2024-03-12 06:00:00,-2.3,87,0.0,0.0,1016.8,9.4,15.8,era5
2024-03-12 07:00:00,-2.9,88,0.0,0.0,1016.5,7.9,15.8,era5
2024-03-12 08:00:00,-2.8,88,0.0,0.0,1016.1,7.3,13.7,era5
2024-03-12 09:00:00,-1.4,88,0.0,0.0,1015.6,7.5,14.8,era5
2024-03-12 10:00:00,0.4,83,0.0,0.0,1015.3,9.4,21.6,era5
2024-03-12 11:00:00,0.8,81,0.0,0.0,1015.0,9.3,22.3,era5
2024-03-12 12:00:00,1.1,77,0.0,0.0,1014.7,10.3,24.5,era5
2024-03-12 13:00:00,1.4,72,0.0,0.0,1014.1,10.6,25.9,era5
2024-03-12 14:00:00,1.5,69,0.0,0.0,1013.7,10.4,25.9,era5
2024-03-12 15:00:00,1.4,67,0.0,0.0,1013.3,9.3,25.6,era5
2024-03-12 16:00:00,1.0,69,0.0,0.0,1013.3,10.4,26.3,era5
2024-03-12 17:00:00,0.1,73,0.0,0.0,1013.1,8.3,24.1,era5
2024-03-12 18:00:00,-1.5,81,0.0,0.0,1013.3,8.4,18.4,era5
2024-03-12 19:00:00,-2.3,85,0.0,0.0,1013.5,9.4,18.4,era5
2024-03-12 20:00:00,-2.9,87,0.0,0.0,1013.7,10.2,19.4,era5
2024-03-12 21:00:00,-3.0,87,0.0,0.0,1013.9,11.8,22.7,era5
2024-03-12 22:00:00,-2.2,86,0.0,0.0,1014.2,14.0,28.1,era5
2024-03-12 23:00:00,-2.0,87,0.0,0.0,1014.6,13.8,30.2,era5
2024-03-13 00:00:00,-2.0,85,0.0,0.0,1015.3,14.5,29.5,era5
2024-03-13 01:00:00,-3.1,86,0.0,0.0,1015.8,14.1,30.2,era5
2024-03-13 02:00:00,-4.0,86,0.0,0.0,1016.4,14.1,29.2,era5
2024-03-13 03:00:00,-4.4,84,0.0,0.0,1016.8,13.8,29.2,era5
2024-03-13 04:00:00,-5.6,87,0.0,0.0,1017.5,12.1,27.4,era5
2024-03-13 05:00:00,-6.7,88,0.0,0.0,1017.8,10.8,23.8,era5
2024-03-13 06:00:00,-7.4,88,0.0,0.0,1017.8,9.0,21.2,era5
2024-03-13 07:00:00,-7.4,86,0.0,0.0,1018.0,7.5,17.3,era5
2024-03-13 08:00:00,-7.3,83,0.0,0.0,1018.3,7.3,13.7,era5
2024-03-13 09:00:00,-7.0,82,0.0,0.0,1018.5,6.6,13.3,era5
2024-03-13 10:00:00,-5.9,66,0.0,0.0,1018.3,7.6,19.4,era5
2024-03-13 11:00:00,-5.4,62,0.0,0.0,1018.1,8.0,19.1,era5
2024-03-13 12:00:00,-5.0,61,0.0,0.0,1017.8,8.7,20.5,era5
2024-03-13 13:00:00,-4.7,59,0.0,0.0,1017.4,8.9,21.6,era5
2024-03-13 14:00:00,-4.6,59,0.0,0.0,1016.7,9.2,22.3,era5
2024-03-13 15:00:00,-4.7,62,0.0,0.0,1016.0,9.2,22.3,era5
2024-03-13 16:00:00,-5.0,69,0.1,0.07,1015.5,11.4,25.9,era5
2024-03-13 17:00:00,-5.1,73,0.1,0.07,1014.6,11.7,26.3,era5
2024-03-13 18:00:00,-5.4,79,0.1,0.07,1013.8,11.4,25.9,era5
2024-03-13 19:00:00,-5.7,84,0.1,0.07,1013.2,11.6,24.5,era5
2024-03-13 20:00:00,-5.5,87,0.1,0.07,1012.4,11.9,25.2,era5
2024-03-13 21:00:00,-5.3,90,0.1,0.07,1011.7,13.0,27.0,era5
2024-03-13 22:00:00,-5.4,93,0.0,0.0,1010.8,11.6,27.0,era5
2024-03-13 23:00:00,-5.0,93,0.0,0.0,1010.3,8.7,23.4,era5
2024-03-14 00:00:00,-4.9,95,0.0,0.0,1009.6,6.4,16.9,era5
2024-03-14 01:00:00,-4.9,96,0.0,0.0,1008.9,5.8,12.2,era5
2024-03-14 02:00:00,-4.9,95,0.0,0.0,1008.2,6.3,11.5,era5
2024-03-14 03:00:00,-4.9,95,0.0,0.0,1007.4,6.9,12.2,era5
2024-03-14 04:00:00,-4.8,95,0.0,0.0,1006.4,8.0,14.4,era5
2024-03-14 05:00:00,-4.8,96,0.0,0.0,1005.5,8.8,16.2,era5
2024-03-14 06:00:00,-4.7,95,0.0,0.0,1004.9,9.5,16.6,era5
2024-03-14 07:00:00,-4.6,95,0.1,0.0,1003.9,10.1,18.0,era5
2024-03-14 08:00:00,-4.5,96,0.0,0.0,1003.0,10.0,20.2,era5
2024-03-14 09:00:00,-4.4,96,0.0,0.0,1001.9,10.8,23.0,era5
2024-03-14 10:00:00,-4.3,95,0.0,0.0,1000.8,11.5,25.6,era5
2024-03-14 11:00:00,-4.1,94,0.0,0.0,1000.0,12.1,27.7,era5
2024-03-14 12:00:00,-3.6,92,0.1,0.07,998.4,14.5,31.7,era5
2024-03-14 13:00:00,-3.2,89,0.2,0.14,996.9,15.9,34.9,era5
2024-03-14 14:00:00,-3.2,90,0.2,0.14,995.1,16.1,35.3,era5
2024-03-14 15:00:00,-3.0,92,0.8,0.56,993.1,18.1,37.4,era5
2024-03-14 16:00:00,-2.3,93,1.2,0.84,990.4,21.1,44.6,era5
2024-03-14 17:00:00,-1.8,96,1.5,1.05,987.5,20.9,42.5,era5
2024-03-14 18:00:00,-0.9,97,1.5,1.05,985.4,21.0,45.7,era5
2024-03-14 19:00:00,0.2,98,0.9,0.63,983.5,19.1,43.9,era5
2024-03-14 20:00:00,1.4,94,0.2,0.07,982.4,16.7,40.3,era5
2024-03-14 21:00:00,2.4,89,0.1,0.0,982.0,16.8,35.6,era5
2024-03-14 22:00:00,2.3,86,0.2,0.0,982.6,17.7,38.2,era5
2024-03-14 23:00:00,1.2,86,0.0,0.0,983.3,14.8,38.5,era5
2024-03-15 00:00:00,-0.1,87,0.0,0.0,984.3,13.9,31.3,era5
2024-03-15 01:00:00,-1.7,85,0.0,0.0,985.3,11.9,29.2,era5
2024-03-15 02:00:00,-3.4,83,0.0,0.0,986.4,10.8,24.1,era5
2024-03-15 03:00:00,-4.7,85,0.0,0.0,987.0,10.8,21.2,era5
2024-03-15 04:00:00,-6.0,85,0.0,0.0,987.8,10.3,23.4,era5
2024-03-15 05:00:00,-6.4,84,0.0,0.0,988.3,8.5,19.4,era5
2024-03-15 06:00:00,-6.0,84,0.1,0.07,988.6,7.7,16.2,era5
2024-03-15 07:00:00,-5.4,84,0.2,0.14,988.8,5.7,15.8,era5
2024-03-15 08:00:00,-5.3,85,0.0,0.0,988.9,6.3,13.7,era5
2024-03-15 09:00:00,-4.8,83,0.1,0.07,989.4,5.4,13.0,era5
2024-03-15 10:00:00,-4.5,81,0.3,0.21,989.7,8.3,19.1,era5
2024-03-15 11:00:00,-4.0,80,0.1,0.07,990.2,8.6,20.5,era5
2024-03-15 12:00:00,-3.6,79,0.0,0.07,991.0,7.6,20.2,era5
2024-03-15 13:00:00,-2.9,75,0.0,0.0,991.6,7.9,19.8,era5
2024-03-15 14:00:00,-2.2,72,0.0,0.0,992.6,7.6,19.8,era5
2024-03-15 15:00:00,-1.7,70,0.0,0.0,993.6,7.6,19.4,era5
2024-03-15 16:00:00,-1.8,73,0.0,0.0,995.1,7.9,19.1,era5
2024-03-15 17:00:00,-1.7,74,0.0,0.0,996.0,7.3,19.1,era5
2024-03-15 18:00:00,-1.9,79,0.0,0.0,996.5,7.9,17.3,era5
2024-03-15 19:00:00,-2.3,84,0.1,0.07,997.2,9.1,19.1,era5
2024-03-15 20:00:00,-2.6,87,0.1,0.07,997.9,9.1,18.4,era5
2024-03-15 21:00:00,-2.9,90,0.2,0.14,998.4,9.4,19.1,era5
2024-03-15 22:00:00,-2.9,90,0.2,0.14,999.3,10.6,22.0,era5
2024-03-15 23:00:00,-3.1,90,0.1,0.07,999.8,10.5,22.7,era5
2024-03-16 00:00:00,-3.4,92,0.1,0.07,1000.0,8.9,21.2,era5
2024-03-16 01:00:00,-3.6,92,0.1,0.07,1000.0,8.2,19.1,era5
2024-03-16 02:00:00,-3.7,93,0.0,0.0,1000.4,7.4,16.2,era5
2024-03-16 03:00:00,-3.4,91,0.1,0.07,1000.0,9.2,17.6,era5
2024-03-16 04:00:00,-3.4,88,0.1,0.07,999.4,11.1,22.3,era5
2024-03-16 05:00:00,-3.7,88,0.1,0.07,998.9,10.1,22.7,era5
2024-03-16 06:00:00,-3.9,90,0.4,0.28,998.4,8.9,20.9,era5
2024-03-16 07:00:00,-4.0,90,0.6,0.42,997.3,9.0,18.4,era5
2024-03-16 08:00:00,-3.8,90,0.4,0.28,996.5,8.0,18.4,era5
2024-03-16 09:00:00,-3.5,90,0.4,0.28,995.7,5.5,15.8,era5
2024-03-16 10:00:00,-3.0,88,0.2,0.14,995.2,4.7,13.7,era5
2024-03-16 11:00:00,-2.8,88,0.1,0.07,995.4,4.7,11.9,era5
2024-03-16 12:00:00,-2.8,88,0.1,0.07,995.4,7.9,18.4,era5
2024-03-16 13:00:00,-2.8,88,0.1,0.07,995.6,8.2,19.1,era5
2024-03-16 14:00:00,-2.2,83,0.0,0.0,996.4,12.0,26.6,era5
2024-03-16 15:00:00,-1.7,78,0.0,0.0,997.4,14.5,33.1,era5
2024-03-16 16:00:00,-2.2,75,0.0,0.0,998.4,16.4,37.4,era5
2024-03-16 17:00:00,-2.5,74,0.0,0.0,999.6,15.8,36.7,era5
2024-03-16 18:00:00,-3.3,77,0.0,0.0,1000.9,14.8,37.1,era5
2024-03-16 19:00:00,-3.7,76,0.0,0.0,1001.9,17.7,37.1,era5
2024-03-16 20:00:00,-4.7,74,0.0,0.0,1003.3,16.8,38.2,era5
2024-03-16 21:00:00,-6.2,78,0.0,0.0,1004.5,14.1,35.6,era5
2024-03-16 22:00:00,-6.6,78,0.0,0.0,1005.7,15.9,32.8,era5
2024-03-16 23:00:00,-7.1,69,0.0,0.0,1006.8,17.6,37.4,era5
2024-03-17 00:00:00,-8.0,69,0.0,0.0,1007.4,14.5,36.7,era5
2024-03-17 01:00:00,-9.2,75,0.0,0.0,1008.5,12.1,29.5,era5
2024-03-17 02:00:00,-10.1,79,0.0,0.0,1009.4,12.6,24.1,era5
2024-03-17 03:00:00,-10.6,80,0.0,0.0,1010.1,14.0,27.4,era5
2024-03-17 04:00:00,-10.6,75,0.0,0.0,1011.4,13.6,27.7,era5
2024-03-17 05:00:00,-11.1,76,0.0,0.0,1012.4,13.9,27.4,era5
2024-03-17 06:00:00,-11.9,78,0.0,0.0,1013.5,13.5,27.4,era5
2024-03-17 07:00:00,-12.4,79,0.0,0.0,1014.7,13.6,27.4,era5
2024-03-17 08:00:00,-12.6,80,0.0,0.0,1015.6,12.4,25.9,era5
2024-03-17 09:00:00,-11.5,73,0.0,0.0,1016.8,12.1,25.6,era5
2024-03-17 10:00:00,-10.4,67,0.0,0.0,1017.8,9.0,25.2,era5
2024-03-17 11:00:00,-9.2,62,0.0,0.0,1018.8,8.7,22.7,era5
2024-03-17 12:00:00,-8.1,59,0.0,0.0,1019.6,7.2,22.0,era5
2024-03-17 13:00:00,-6.9,57,0.0,0.0,1020.2,6.2,19.4,era5
2024-03-17 14:00:00,-5.7,54,0.0,0.0,1020.4,4.0,17.3,era5
2024-03-17 15:00:00,-4.7,52,0.0,0.0,1020.9,4.8,14.8,era5
2024-03-17 16:00:00,-4.1,50,0.0,0.0,1021.7,6.6,17.6,era5
2024-03-17 17:00:00,-4.5,55,0.0,0.0,1021.9,6.3,17.6,era5
2024-03-17 18:00:00,-6.0,66,0.0,0.0,1022.4,8.6,15.1,era5
2024-03-17 19:00:00,-7.8,75,0.0,0.0,1022.8,10.5,18.7,era5
2024-03-17 20:00:00,-8.9,76,0.0,0.0,1023.4,9.8,18.4,era5
2024-03-17 21:00:00,-12.4,80,0.0,0.0,1023.5,10.5,16.2,era5
2024-03-17 22:00:00,-14.1,81,0.0,0.0,1024.1,12.1,16.2,era5
2024-03-17 23:00:00,-15.1,83,0.0,0.0,1024.1,12.2,16.6,era5
2024-03-18 00:00:00,-15.1,82,0.0,0.0,1024.1,12.0,16.9,era5
2024-03-18 01:00:00,-15.1,83,0.0,0.0,1024.0,11.1,16.2,era5
2024-03-18 02:00:00,-10.9,76,0.0,0.0,1023.5,10.5,16.9,era5
2024-03-18 03:00:00,-10.3,79,0.0,0.0,1022.8,13.4,25.2,era5
2024-03-18 04:00:00,-9.4,75,0.0,0.0,1021.3,15.5,31.0,era5
2024-03-18 05:00:00,-8.7,69,0.0,0.0,1020.4,15.1,31.7,era5
2024-03-18 06:00:00,-8.6,67,0.0,0.0,1019.9,12.7,31.3,era5
2024-03-18 07:00:00,-7.7,63,0.0,0.0,1019.4,10.7,25.6,era5
2024-03-18 08:00:00,-6.4,55,0.0,0.0,1019.1,10.3,21.6,era5
2024-03-18 09:00:00,-5.6,50,0.0,0.0,1019.0,8.9,21.6,era5
2024-03-18 10:00:00,-4.5,46,0.0,0.0,1019.0,9.4,21.6,era5
2024-03-18 11:00:00,-3.8,47,0.0,0.0,1018.9,8.8,20.9,era5
2024-03-18 12:00:00,-3.4,46,0.0,0.0,1018.1,11.5,28.1,era5
2024-03-18 13:00:00,-2.7,44,0.0,0.0,1017.8,11.4,28.8,era5
2024-03-18 14:00:00,-2.6,45,0.0,0.0,1017.2,12.1,29.5,era5
2024-03-18 15:00:00,-2.6,50,0.0,0.0,1016.7,13.0,30.2,era5
2024-03-18 16:00:00,-1.1,47,0.0,0.0,1015.5,13.7,31.7,era5
2024-03-18 17:00:00,-1.1,46,0.0,0.0,1015.0,14.0,37.1,era5
2024-03-18 18:00:00,-1.4,49,0.0,0.0,1015.2,10.8,31.0,era5
2024-03-18 19:00:00,-1.8,53,0.0,0.0,1015.4,9.8,23.4,era5
2024-03-18 20:00:00,-1.9,55,0.0,0.0,1015.5,11.3,24.5,era5
2024-03-18 21:00:00,-3.6,61,0.0,0.0,1015.6,10.1,24.1,era5
2024-03-18 22:00:00,-4.9,66,0.0,0.0,1015.9,6.1,20.2,era5
2024-03-18 23:00:00,-7.6,66,0.0,0.0,1016.3,8.4,13.3,era5
2024-03-19 00:00:00,-6.5,63,0.0,0.0,1016.4,5.9,13.0,era5
2024-03-19 01:00:00,-5.6,64,0.0,0.0,1016.3,8.0,13.7,era5
2024-03-19 02:00:00,-6.3,68,0.0,0.0,1016.4,8.7,14.4,era5
2024-03-19 03:00:00,-5.8,75,0.1,0.07,1016.5,7.8,16.2,era5
2024-03-19 04:00:00,-4.6,75,0.0,0.0,1015.9,7.9,16.9,era5
2024-03-19 05:00:00,-6.1,82,0.0,0.0,1016.3,7.6,15.5,era5
2024-03-19 06:00:00,-6.7,80,0.0,0.0,1016.5,6.2,12.2,era5
2024-03-19 07:00:00,-9.5,84,0.0,0.0,1016.7,9.0,12.2,era5
2024-03-19 08:00:00,-9.0,84,0.0,0.0,1016.9,8.0,12.6,era5
2024-03-19 09:00:00,-6.1,80,0.0,0.0,1017.1,4.5,11.5,era5
2024-03-19 10:00:00,-3.4,74,0.0,0.0,1017.6,3.1,9.7,era5
2024-03-19 11:00:00,-1.9,71,0.3,0.21,1017.9,3.6,11.5,era5
2024-03-19 12:00:00,-0.5,68,0.0,0.0,1018.0,5.5,15.1,era5
2024-03-19 13:00:00,0.4,65,0.0,0.0,1018.0,6.1,17.3,era5
2024-03-19 14:00:00,1.0,63,0.0,0.0,1018.0,6.9,18.0,era5
2024-03-19 15:00:00,1.7,58,0.0,0.0,1017.8,7.4,19.8,era5
2024-03-19 16:00:00,2.3,54,0.0,0.0,1017.6,6.4,19.8,era5
2024-03-19 17:00:00,1.6,62,0.0,0.0,1017.5,6.2,17.3,era5
2024-03-19 18:00:00,0.1,69,0.0,0.0,1017.4,6.6,14.0,era5
2024-03-19 19:00:00,-1.0,73,0.0,0.0,1017.2,8.2,14.4,era5
2024-03-19 20:00:00,-1.7,74,0.0,0.0,1017.4,9.7,15.8,era5
2024-03-19 21:00:00,-2.8,73,0.0,0.0,1017.5,8.0,16.6,era5
2024-03-19 22:00:00,-3.7,73,0.0,0.0,1017.6,7.4,12.6,era5
2024-03-19 23:00:00,-4.1,72,0.0,0.0,1017.6,7.2,12.2,era5
2024-03-20 00:00:00,-5.6,77,0.0,0.0,1017.5,7.6,11.5,era5
2024-03-20 01:00:00,-4.2,73,0.0,0.0,1017.1,6.8,11.5,era5
2024-03-20 02:00:00,-4.5,76,0.0,0.0,1016.9,5.6,10.8,era5
2024-03-20 03:00:00,-5.5,80,0.0,0.0,1016.8,5.7,8.6,era5
2024-03-20 04:00:00,-5.4,79,0.0,0.0,1016.1,7.6,10.4,era5
2024-03-20 05:00:00,-5.5,80,0.0,0.0,1015.8,7.2,10.4,era5
2024-03-20 06:00:00,-4.1,78,0.0,0.0,1015.5,7.2,11.2,era5
2024-03-20 07:00:00,-4.1,81,0.0,0.0,1015.2,7.2,12.2,era5
2024-03-20 08:00:00,-4.1,83,0.0,0.0,1015.1,7.6,15.1,era5
2024-03-20 09:00:00,-3.4,83,0.0,0.0,1015.0,7.2,15.5,era5
2024-03-20 10:00:00,-2.5,80,0.0,0.0,1015.0,6.8,16.6,era5
2024-03-20 11:00:00,-1.8,78,0.0,0.0,1014.7,8.0,19.1,era5
2024-03-20 12:00:00,-1.4,78,0.0,0.0,1014.1,9.7,23.0,era5
2024-03-20 13:00:00,-0.8,76,0.0,0.0,1013.7,10.1,25.2,era5
2024-03-20 14:00:00,-0.0,73,0.0,0.0,1013.5,11.3,26.6,era5
2024-03-20 15:00:00,0.2,73,0.0,0.0,1013.3,11.3,27.4,era5
2024-03-20 16:00:00,0.1,71,0.0,0.0,1013.0,10.0,27.0,era5
2024-03-20 17:00:00,-0.3,73,0.0,0.0,1012.9,8.7,23.8,era5
2024-03-20 18:00:00,-1.2,80,0.0,0.0,1013.0,7.7,20.2,era5
2024-03-20 19:00:00,-2.7,88,0.0,0.0,1012.9,8.6,16.6,era5
2024-03-20 20:00:00,-3.0,87,0.0,0.0,1012.8,9.1,15.1,era5
2024-03-20 21:00:00,-3.3,88,0.0,0.0,1012.8,9.0,15.1,era5
2024-03-20 22:00:00,-3.2,89,0.0,0.0,1012.8,8.0,14.8,era5
2024-03-20 23:00:00,-3.0,90,0.0,0.0,1012.7,7.2,13.0,era5
2024-03-21 00:00:00,-2.9,92,0.0,0.0,1012.5,7.2,11.9,era5
2024-03-21 01:00:00,-2.8,96,0.0,0.0,1012.4,7.9,15.1,era5
2024-03-21 02:00:00,-2.5,96,0.0,0.0,1012.1,7.6,15.1,era5
2024-03-21 03:00:00,-2.3,96,0.0,0.0,1011.7,7.6,14.8,era5
2024-03-21 04:00:00,-2.1,95,0.0,0.0,1011.0,8.0,15.1,era5
2024-03-21 05:00:00,-1.6,94,0.0,0.0,1010.7,9.4,18.4,era5
2024-03-21 06:00:00,-1.2,94,0.0,0.0,1010.4,10.1,19.8,era5
2024-03-21 07:00:00,-0.9,94,0.0,0.0,1009.8,9.7,19.8,era5
2024-03-21 08:00:00,-0.5,94,0.1,0.07,1009.4,10.0,19.8,era5
2024-03-21 09:00:00,-0.2,94,0.1,0.07,1009.2,9.7,19.8,era5
2024-03-21 10:00:00,0.5,89,0.1,0.07,1009.0,10.2,23.4,era5
2024-03-21 11:00:00,1.0,87,0.1,0.07,1008.8,9.2,23.0,era5
2024-03-21 12:00:00,1.3,84,0.1,0.07,1008.6,8.3,21.6,era5
2024-03-21 13:00:00,1.9,79,0.1,0.07,1008.5,8.3,19.4,era5
2024-03-21 14:00:00,2.3,75,0.1,0.07,1008.5,8.9,21.2,era5
2024-03-21 15:00:00,2.4,75,0.1,0.07,1008.6,9.2,22.7,era5
2024-03-21 16:00:00,2.2,77,0.0,0.0,1008.9,11.2,25.6,era5
2024-03-21 17:00:00,1.9,78,0.0,0.0,1009.0,12.9,30.2,era5
2024-03-21 18:00:00,1.6,80,0.0,0.0,1009.2,12.1,31.7,era5
2024-03-21 19:00:00,1.1,82,0.0,0.0,1009.4,12.5,27.0,era5
2024-03-21 20:00:00,0.5,82,0.0,0.0,1009.4,12.9,27.0,era5
2024-03-21 21:00:00,-0.0,83,0.0,0.0,1009.5,10.8,27.0,era5
2024-03-21 22:00:00,-1.1,89,0.0,0.0,1009.8,9.1,22.3,era5
2024-03-21 23:00:00,-1.4,92,0.0,0.0,1009.7,8.5,16.9,era5
2024-03-22 00:00:00,-1.9,95,0.0,0.0,1009.7,9.5,17.3,era5
2024-03-22 01:00:00,-2.8,94,0.0,0.0,1009.6,11.0,20.9,era5
2024-03-22 02:00:00,-4.1,92,0.0,0.0,1009.5,11.6,22.7,era5
2024-03-22 03:00:00,-4.7,91,0.0,0.0,1009.5,11.2,22.7,era5
2024-03-22 04:00:00,-5.3,89,0.0,0.0,1009.2,9.6,20.5,era5
2024-03-22 05:00:00,-6.2,89,0.0,0.0,1009.0,9.8,18.4,era5
2024-03-22 06:00:00,-6.5,90,0.0,0.0,1008.6,9.3,18.4,era5
2024-03-22 07:00:00,-7.1,91,0.0,0.0,1008.3,8.2,17.3,era5
2024-03-22 08:00:00,-6.6,93,0.0,0.0,1008.1,7.9,15.5,era5
2024-03-22 09:00:00,-4.9,87,0.0,0.0,1007.8,6.4,15.5,era5
2024-03-22 10:00:00,-3.7,82,0.0,0.0,1007.5,4.1,13.7,era5
2024-03-22 11:00:00,-2.8,77,0.0,0.0,1007.2,4.2,11.9,era5
2024-03-22 12:00:00,-2.3,76,0.0,0.0,1006.7,4.3,13.0,era5
2024-03-22 13:00:00,-1.9,74,0.0,0.0,1006.4,5.6,15.8,era5
2024-03-22 14:00:00,-1.8,73,0.0,0.0,1005.9,6.0,16.2,era5
2024-03-22 15:00:00,-1.6,71,0.0,0.0,1005.5,5.2,16.2,era5
2024-03-22 16:00:00,-2.1,70,0.0,0.0,1005.1,6.1,19.1,era5
2024-03-22 17:00:00,-2.3,69,0.0,0.0,1004.5,6.1,16.2,era5
2024-03-22 18:00:00,-3.1,74,0.0,0.0,1004.2,5.1,15.5,era5
2024-03-22 19:00:00,-4.2,80,0.0,0.0,1003.9,6.8,11.9,era5
2024-03-22 20:00:00,-4.4,79,0.0,0.0,1003.5,7.9,15.5,era5
2024-03-22 21:00:00,-5.0,80,0.0,0.0,1003.4,9.1,17.6,era5
2024-03-22 22:00:00,-5.8,82,0.0,0.0,1003.3,9.8,18.7,era5
2024-03-22 23:00:00,-6.0,81,0.0,0.0,1002.9,10.6,20.2,era5
2024-03-23 00:00:00,-6.1,81,0.0,0.0,1002.6,10.2,20.9,era5
2024-03-23 01:00:00,-6.6,85,0.0,0.0,1002.4,11.2,21.6,era5
2024-03-23 02:00:00,-6.7,86,0.0,0.0,1002.2,11.9,23.4,era5
2024-03-23 03:00:00,-7.2,88,0.0,0.0,1002.1,12.7,25.2,era5
2024-03-23 04:00:00,-6.9,87,0.0,0.0,1001.7,13.3,28.4,era5
2024-03-23 05:00:00,-7.2,86,0.0,0.0,1001.7,12.5,28.1,era5
2024-03-23 06:00:00,-7.8,85,0.0,0.0,1001.8,13.0,28.1,era5
2024-03-23 07:00:00,-8.9,84,0.0,0.0,1001.7,14.5,30.6,era5
2024-03-23 08:00:00,-9.4,81,0.0,0.0,1001.8,13.7,32.0,era5
2024-03-23 09:00:00,-9.3,76,0.0,0.0,1002.1,12.8,29.9,era5
2024-03-23 10:00:00,-9.0,70,0.0,0.0,1002.2,12.9,29.5,era5
2024-03-23 11:00:00,-8.7,66,0.0,0.0,1002.2,12.6,30.2,era5
2024-03-23 12:00:00,-7.9,61,0.0,0.0,1002.0,12.9,31.0,era5
2024-03-23 13:00:00,-7.1,57,0.0,0.0,1001.6,13.6,32.0,era5
2024-03-23 14:00:00,-6.5,55,0.0,0.0,1001.4,14.4,33.8,era5
2024-03-23 15:00:00,-6.1,54,0.0,0.0,1001.4,14.4,33.8,era5
2024-03-23 16:00:00,-6.6,52,0.0,0.0,1001.6,13.9,33.5,era5
2024-03-23 17:00:00,-7.1,55,0.0,0.0,1001.8,13.2,32.0,era5
2024-03-23 18:00:00,-8.0,60,0.0,0.0,1002.1,13.7,29.9,era5
2024-03-23 19:00:00,-9.4,66,0.0,0.0,1002.5,14.0,29.2,era5
2024-03-23 20:00:00,-10.7,72,0.0,0.0,1002.9,15.3,30.6,era5
2024-03-23 21:00:00,-11.4,76,0.0,0.0,1003.3,15.6,31.3,era5
2024-03-23 22:00:00,-12.0,79,0.0,0.0,1003.6,15.0,31.3,era5
2024-03-23 23:00:00,-12.6,81,0.0,0.0,1003.8,13.8,30.2,era5
2024-03-24 00:00:00,-13.1,81,0.0,0.0,1003.9,13.0,27.7,era5
2024-03-24 01:00:00,-13.5,81,0.0,0.0,1004.0,12.2,25.9,era5
2024-03-24 02:00:00,-14.2,80,0.0,0.0,1004.2,10.6,23.8,era5
2024-03-24 03:00:00,-14.8,80,0.0,0.0,1004.4,10.5,20.2,era5
2024-03-24 04:00:00,-14.9,79,0.0,0.0,1004.7,12.2,22.7,era5
2024-03-24 05:00:00,-15.0,80,0.0,0.0,1005.0,11.6,23.0,era5
2024-03-24 06:00:00,-15.1,80,0.0,0.0,1005.3,12.1,22.7,era5
2024-03-24 07:00:00,-15.0,81,0.0,0.0,1005.5,12.4,23.4,era5
2024-03-24 08:00:00,-14.0,77,0.0,0.0,1005.6,12.0,23.8,era5
2024-03-24 09:00:00,-12.5,72,0.0,0.0,1005.9,9.4,24.5,era5
2024-03-24 10:00:00,-11.1,66,0.0,0.0,1005.9,8.7,21.6,era5
2024-03-24 11:00:00,-10.0,61,0.0,0.0,1006.3,8.0,20.9,era5
2024-03-24 12:00:00,-8.9,56,0.0,0.0,1006.4,7.6,20.2,era5
2024-03-24 13:00:00,-8.0,52,0.0,0.0,1006.2,7.3,19.8,era5
2024-03-24 14:00:00,-7.3,49,0.0,0.0,1006.2,7.3,19.4,era5
2024-03-24 15:00:00,-6.9,49,0.0,0.0,1006.4,7.3,19.8,era5
2024-03-24 16:00:00,-6.5,47,0.0,0.0,1006.2,7.6,21.6,era5
2024-03-24 17:00:00,-6.7,50,0.0,0.0,1006.3,7.3,20.2,era5
2024-03-24 18:00:00,-8.0,61,0.0,0.0,1006.3,5.8,18.0,era5
2024-03-24 19:00:00,-9.0,68,0.0,0.0,1006.4,8.7,15.1,era5
2024-03-24 20:00:00,-10.0,73,0.0,0.0,1006.5,10.4,18.4,era5
2024-03-24 21:00:00,-10.5,74,0.0,0.0,1006.8,11.6,21.6,era5
2024-03-24 22:00:00,-10.5,74,0.0,0.0,1006.9,12.6,24.1,era5
2024-03-24 23:00:00,-11.0,77,0.0,0.0,1007.2,11.9,24.5,era5
2024-03-25 00:00:00,-11.4,78,0.0,0.0,1007.4,10.8,23.0,era5
2024-03-25 01:00:00,-12.1,80,0.0,0.0,1007.5,10.2,20.9,era5
2024-03-25 02:00:00,-12.9,81,0.0,0.0,1007.3,10.2,20.2,era5
2024-03-25 03:00:00,-13.6,81,0.0,0.0,1007.4,10.6,19.8,era5
2024-03-25 04:00:00,-14.5,80,0.0,0.0,1007.4,10.0,19.8,era5
2024-03-25 05:00:00,-14.5,79,0.0,0.0,1007.2,9.7,19.8,era5
2024-03-25 06:00:00,-15.0,80,0.0,0.0,1007.2,10.0,19.8,era5
2024-03-25 07:00:00,-15.6,80,0.0,0.0,1007.0,9.7,19.4,era5
2024-03-25 08:00:00,-14.9,76,0.0,0.0,1007.1,8.9,19.1,era5
2024-03-25 09:00:00,-13.8,71,0.0,0.0,1007.2,7.0,17.3,era5
2024-03-25 10:00:00,-12.6,67,0.0,0.0,1007.4,7.1,17.6,era5
2024-03-25 11:00:00,-11.2,62,0.0,0.0,1007.3,7.0,18.4,era5
2024-03-25 12:00:00,-9.8,59,0.0,0.0,1007.1,6.7,18.7,era5
2024-03-25 13:00:00,-8.7,56,0.0,0.0,1006.9,5.8,18.0,era5
2024-03-25 14:00:00,-7.8,54,0.0,0.0,1006.6,4.9,16.2,era5
2024-03-25 15:00:00,-7.5,55,0.0,0.0,1006.6,5.1,14.8,era5
2024-03-25 16:00:00,-7.1,55,0.0,0.0,1006.1,5.8,15.8,era5
2024-03-25 17:00:00,-7.5,58,0.0,0.0,1006.1,6.6,17.3,era5
2024-03-25 18:00:00,-8.7,65,0.0,0.0,1006.3,7.0,17.3,era5
2024-03-25 19:00:00,-10.7,75,0.0,0.0,1006.3,7.5,16.2,era5
2024-03-25 20:00:00,-11.9,78,0.0,0.0,1006.5,7.9,14.8,era5
2024-03-25 21:00:00,-12.3,78,0.0,0.0,1006.6,8.2,14.0,era5
2024-03-25 22:00:00,-12.0,78,0.0,0.0,1006.8,8.4,14.8,era5
2024-03-25 23:00:00,-11.6,79,0.0,0.0,1007.0,8.4,15.5,era5
2024-03-26 00:00:00,-11.5,81,0.0,0.0,1007.2,8.2,15.5,era5
2024-03-26 01:00:00,-11.6,83,0.0,0.0,1007.3,7.9,15.1,era5
2024-03-26 02:00:00,-12.1,84,0.0,0.0,1007.6,6.8,14.4,era5
2024-03-26 03:00:00,-13.1,84,0.0,0.0,1008.0,5.2,12.2,era5
2024-03-26 04:00:00,-17.0,90,0.0,0.0,1008.6,7.8,10.8,era5
2024-03-26 05:00:00,-17.2,90,0.0,0.0,1008.8,7.3,10.8,era5
2024-03-26 06:00:00,-17.4,90,0.0,0.0,1009.3,5.8,10.1,era5
2024-03-26 07:00:00,-15.9,88,0.0,0.0,1009.5,4.5,9.0,era5
2024-03-26 08:00:00,-15.1,85,0.0,0.0,1010.0,4.7,9.7,era5
2024-03-26 09:00:00,-12.0,78,0.0,0.0,1010.3,3.6,9.7,era5
2024-03-26 10:00:00,-9.6,70,0.0,0.0,1010.6,1.6,8.3,era5
2024-03-26 11:00:00,-8.5,67,0.0,0.0,1011.0,1.5,7.6,era5
2024-03-26 12:00:00,-7.6,64,0.0,0.0,1011.3,2.5,9.7,era5
2024-03-26 13:00:00,-6.9,64,0.0,0.0,1011.5,4.4,13.7,era5
2024-03-26 14:00:00,-6.3,62,0.0,0.0,1011.6,5.2,15.8,era5
2024-03-26 15:00:00,-6.0,62,0.0,0.0,1011.7,5.2,15.5,era5
2024-03-26 16:00:00,-6.2,63,0.0,0.0,1011.7,6.1,16.9,era5
2024-03-26 17:00:00,-6.5,67,0.0,0.0,1012.0,6.9,17.6,era5
2024-03-26 18:00:00,-7.0,73,0.0,0.0,1012.2,7.4,18.0,era5
2024-03-26 19:00:00,-7.9,83,0.0,0.0,1012.5,6.3,16.2,era5
2024-03-26 20:00:00,-8.6,85,0.0,0.0,1012.7,7.7,12.2,era5
2024-03-26 21:00:00,-9.0,86,0.0,0.0,1012.9,7.1,12.6,era5
2024-03-26 22:00:00,-11.9,89,0.0,0.0,1013.3,9.8,12.6,era5
2024-03-26 23:00:00,-10.4,88,0.0,0.0,1013.5,8.2,12.6,era5
2024-03-27 00:00:00,-9.8,88,0.0,0.0,1013.7,7.9,10.8,era5
2024-03-27 01:00:00,-9.7,89,0.1,0.0,1013.8,8.0,10.4,era5
2024-03-27 02:00:00,-9.2,89,0.0,0.0,1013.8,8.0,10.8,era5
2024-03-27 03:00:00,-9.8,91,0.0,0.0,1014.1,7.9,10.4,era5
2024-03-27 04:00:00,-9.1,92,0.0,0.0,1013.9,7.0,9.4,era5
2024-03-27 05:00:00,-8.8,93,0.0,0.0,1014.1,5.6,9.0,era5
2024-03-27 06:00:00,-8.5,94,0.0,0.0,1014.2,4.0,7.6,era5
2024-03-27 07:00:00,-9.0,94,0.0,0.0,1014.2,4.7,6.5,era5
2024-03-27 08:00:00,-9.1,93,0.0,0.0,1014.4,2.5,7.2,era5
2024-03-27 09:00:00,-8.3,94,0.0,0.0,1014.5,2.6,8.6,era5
2024-03-27 10:00:00,-7.3,88,0.0,0.0,1014.7,4.0,12.2,era5
2024-03-27 11:00:00,-6.5,85,0.0,0.0,1014.9,5.1,15.1,era5
2024-03-27 12:00:00,-5.7,83,0.0,0.0,1015.0,6.2,17.3,era5
2024-03-27 13:00:00,-5.0,80,0.0,0.0,1014.9,7.2,19.4,era5
2024-03-27 14:00:00,-4.4,74,0.0,0.0,1014.7,8.0,20.9,era5
2024-03-27 15:00:00,-3.8,73,0.0,0.0,1014.9,8.7,21.6,era5
2024-03-27 16:00:00,-3.7,70,0.0,0.0,1014.4,7.2,19.4,era5
2024-03-27 17:00:00,-3.7,70,0.0,0.0,1014.2,6.8,18.7,era5
2024-03-27 18:00:00,-4.6,75,0.0,0.0,1014.1,5.4,17.6,era5
2024-03-27 19:00:00,-6.7,85,0.0,0.0,1014.0,7.3,12.6,era5
2024-03-27 20:00:00,-7.4,82,0.0,0.0,1014.1,7.4,15.5,era5
2024-03-27 21:00:00,-7.3,81,0.0,0.0,1014.4,9.7,15.8,era5
2024-03-27 22:00:00,-8.2,84,0.0,0.0,1014.4,7.2,15.8,era5
2024-03-27 23:00:00,-12.1,91,0.0,0.0,1014.3,12.1,16.2,era5
2024-03-28 00:00:00,-11.8,92,0.0,0.0,1014.3,11.6,16.6,era5
2024-03-28 01:00:00,-12.2,93,0.0,0.0,1014.0,11.3,15.5,era5
2024-03-28 02:00:00,-11.8,93,0.0,0.0,1013.8,9.7,15.1,era5
2024-03-28 03:00:00,-12.3,94,0.0,0.0,1013.4,9.7,14.0,era5
2024-03-28 04:00:00,-10.5,93,0.0,0.0,1012.7,8.0,14.8,era5
2024-03-28 05:00:00,-10.3,92,0.0,0.0,1012.3,9.7,16.2,era5
2024-03-28 06:00:00,-9.9,92,0.0,0.0,1011.9,10.5,18.7,era5
2024-03-28 07:00:00,-9.0,89,0.0,0.0,1011.4,12.1,23.4,era5
2024-03-28 08:00:00,-7.4,90,0.0,0.0,1010.8,13.5,27.4,era5
2024-03-28 09:00:00,-6.1,90,0.0,0.0,1010.2,16.0,34.2,era5
2024-03-28 10:00:00,-4.9,89,0.1,0.07,1009.2,18.3,37.4,era5
2024-03-28 11:00:00,-4.0,89,0.1,0.07,1008.3,20.8,43.9,era5
2024-03-28 12:00:00,-3.7,90,0.1,0.07,1007.4,19.8,44.6,era5
2024-03-28 13:00:00,-3.1,91,0.3,0.21,1006.2,20.8,43.9,era5
2024-03-28 14:00:00,-2.6,91,0.5,0.35,1005.3,20.3,44.3,era5
2024-03-28 15:00:00,-2.6,93,0.8,0.56,1004.4,18.9,43.6,era5
2024-03-28 16:00:00,-2.8,94,1.4,0.98,1003.3,16.5,42.5,era5
2024-03-28 17:00:00,-2.4,95,0.7,0.49,1002.3,14.8,34.9,era5
2024-03-28 18:00:00,-2.4,96,0.5,0.35,1001.9,10.3,31.0,era5
2024-03-28 19:00:00,-2.1,97,0.4,0.28,1001.6,9.8,23.8,era5
2024-03-28 20:00:00,-2.0,97,0.2,0.14,1001.4,6.5,19.8,era5
2024-03-28 21:00:00,-2.0,97,0.2,0.14,1001.4,4.7,13.0,era5
2024-03-28 22:00:00,-2.2,97,0.2,0.14,1001.0,3.4,8.6,era5
2024-03-28 23:00:00,-1.8,95,0.1,0.07,1000.8,8.2,13.0,era5
2024-03-29 00:00:00,-1.3,89,0.0,0.0,1001.1,13.6,27.4,era5
2024-03-29 01:00:00,-2.1,82,0.0,0.0,1001.2,14.8,31.0,era5
2024-03-29 02:00:00,-2.8,80,0.0,0.0,1001.5,13.8,31.3,era5
2024-03-29 03:00:00,-3.5,83,0.0,0.0,1001.6,12.9,28.4,era5
2024-03-29 04:00:00,-4.2,86,0.0,0.0,1001.6,13.5,28.4,era5
2024-03-29 05:00:00,-5.3,90,0.0,0.0,1001.6,13.2,27.4,era5
2024-03-29 06:00:00,-6.1,91,0.0,0.0,1001.7,13.1,26.6,era5
2024-03-29 07:00:00,-6.6,91,0.0,0.0,1002.0,13.0,25.9,era5
2024-03-29 08:00:00,-5.9,88,0.0,0.0,1002.1,12.1,26.3,era5
2024-03-29 09:00:00,-4.2,81,0.0,0.0,1002.4,14.0,32.0,era5
2024-03-29 10:00:00,-3.4,79,0.0,0.0,1002.3,11.7,29.9,era5
2024-03-29 11:00:00,-2.3,75,0.0,0.0,1002.6,12.6,29.9,era5
2024-03-29 12:00:00,-0.9,72,0.0,0.0,1002.7,12.9,31.0,era5
2024-03-29 13:00:00,-0.0,69,0.0,0.0,1002.9,16.2,37.1,era5
2024-03-29 14:00:00,0.3,68,0.0,0.0,1003.3,15.5,37.1,era5
2024-03-29 15:00:00,0.5,67,0.0,0.0,1003.6,16.2,37.4,era5
2024-03-29 16:00:00,-0.2,71,0.0,0.0,1004.2,15.5,34.9,era5
2024-03-29 17:00:00,-0.2,72,0.0,0.0,1004.4,13.8,36.0,era5
2024-03-29 18:00:00,-0.3,73,0.0,0.0,1004.5,11.4,30.2,era5
2024-03-29 19:00:00,-0.8,74,0.0,0.0,1004.6,10.6,25.2,era5
2024-03-29 20:00:00,-1.5,76,0.0,0.0,1004.9,12.0,24.1,era5
2024-03-29 21:00:00,-3.3,82,0.0,0.0,1005.6,10.6,24.5,era5
2024-03-29 22:00:00,-4.7,84,0.0,0.0,1005.9,9.7,20.2,era5
2024-03-29 23:00:00,-5.2,84,0.0,0.0,1006.3,9.7,16.6,era5
2024-03-30 00:00:00,-6.0,86,0.0,0.0,1006.7,7.2,15.5,era5
2024-03-30 01:00:00,-6.7,87,0.0,0.0,1007.1,6.8,14.4,era5
2024-03-30 02:00:00,-6.7,87,0.0,0.0,1007.4,6.4,12.6,era5
2024-03-30 03:00:00,-6.3,86,0.0,0.0,1007.6,5.5,10.8,era5
2024-03-30 04:00:00,-7.0,86,0.0,0.0,1007.5,5.9,10.4,era5
2024-03-30 05:00:00,-6.1,82,0.0,0.0,1007.5,6.6,11.2,era5
2024-03-30 06:00:00,-5.7,80,0.0,0.0,1007.7,6.2,10.8,era5
2024-03-30 07:00:00,-7.9,83,0.0,0.0,1007.7,8.4,11.9,era5
2024-03-30 08:00:00,-6.4,82,0.0,0.0,1007.8,5.2,11.5,era5
2024-03-30 09:00:00,-4.6,77,0.0,0.0,1008.1,4.6,13.0,era5
2024-03-30 10:00:00,-3.9,74,0.0,0.0,1008.3,5.9,15.8,era5
2024-03-30 11:00:00,-3.4,71,0.0,0.0,1008.2,7.9,20.2,era5
2024-03-30 12:00:00,-2.9,67,0.0,0.0,1008.0,7.7,21.6,era5
2024-03-30 13:00:00,-2.3,63,0.0,0.0,1007.8,6.6,20.5,era5
2024-03-30 14:00:00,-2.1,62,0.0,0.0,1007.4,7.5,20.5,era5
2024-03-30 15:00:00,-2.3,63,0.0,0.0,1007.2,7.2,20.9,era5
2024-03-30 16:00:00,-2.4,65,0.0,0.0,1006.7,6.6,20.5,era5
2024-03-30 17:00:00,-2.8,68,0.0,0.0,1006.7,7.1,18.4,era5
2024-03-30 18:00:00,-3.5,76,0.0,0.0,1006.4,6.3,18.4,era5
2024-03-30 19:00:00,-4.3,84,0.0,0.0,1006.3,5.1,15.1,era5
2024-03-30 20:00:00,-5.1,92,0.1,0.07,1006.3,5.7,11.9,era5
2024-03-30 21:00:00,-5.6,94,0.2,0.14,1006.5,5.8,12.6,era5
2024-03-30 22:00:00,-5.8,94,0.3,0.21,1006.1,5.8,12.6,era5
2024-03-30 23:00:00,-5.9,94,0.3,0.21,1006.1,5.8,12.6,era5
2024-03-31 00:00:00,-5.9,93,0.3,0.21,1005.7,6.8,14.4,era5
2024-03-31 01:00:00,-5.9,92,0.4,0.28,1005.1,6.6,14.4,era5
2024-03-31 02:00:00,-5.8,92,0.4,0.21,1004.4,6.2,14.0,era5
2024-03-31 03:00:00,-5.8,92,0.2,0.14,1004.3,5.0,11.9,era5
2024-03-31 04:00:00,-6.1,93,0.2,0.14,1004.3,4.3,9.7,era5
2024-03-31 05:00:00,-6.0,92,0.3,0.21,1004.1,3.6,8.3,era5
2024-03-31 06:00:00,-6.0,92,0.3,0.21,1004.0,3.4,6.5,era5
2024-03-31 07:00:00,-5.9,91,0.1,0.07,1004.0,3.9,7.6,era5
2024-03-31 08:00:00,-5.4,87,0.1,0.07,1004.3,3.7,10.1,era5
2024-03-31 09:00:00,-4.8,83,0.0,0.07,1004.7,5.1,12.6,era5
2024-03-31 10:00:00,-4.1,78,0.0,0.0,1005.5,7.9,19.1,era5
2024-03-31 11:00:00,-3.5,75,0.0,0.0,1006.6,9.8,23.4,era5
2024-03-31 12:00:00,-2.7,70,0.0,0.0,1007.5,12.1,27.7,era5
2024-03-31 13:00:00,-2.3,70,0.0,0.0,1008.1,14.9,34.2,era5
2024-03-31 14:00:00,-1.9,68,0.0,0.0,1008.8,12.7,34.6,era5
2024-03-31 15:00:00,-1.2,65,0.0,0.0,1009.6,9.7,29.2,era5
2024-03-31 16:00:00,-1.1,67,0.0,0.0,1010.6,7.8,23.4,era5
2024-03-31 17:00:00,-0.9,67,0.0,0.0,1011.0,5.7,19.4,era5
2024-03-31 18:00:00,-1.0,67,0.0,0.0,1011.4,5.5,15.5,era5
2024-03-31 19:00:00,-2.4,77,0.0,0.0,1011.7,5.4,14.4,era5
2024-03-31 20:00:00,-4.1,79,0.0,0.0,1012.0,5.7,7.6,era5
2024-03-31 21:00:00,-5.4,80,0.0,0.0,1012.6,5.4,7.6,era5
2024-03-31 22:00:00,-7.7,85,0.0,0.0,1012.1,5.9,8.3,era5
2024-03-31 23:00:00,-9.3,88,0.0,0.0,1012.4,7.4,10.4,era5
2024-04-01 00:00:00,-8.5,85,0.0,0.0,1012.5,9.1,11.5,era5
2024-04-01 01:00:00,-9.1,84,0.0,0.0,1012.5,10.4,13.7,era5
2024-04-01 02:00:00,-5.9,81,0.0,0.0,1012.2,7.8,13.7,era5
2024-04-01 03:00:00,-5.2,83,0.0,0.0,1012.2,9.3,16.9,era5
2024-04-01 04:00:00,-6.0,85,0.0,0.0,1012.5,9.6,15.8,era5
2024-04-01 05:00:00,-5.7,84,0.0,0.0,1012.0,10.0,18.7,era5
2024-04-01 06:00:00,-5.4,84,0.0,0.0,1011.7,10.0,19.8,era5
2024-04-01 07:00:00,-5.3,85,0.1,0.07,1010.9,9.6,20.9,era5
2024-04-01 08:00:00,-5.3,84,0.1,0.07,1010.8,9.4,20.2,era5
2024-04-01 09:00:00,-5.3,84,0.2,0.14,1010.7,9.6,23.0,era5
2024-04-01 10:00:00,-5.2,84,0.4,0.28,1010.4,9.1,22.3,era5
2024-04-01 11:00:00,-5.1,83,0.5,0.35,1009.9,9.9,22.3,era5
2024-04-01 12:00:00,-4.8,83,0.5,0.35,1009.2,10.6,23.4,era5
2024-04-01 13:00:00,-4.7,82,0.5,0.42,1008.4,12.0,26.6,era5
2024-04-01 14:00:00,-4.6,82,0.5,0.35,1007.2,15.3,33.5,era5
2024-04-01 15:00:00,-4.3,82,0.7,0.49,1006.6,17.1,36.7,era5
2024-04-01 16:00:00,-4.5,84,0.9,0.56,1006.2,18.3,39.6,era5
2024-04-01 17:00:00,-4.0,84,0.8,0.56,1005.8,16.1,39.6,era5
2024-04-01 18:00:00,-4.1,85,0.8,0.56,1005.7,16.6,35.6,era5
2024-04-01 19:00:00,-4.2,86,0.7,0.49,1005.4,16.5,36.4,era5
2024-04-01 20:00:00,-4.3,87,0.5,0.35,1005.1,17.0,36.4,era5
2024-04-01 21:00:00,-4.3,85,0.5,0.35,1005.5,17.7,37.8,era5
2024-04-01 22:00:00,-4.5,85,0.4,0.28,1005.8,18.2,38.9,era5
2024-04-01 23:00:00,-4.8,84,0.4,0.28,1006.2,20.6,43.2,era5
2024-04-02 00:00:00,-5.2,80,0.3,0.21,1006.8,22.9,48.6,era5
2024-04-02 01:00:00,-5.6,78,0.1,0.07,1007.8,22.0,48.6,era5
2024-04-02 02:00:00,-6.0,77,0.0,0.0,1008.8,20.7,46.8,era5
2024-04-02 03:00:00,-6.6,77,0.0,0.0,1009.7,19.1,43.9,era5
2024-04-02 04:00:00,-7.8,82,0.0,0.0,1010.7,16.4,38.2,era5
2024-04-02 05:00:00,-9.2,86,0.0,0.0,1011.2,16.1,34.2,era5
2024-04-02 06:00:00,-10.3,87,0.0,0.0,1011.9,15.5,32.8,era5
2024-04-02 07:00:00,-10.6,87,0.0,0.0,1012.4,16.1,32.8,era5
2024-04-02 08:00:00,-8.7,80,0.0,0.0,1012.8,16.6,36.7,era5
2024-04-02 09:00:00,-7.2,75,0.0,0.0,1013.4,15.5,36.4,era5
2024-04-02 10:00:00,-6.4,72,0.0,0.0,1014.0,16.0,36.4,era5
2024-04-02 11:00:00,-5.6,66,0.0,0.0,1014.5,15.4,36.7,era5
2024-04-02 12:00:00,-5.0,60,0.0,0.0,1014.9,13.5,35.3,era5
2024-04-02 13:00:00,-4.6,54,0.0,0.0,1015.2,12.9,32.8,era5
2024-04-02 14:00:00,-4.4,51,0.0,0.0,1015.6,11.4,31.3,era5
2024-04-02 15:00:00,-4.3,48,0.0,0.0,1015.6,9.5,28.4,era5
2024-04-02 16:00:00,-4.3,48,0.0,0.0,1016.0,8.7,25.9,era5
2024-04-02 17:00:00,-4.7,49,0.0,0.0,1016.0,7.0,22.7,era5
2024-04-02 18:00:00,-6.0,56,0.0,0.0,1015.9,4.7,19.1,era5
2024-04-02 19:00:00,-8.6,64,0.0,0.0,1015.8,8.3,11.5,era5
2024-04-02 20:00:00,-11.5,72,0.0,0.0,1016.0,8.8,11.5,era5
2024-04-02 21:00:00,-14.1,81,0.0,0.0,1016.3,8.9,12.2,era5
2024-04-02 22:00:00,-15.3,87,0.0,0.0,1015.9,9.2,13.0,era5
2024-04-02 23:00:00,-16.0,88,0.0,0.0,1015.6,9.4,13.0,era5
2024-04-03 00:00:00,-16.4,87,0.0,0.0,1015.7,8.5,13.0,era5
2024-04-03 01:00:00,-14.4,82,0.0,0.0,1015.6,6.8,12.2,era5
2024-04-03 02:00:00,-15.0,81,0.0,0.0,1015.5,6.8,11.9,era5
2024-04-03 03:00:00,-15.7,81,0.0,0.0,1015.3,6.6,12.2,era5
2024-04-03 04:00:00,-14.7,80,0.0,0.0,1014.7,11.0,18.4,era5
2024-04-03 05:00:00,-14.8,81,0.0,0.0,1014.5,11.1,18.7,era5
2024-04-03 06:00:00,-15.1,83,0.0,0.0,1014.1,11.4,20.2,era5
2024-04-03 07:00:00,-14.6,86,0.0,0.0,1013.7,10.9,21.2,era5
2024-04-03 08:00:00,-13.1,85,0.0,0.0,1013.8,9.8,21.6,era5
2024-04-03 09:00:00,-10.9,74,0.0,0.0,1013.8,6.5,21.2,era5
2024-04-03 10:00:00,-8.8,64,0.0,0.0,1013.9,7.8,20.2,era5
2024-04-03 11:00:00,-7.3,58,0.0,0.0,1013.6,8.2,22.0,era5
2024-04-03 12:00:00,-6.4,53,0.0,0.0,1013.3,6.9,21.6,era5
2024-04-03 13:00:00,-5.9,50,0.0,0.0,1013.0,7.2,20.5,era5
2024-04-03 14:00:00,-5.6,49,0.0,0.0,1012.7,8.7,23.4,era5
2024-04-03 15:00:00,-5.6,49,0.0,0.0,1012.5,10.2,26.3,era5
2024-04-03 16:00:00,-6.0,47,0.0,0.0,1012.3,10.2,26.3,era5
2024-04-03 17:00:00,-6.4,47,0.0,0.0,1012.4,10.6,26.6,era5
2024-04-03 18:00:00,-7.1,53,0.0,0.0,1012.4,9.3,25.9,era5
2024-04-03 19:00:00,-8.4,62,0.0,0.0,1012.6,9.6,21.2,era5
2024-04-03 20:00:00,-10.1,71,0.0,0.0,1012.9,10.7,20.2,era5
2024-04-03 21:00:00,-10.7,71,0.0,0.0,1013.2,12.2,21.6,era5
2024-04-03 22:00:00,-11.2,73,0.0,0.0,1013.1,11.4,22.0,era5
2024-04-03 23:00:00,-11.7,73,0.0,0.0,1013.1,10.5,21.2,era5
2024-04-04 00:00:00,-12.1,74,0.0,0.0,1013.1,11.3,20.9,era5
2024-04-04 01:00:00,-12.3,75,0.0,0.0,1013.2,11.4,22.3,era5
2024-04-04 02:00:00,-12.3,78,0.0,0.0,1013.6,11.8,22.7,era5
2024-04-04 03:00:00,-12.4,82,0.0,0.0,1014.0,12.0,23.8,era5
2024-04-04 04:00:00,-13.3,84,0.0,0.0,1014.5,13.0,25.2,era5
2024-04-04 05:00:00,-13.4,85,0.0,0.0,1014.7,13.3,26.3,era5
2024-04-04 06:00:00,-13.6,85,0.0,0.0,1015.1,14.0,27.7,era5
2024-04-04 07:00:00,-13.5,85,0.0,0.0,1015.1,13.3,27.4,era5
2024-04-04 08:00:00,-12.5,80,0.0,0.0,1015.3,11.9,26.6,era5
2024-04-04 09:00:00,-10.7,73,0.0,0.0,1015.5,9.0,23.0,era5
2024-04-04 10:00:00,-8.8,68,0.0,0.0,1015.6,10.5,25.6,era5
2024-04-04 11:00:00,-7.4,66,0.0,0.0,1015.7,10.8,27.0,era5
2024-04-04 12:00:00,-6.3,64,0.0,0.0,1015.7,10.1,26.6,era5
2024-04-04 13:00:00,-5.4,61,0.0,0.0,1015.8,10.1,25.9,era5
2024-04-04 14:00:00,-5.0,59,0.0,0.0,1015.9,10.5,26.6,era5
2024-04-04 15:00:00,-4.5,56,0.0,0.0,1016.0,10.3,27.0,era5
2024-04-04 16:00:00,-4.2,50,0.0,0.0,1016.5,8.7,24.8,era5
2024-04-04 17:00:00,-4.3,49,0.0,0.0,1016.7,8.7,23.4,era5
2024-04-04 18:00:00,-5.0,54,0.0,0.0,1016.8,6.1,22.3,era5
2024-04-04 19:00:00,-8.6,68,0.0,0.0,1016.9,8.7,15.1,era5
2024-04-04 20:00:00,-10.4,70,0.0,0.0,1017.0,8.7,13.0,era5
2024-04-04 21:00:00,-9.2,65,0.0,0.0,1017.5,11.1,17.6,era5
2024-04-04 22:00:00,-9.4,66,0.0,0.0,1017.8,10.5,18.4,era5
2024-04-04 23:00:00,-9.6,68,0.0,0.0,1018.0,11.0,17.6,era5
2024-04-05 00:00:00,-10.5,71,0.0,0.0,1018.5,11.8,19.4,era5
2024-04-05 01:00:00,-11.2,74,0.0,0.0,1018.9,11.4,19.4,era5
2024-04-05 02:00:00,-11.6,77,0.0,0.0,1019.2,11.6,19.1,era5
2024-04-05 03:00:00,-11.9,78,0.0,0.0,1019.6,11.3,19.1,era5
2024-04-05 04:00:00,-12.2,77,0.0,0.0,1020.3,11.5,19.8,era5
2024-04-05 05:00:00,-12.0,76,0.0,0.0,1020.6,11.7,19.1,era5
2024-04-05 06:00:00,-12.1,75,0.0,0.0,1020.9,11.4,18.7,era5
2024-04-05 07:00:00,-12.2,75,0.0,0.0,1021.1,10.1,18.4,era5
2024-04-05 08:00:00,-11.5,74,0.0,0.0,1021.4,6.6,16.2,era5
2024-04-05 09:00:00,-10.0,69,0.0,0.0,1021.9,4.2,14.4,era5
2024-04-05 10:00:00,-7.3,57,0.0,0.0,1021.8,3.5,12.6,era5
2024-04-05 11:00:00,-5.7,52,0.0,0.0,1022.2,3.3,12.6,era5
2024-04-05 12:00:00,-4.4,47,0.0,0.0,1022.1,4.0,13.7,era5
2024-04-05 13:00:00,-3.6,45,0.0,0.0,1022.1,3.4,13.7,era5
2024-04-05 14:00:00,-3.2,43,0.0,0.0,1021.8,3.8,13.3,era5
2024-04-05 15:00:00,-2.9,40,0.0,0.0,1021.5,6.6,18.7,era5
2024-04-05 16:00:00,-3.1,38,0.0,0.0,1020.9,9.0,23.8,era5
2024-04-05 17:00:00,-3.6,39,0.0,0.0,1020.5,8.9,24.1,era5
2024-04-05 18:00:00,-4.7,48,0.0,0.0,1020.2,6.6,22.7,era5
2024-04-05 19:00:00,-6.8,60,0.0,0.0,1019.9,7.2,15.8,era5
2024-04-05 20:00:00,-7.8,62,0.0,0.0,1019.7,9.4,14.4,era5
2024-04-05 21:00:00,-7.9,59,0.0,0.0,1019.6,11.8,19.4,era5
2024-04-05 22:00:00,-8.7,63,0.0,0.0,1019.6,11.1,19.1,era5
2024-04-05 23:00:00,-8.8,68,0.0,0.0,1019.1,9.3,18.4,era5
2024-04-06 00:00:00,-9.1,69,0.0,0.0,1018.5,7.7,15.8,era5
2024-04-06 01:00:00,-9.7,67,0.0,0.0,1017.9,6.9,13.3,era5
2024-04-06 02:00:00,-9.1,67,0.0,0.0,1017.3,10.8,17.3,era5
2024-04-06 03:00:00,-8.9,70,0.0,0.0,1016.7,9.3,18.4,era5
2024-04-06 04:00:00,-8.5,71,0.0,0.0,1015.7,11.1,19.1,era5
2024-04-06 05:00:00,-8.2,73,0.0,0.0,1014.9,11.6,22.7,era5
2024-04-06 06:00:00,-7.9,74,0.0,0.0,1014.1,11.0,23.0,era5
2024-04-06 07:00:00,-7.5,74,0.1,0.07,1013.2,11.8,24.5,era5
2024-04-06 08:00:00,-6.9,75,0.1,0.07,1012.4,13.0,28.4,era5
2024-04-06 09:00:00,-6.3,76,0.2,0.14,1011.6,13.0,32.8,era5
2024-04-06 10:00:00,-6.1,80,0.2,0.14,1010.8,14.1,32.0,era5
2024-04-06 11:00:00,-5.6,80,0.1,0.07,1010.1,12.1,31.3,era5
2024-04-06 12:00:00,-5.3,80,0.2,0.14,1009.1,10.0,28.1,era5
2024-04-06 13:00:00,-4.9,79,0.1,0.07,1008.3,8.6,23.8,era5
2024-04-06 14:00:00,-4.6,78,0.1,0.07,1007.7,7.3,21.2,era5
2024-04-06 15:00:00,-4.4,77,0.1,0.07,1007.1,6.5,18.7,era5
2024-04-06 16:00:00,-4.3,75,0.1,0.07,1006.6,4.3,14.8,era5
2024-04-06 17:00:00,-4.1,74,0.0,0.0,1006.4,4.7,12.6,era5
2024-04-06 18:00:00,-3.9,71,0.0,0.0,1006.4,6.2,15.1,era5
2024-04-06 19:00:00,-4.3,76,0.1,0.07,1006.5,4.0,15.5,era5
2024-04-06 20:00:00,-5.2,82,0.1,0.07,1006.8,5.0,9.4,era5
2024-04-06 21:00:00,-8.0,86,0.0,0.0,1007.1,7.8,10.8,era5
2024-04-06 22:00:00,-8.5,85,0.0,0.0,1007.3,7.9,12.6,era5
2024-04-06 23:00:00,-9.4,85,0.0,0.0,1007.4,8.2,13.3,era5
2024-04-07 00:00:00,-11.4,87,0.0,0.0,1007.6,11.0,15.5,era5
2024-04-07 01:00:00,-12.6,89,0.0,0.0,1007.7,12.3,16.2,era5
2024-04-07 02:00:00,-12.0,88,0.0,0.0,1007.9,10.6,16.6,era5
2024-04-07 03:00:00,-12.0,88,0.0,0.0,1008.4,9.5,15.8,era5
2024-04-07 04:00:00,-13.5,92,0.0,0.0,1008.6,10.5,18.4,era5
2024-04-07 05:00:00,-13.7,92,0.0,0.0,1009.0,10.4,15.5,era5
2024-04-07 06:00:00,-14.7,93,0.0,0.0,1009.3,11.0,15.8,era5
2024-04-07 07:00:00,-14.3,91,0.0,0.0,1009.5,10.2,15.5,era5
2024-04-07 08:00:00,-11.6,84,0.0,0.0,1010.0,6.7,14.0,era5
2024-04-07 09:00:00,-9.2,78,0.0,0.0,1010.6,3.6,13.3,era5
2024-04-07 10:00:00,-6.7,73,0.0,0.0,1010.2,1.8,9.0,era5
2024-04-07 11:00:00,-4.8,62,0.0,0.0,1010.2,0.8,9.7,era5
2024-04-07 12:00:00,-3.7,58,0.0,0.0,1010.1,4.6,15.1,era5
2024-04-07 13:00:00,-3.2,57,0.0,0.0,1009.9,6.9,19.1,era5
2024-04-07 14:00:00,-3.0,58,0.0,0.0,1009.3,7.3,20.5,era5
2024-04-07 15:00:00,-3.4,61,0.0,0.0,1008.7,7.1,20.2,era5
2024-04-07 16:00:00,-3.1,62,0.0,0.0,1008.8,8.9,22.0,era5
2024-04-07 17:00:00,-3.5,64,0.0,0.0,1007.9,9.8,23.4,era5
2024-04-07 18:00:00,-3.7,67,0.0,0.0,1007.0,9.2,23.0,era5
2024-04-07 19:00:00,-4.2,73,0.0,0.0,1005.8,7.4,21.2,era5
2024-04-07 20:00:00,-4.8,77,0.1,0.07,1005.2,8.8,17.6,era5
2024-04-07 21:00:00,-4.9,80,0.1,0.07,1004.4,9.7,19.1,era5
2024-04-07 22:00:00,-4.9,84,0.1,0.07,1003.7,9.3,19.4,era5
2024-04-07 23:00:00,-5.0,86,0.1,0.07,1003.0,10.1,20.5,era5
2024-04-08 00:00:00,-4.9,87,0.1,0.07,1002.1,11.2,23.0,era5
2024-04-08 01:00:00,-4.9,89,0.1,0.07,1001.3,11.3,23.4,era5
2024-04-08 02:00:00,-5.0,90,0.1,0.07,1001.1,10.6,23.0,era5
2024-04-08 03:00:00,-4.7,90,0.0,0.0,1000.9,12.0,24.1,era5
2024-04-08 04:00:00,-4.7,91,0.0,0.0,1000.9,11.4,23.4,era5
2024-04-08 05:00:00,-4.8,91,0.1,0.07,1001.1,10.5,23.4,era5
2024-04-08 06:00:00,-4.8,90,0.0,0.0,1001.2,10.1,21.6,era5
2024-04-08 07:00:00,-4.4,88,0.0,0.0,1001.5,11.3,23.4,era5
2024-04-08 08:00:00,-3.9,85,0.0,0.0,1001.9,10.4,25.2,era5
2024-04-08 09:00:00,-3.6,84,0.1,0.07,1002.6,9.0,22.0,era5
2024-04-08 10:00:00,-3.1,82,0.0,0.0,1003.1,9.3,21.6,era5
2024-04-08 11:00:00,-2.2,79,0.0,0.0,1004.0,9.5,23.8,era5
2024-04-08 12:00:00,-1.5,78,0.0,0.0,1004.5,9.7,23.8,era5
2024-04-08 13:00:00,-1.5,79,0.0,0.0,1004.9,9.1,23.8,era5
2024-04-08 14:00:00,-1.5,79,0.1,0.07,1005.3,9.1,22.7,era5
2024-04-08 15:00:00,-1.4,80,0.2,0.14,1005.4,10.6,24.8,era5
2024-04-08 16:00:00,-1.5,79,0.0,0.0,1005.8,12.8,29.2,era5
2024-04-08 17:00:00,-2.1,85,0.1,0.07,1006.3,11.8,29.5,era5
2024-04-08 18:00:00,-2.5,88,0.4,0.28,1006.4,11.9,27.4,era5
2024-04-08 19:00:00,-2.8,89,0.6,0.42,1006.2,13.4,28.1,era5
2024-04-08 20:00:00,-2.9,90,0.4,0.28,1006.2,14.2,29.9,era5
2024-04-08 21:00:00,-2.9,92,0.7,0.49,1006.3,14.1,29.9,era5
2024-04-08 22:00:00,-2.8,93,0.7,0.49,1006.0,14.9,31.0,era5
2024-04-08 23:00:00,-2.8,92,0.6,0.42,1005.6,14.0,31.0,era5
2024-04-09 00:00:00,-2.9,92,0.4,0.28,1005.4,12.0,28.8,era5
2024-04-09 01:00:00,-3.0,92,0.5,0.35,1005.6,10.7,25.2,era5
2024-04-09 02:00:00,-3.0,92,0.2,0.14,1005.7,8.6,22.0,era5
2024-04-09 03:00:00,-3.0,92,0.0,0.0,1005.9,7.4,16.9,era5
2024-04-09 04:00:00,-3.1,93,0.3,0.21,1006.1,5.6,11.2,era5
2024-04-09 05:00:00,-3.4,94,0.1,0.07,1006.9,4.1,10.4,era5
2024-04-09 06:00:00,-3.6,94,0.0,0.0,1007.4,3.4,6.8,era5
2024-04-09 07:00:00,-3.0,92,0.0,0.0,1007.5,5.9,13.0,era5
2024-04-09 08:00:00,-2.6,90,0.0,0.0,1007.8,8.4,19.4,era5
2024-04-09 09:00:00,-2.1,89,0.0,0.0,1008.0,8.3,20.5,era5
2024-04-09 10:00:00,-1.7,89,0.0,0.0,1008.5,9.7,22.7,era5
2024-04-09 11:00:00,-1.1,88,0.0,0.0,1008.9,9.0,22.7,era5
2024-04-09 12:00:00,-0.5,86,0.0,0.0,1009.1,9.1,21.6,era5
2024-04-09 13:00:00,0.6,84,0.0,0.0,1009.3,9.0,22.3,era5
2024-04-09 14:00:00,2.2,80,0.0,0.0,1009.4,10.3,25.6,era5
2024-04-09 15:00:00,3.7,76,0.0,0.0,1009.6,9.0,25.6,era5
2024-04-09 16:00:00,1.9,84,0.0,0.0,1010.3,9.7,26.6,era5
2024-04-09 17:00:00,2.2,85,0.0,0.0,1010.5,8.6,22.7,era5
2024-04-09 18:00:00,2.6,85,0.0,0.0,1010.7,9.2,22.0,era5
2024-04-09 19:00:00,2.5,87,0.0,0.0,1010.7,6.6,21.2,era5
2024-04-09 20:00:00,1.6,92,0.0,0.0,1010.9,7.2,15.8,era5
2024-04-09 21:00:00,0.6,95,0.0,0.0,1011.5,6.4,14.0,era5
2024-04-09 22:00:00,-0.0,96,0.0,0.0,1012.0,7.3,11.9,era5
2024-04-09 23:00:00,-1.2,96,0.0,0.0,1012.4,8.7,12.2,era5
2024-04-10 00:00:00,-2.1,96,0.2,0.0,1012.6,9.0,11.5,era5
2024-04-10 01:00:00,0.3,95,0.2,0.07,1012.8,5.5,11.2,era5
2024-04-10 02:00:00,-3.2,99,0.0,0.0,1012.8,10.1,12.6,era5
2024-04-10 03:00:00,-3.2,99,0.0,0.0,1012.8,9.9,13.3,era5
2024-04-10 04:00:00,-4.3,100,0.0,0.0,1012.8,11.3,14.8,era5
2024-04-10 05:00:00,-3.1,100,0.0,0.0,1013.0,7.5,14.8,era5
2024-04-10 06:00:00,-1.6,99,0.0,0.0,1013.0,9.0,14.4,era5
2024-04-10 07:00:00,-1.1,98,0.0,0.0,1012.9,8.9,18.0,era5
2024-04-10 08:00:00,-0.0,97,0.0,0.0,1013.1,9.9,19.1,era5
2024-04-10 09:00:00,1.0,95,0.0,0.0,1012.7,10.9,24.5,era5
2024-04-10 10:00:00,2.0,91,0.0,0.0,1012.2,12.7,28.1,era5
2024-04-10 11:00:00,2.8,88,0.0,0.0,1011.7,13.7,32.0,era5
2024-04-10 12:00:00,3.6,85,0.0,0.0,1010.4,12.6,33.5,era5
2024-04-10 13:00:00,4.2,82,0.0,0.0,1009.7,13.8,32.4,era5
2024-04-10 14:00:00,4.2,83,0.0,0.0,1008.6,13.4,32.4,era5
2024-04-10 15:00:00,4.5,83,0.1,0.0,1008.0,13.5,33.8,era5
2024-04-10 16:00:00,3.9,88,0.6,0.0,1007.1,16.0,37.4,era5
2024-04-10 17:00:00,4.1,89,1.0,0.0,1004.7,18.6,39.2,era5
2024-04-10 18:00:00,4.5,88,1.1,0.0,1001.8,21.3,44.6,era5
2024-04-10 19:00:00,4.4,88,1.9,0.0,999.8,22.7,48.2,era5
2024-04-10 20:00:00,4.1,89,2.5,0.0,998.0,24.1,50.8,era5
2024-04-10 21:00:00,4.0,90,0.9,0.0,996.1,23.7,51.8,era5
2024-04-10 22:00:00,4.1,92,0.5,0.0,994.1,20.6,50.0,era5
2024-04-10 23:00:00,4.0,94,0.1,0.0,992.6,16.2,43.6,era5
2024-04-11 00:00:00,3.5,97,0.0,0.0,991.8,12.1,33.8,era5
2024-04-11 01:00:00,3.1,100,0.0,0.0,990.6,11.6,24.8,era5
2024-04-11 02:00:00,3.2,100,0.0,0.0,989.5,12.4,24.5,era5
2024-04-11 03:00:00,3.8,94,0.1,0.0,988.2,17.2,35.3,era5
2024-04-11 04:00:00,3.9,89,0.0,0.0,986.3,18.2,40.7,era5
2024-04-11 05:00:00,3.7,88,0.1,0.0,985.7,16.5,38.2,era5
2024-04-11 06:00:00,3.6,88,0.0,0.0,984.8,17.6,37.4,era5
2024-04-11 07:00:00,3.5,87,0.0,0.0,983.9,17.7,38.2,era5
2024-04-11 08:00:00,3.4,87,0.1,0.0,982.9,17.2,38.2,era5
2024-04-11 09:00:00,3.3,87,0.2,0.0,982.5,16.6,37.4,era5
2024-04-11 10:00:00,4.1,80,0.0,0.0,982.4,16.9,39.6,era5
2024-04-11 11:00:00,4.6,78,0.1,0.0,982.6,18.5,39.2,era5
2024-04-11 12:00:00,5.7,73,0.0,0.0,982.9,22.3,52.6,era5
2024-04-11 13:00:00,6.3,70,0.0,0.0,983.7,20.5,49.7,era5
2024-04-11 14:00:00,6.3,69,0.0,0.0,984.6,23.0,50.4,era5
2024-04-11 15:00:00,6.3,69,0.0,0.0,986.0,23.0,51.8,era5
2024-04-11 16:00:00,6.4,68,0.0,0.0,987.1,22.8,52.9,era5
2024-04-11 17:00:00,6.5,66,0.0,0.0,987.9,21.7,50.0,era5
2024-04-11 18:00:00,6.4,65,0.0,0.0,988.7,22.3,49.0,era5
2024-04-11 19:00:00,6.1,66,0.0,0.0,989.0,20.6,48.6,era5
2024-04-11 20:00:00,5.6,69,0.0,0.0,989.7,20.3,45.4,era5
2024-04-11 21:00:00,4.6,73,0.0,0.0,990.9,19.2,43.9,era5
2024-04-11 22:00:00,4.0,74,0.0,0.0,991.6,18.5,41.0,era5
2024-04-11 23:00:00,3.2,75,0.0,0.0,992.5,19.4,41.4,era5
2024-04-12 00:00:00,2.6,77,0.0,0.0,993.4,19.7,42.1,era5
2024-04-12 01:00:00,2.2,78,0.0,0.0,994.1,19.9,42.8,era5
2024-04-12 02:00:00,1.9,80,0.0,0.0,994.9,18.9,42.8,era5
2024-04-12 03:00:00,1.5,82,0.0,0.0,995.7,18.1,40.7,era5
2024-04-12 04:00:00,1.3,84,0.0,0.0,997.0,17.6,36.4,era5
2024-04-12 05:00:00,1.1,85,0.0,0.0,997.8,18.2,38.5,era5
2024-04-12 06:00:00,0.9,86,0.0,0.0,998.5,18.4,38.9,era5
2024-04-12 07:00:00,1.1,84,0.0,0.0,999.3,18.7,39.6,era5
2024-04-12 08:00:00,1.5,80,0.0,0.0,1000.1,19.8,42.1,era5
2024-04-12 09:00:00,1.7,75,0.0,0.0,1000.9,23.2,50.0,era5
2024-04-12 10:00:00,2.1,70,0.0,0.0,1001.8,23.5,51.5,era5
2024-04-12 11:00:00,2.2,68,0.0,0.0,1003.4,22.9,52.6,era5
2024-04-12 12:00:00,2.3,67,0.0,0.0,1004.5,20.3,50.8,era5
2024-04-12 13:00:00,2.6,65,0.0,0.0,1005.6,16.9,44.6,era5
2024-04-12 14:00:00,2.6,65,0.0,0.0,1006.7,14.4,38.5,era5
2024-04-12 15:00:00,2.6,64,0.0,0.0,1007.9,13.0,33.5,era5
2024-04-12 16:00:00,1.9,66,0.0,0.0,1009.1,10.5,28.4,era5
2024-04-12 17:00:00,1.7,67,0.0,0.0,1009.4,8.0,24.8,era5
2024-04-12 18:00:00,1.5,69,0.0,0.0,1009.8,5.9,19.4,era5
2024-04-12 19:00:00,1.0,76,0.0,0.0,1009.9,3.9,15.8,era5
2024-04-12 20:00:00,0.4,82,0.0,0.0,1009.9,5.6,9.7,era5
2024-04-12 21:00:00,-0.3,85,0.0,0.0,1010.2,4.7,10.4,era5
2024-04-12 22:00:00,-1.1,85,0.0,0.0,1010.3,5.4,8.6,era5
2024-04-12 23:00:00,-0.7,84,0.0,0.0,1010.6,3.7,6.8,era5
2024-04-13 00:00:00,-1.7,88,0.0,0.0,1010.4,4.6,7.6,era5
2024-04-13 01:00:00,-1.1,87,0.0,0.0,1010.2,6.6,11.5,era5
2024-04-13 02:00:00,-1.3,87,0.0,0.0,1010.0,6.9,12.2,era5
2024-04-13 03:00:00,-1.7,88,0.0,0.0,1009.9,9.2,16.2,era5
2024-04-13 04:00:00,-2.1,90,0.0,0.0,1010.2,10.2,18.7,era5
2024-04-13 05:00:00,-2.1,92,0.0,0.0,1009.4,11.9,23.8,era5
2024-04-13 06:00:00,-1.6,92,0.0,0.07,1009.0,12.8,25.6,era5
2024-04-13 07:00:00,-1.2,92,0.2,0.14,1008.6,13.6,28.8,era5
2024-04-13 08:00:00,-0.9,92,0.2,0.14,1007.8,16.2,34.9,era5
2024-04-13 09:00:00,-0.5,92,0.2,0.14,1007.2,18.0,39.2,era5
2024-04-13 10:00:00,0.1,89,0.2,0.14,1006.4,20.5,41.4,era5
2024-04-13 11:00:00,0.7,89,1.0,0.7,1006.3,20.7,47.9,era5
2024-04-13 12:00:00,1.1,90,0.4,0.28,1005.5,22.1,47.5,era5
2024-04-13 13:00:00,1.2,92,0.3,0.21,1004.7,19.9,48.6,era5
2024-04-13 14:00:00,1.4,92,0.1,0.07,1004.2,21.6,46.1,era5
2024-04-13 15:00:00,1.4,92,0.0,0.0,1003.7,18.1,45.4,era5
2024-04-13 16:00:00,2.1,86,0.0,0.0,1003.0,15.5,42.8,era5
2024-04-13 17:00:00,2.5,84,0.0,0.0,1002.4,14.8,34.9,era5
2024-04-13 18:00:00,2.4,84,0.0,0.0,1002.0,11.6,32.8,era5
2024-04-13 19:00:00,2.3,84,0.0,0.0,1001.4,12.9,29.2,era5
2024-04-13 20:00:00,2.3,84,0.0,0.0,1000.8,11.9,27.4,era5
2024-04-13 21:00:00,2.3,85,0.0,0.0,1000.3,11.8,24.5,era5
2024-04-13 22:00:00,2.4,86,0.0,0.0,999.9,11.5,24.1,era5
2024-04-13 23:00:00,2.3,87,0.0,0.0,999.4,10.4,23.0,era5
2024-04-14 00:00:00,1.7,91,0.2,0.0,999.0,8.6,21.2,era5
2024-04-14 01:00:00,1.7,92,0.0,0.0,998.4,8.2,15.8,era5
2024-04-14 02:00:00,1.1,91,0.0,0.0,997.9,8.3,14.8,era5
2024-04-14 03:00:00,1.3,93,0.0,0.0,997.6,7.2,13.3,era5
2024-04-14 04:00:00,1.2,90,0.0,0.0,997.2,8.5,15.1,era5
2024-04-14 05:00:00,1.0,92,0.0,0.0,996.8,7.8,14.4,era5
2024-04-14 06:00:00,1.5,92,0.1,0.0,996.5,7.2,14.0,era5
2024-04-14 07:00:00,1.8,91,0.0,0.0,996.2,6.4,14.4,era5
2024-04-14 08:00:00,2.1,90,0.0,0.0,995.7,5.1,14.4,era5
2024-04-14 09:00:00,2.5,88,0.1,0.0,995.5,7.6,18.0,era5
2024-04-14 10:00:00,2.7,88,0.2,0.0,995.2,6.8,18.4,era5
2024-04-14 11:00:00,2.8,88,0.3,0.0,995.2,5.4,17.3,era5
2024-04-14 12:00:00,3.2,87,0.2,0.0,994.9,3.7,15.1,era5
2024-04-14 13:00:00,3.6,86,0.2,0.0,994.8,3.1,12.2,era5
2024-04-14 14:00:00,3.6,86,0.2,0.0,994.7,3.3,11.2,era5
2024-04-14 15:00:00,3.6,86,0.3,0.0,994.5,3.0,10.8,era5
2024-04-14 16:00:00,3.4,87,0.0,0.0,994.4,2.5,13.7,era5
2024-04-14 17:00:00,3.2,87,0.0,0.0,994.4,2.9,9.4,era5
2024-04-14 18:00:00,2.9,89,0.0,0.0,994.5,2.9,9.0,era5
2024-04-14 19:00:00,2.5,90,0.1,0.0,994.3,3.3,7.9,era5
2024-04-14 20:00:00,1.8,94,0.2,0.0,994.1,2.9,7.6,era5
2024-04-14 21:00:00,1.4,96,0.1,0.0,994.2,3.6,5.0,era5
2024-04-14 22:00:00,1.3,97,0.1,0.0,994.2,3.1,4.7,era5
2024-04-14 23:00:00,1.2,98,0.1,0.0,993.9,3.5,5.0,era5
2024-04-15 00:00:00,1.3,98,0.1,0.0,994.0,1.8,4.7,era5
2024-04-15 01:00:00,1.3,98,0.1,0.0,994.0,2.5,4.7,era5
2024-04-15 02:00:00,1.1,99,0.1,0.0,993.9,4.0,7.2,era5
2024-04-15 03:00:00,1.0,99,0.1,0.07,993.7,5.4,10.8,era5
2024-04-15 04:00:00,1.2,99,0.3,0.14,993.8,7.3,14.8,era5
2024-04-15 05:00:00,1.1,98,0.3,0.21,993.7,8.5,16.9,era5
2024-04-15 06:00:00,1.2,97,0.3,0.21,993.7,8.1,17.3,era5
2024-04-15 07:00:00,1.3,97,0.3,0.21,993.9,8.1,17.3,era5
2024-04-15 08:00:00,1.7,95,0.2,0.14,994.0,8.0,19.8,era5
2024-04-15 09:00:00,2.2,92,0.1,0.0,994.0,10.1,22.0,era5
2024-04-15 10:00:00,2.5,90,0.1,0.0,994.3,11.3,25.2,era5
2024-04-15 11:00:00,2.9,89,0.0,0.0,994.7,11.7,26.3,era5
2024-04-15 12:00:00,3.6,85,0.0,0.0,994.9,13.5,30.6,era5
2024-04-15 13:00:00,4.2,81,0.0,0.0,995.2,14.3,32.8,era5
2024-04-15 14:00:00,4.3,81,0.0,0.0,995.6,13.9,32.4,era5
2024-04-15 15:00:00,4.0,81,0.1,0.0,995.9,13.8,31.7,era5
2024-04-15 16:00:00,3.3,83,0.1,0.0,996.4,15.6,34.9,era5
2024-04-15 17:00:00,3.1,83,0.0,0.0,997.0,17.2,37.1,era5
2024-04-15 18:00:00,2.5,86,0.1,0.0,997.6,17.6,37.8,era5
2024-04-15 19:00:00,1.9,89,0.2,0.07,998.1,17.6,38.2,era5
2024-04-15 20:00:00,1.5,91,0.2,0.14,998.4,18.1,38.2,era5
2024-04-15 21:00:00,1.0,91,0.2,0.14,998.8,18.3,38.9,era5
2024-04-15 22:00:00,0.6,91,0.1,0.07,999.1,18.3,38.9,era5
2024-04-15 23:00:00,0.1,91,0.1,0.07,999.4,17.9,38.5,era5
2024-04-16 00:00:00,-0.3,89,0.0,0.0,999.9,17.5,37.8,era5
2024-04-16 01:00:00,-0.9,89,0.0,0.0,1000.1,16.7,36.4,era5
2024-04-16 02:00:00,-1.1,88,0.0,0.0,1000.5,16.4,34.9,era5
2024-04-16 03:00:00,-1.2,88,0.0,0.0,1000.9,15.9,34.6,era5
2024-04-16 04:00:00,-1.2,87,0.0,0.07,1001.4,15.8,34.9,era5
2024-04-16 05:00:00,-1.3,86,0.0,0.0,1001.8,15.4,33.5,era5
2024-04-16 06:00:00,-1.5,86,0.0,0.0,1002.2,15.3,32.8,era5
2024-04-16 07:00:00,-1.6,85,0.0,0.0,1002.4,14.3,33.1,era5
2024-04-16 08:00:00,-1.4,81,0.0,0.0,1002.9,14.6,32.4,era5
2024-04-16 09:00:00,-1.2,77,0.0,0.0,1003.6,14.0,32.8,era5
2024-04-16 10:00:00,-0.9,72,0.0,0.0,1004.1,14.7,34.2,era5
2024-04-16 11:00:00,-0.7,68,0.0,0.0,1004.8,15.8,36.7,era5
2024-04-16 12:00:00,-0.4,64,0.0,0.0,1005.3,15.6,37.4,era5
2024-04-16 13:00:00,-0.2,63,0.0,0.0,1005.9,15.0,36.7,era5
2024-04-16 14:00:00,-0.2,62,0.0,0.0,1006.4,15.4,36.4,era5
2024-04-16 15:00:00,-0.2,61,0.0,0.0,1006.9,15.7,37.1,era5
2024-04-16 16:00:00,-0.3,60,0.0,0.0,1007.1,13.9,36.4,era5
2024-04-16 17:00:00,-0.8,60,0.0,0.0,1007.6,13.7,33.5,era5
2024-04-16 18:00:00,-1.6,60,0.0,0.0,1008.0,12.1,32.0,era5
2024-04-16 19:00:00,-2.8,66,0.0,0.0,1008.6,9.0,28.1,era5
2024-04-16 20:00:00,-4.6,75,0.0,0.0,1009.4,8.4,20.5,era5
2024-04-16 21:00:00,-6.5,81,0.0,0.0,1010.2,7.4,17.3,era5
2024-04-16 22:00:00,-7.4,79,0.0,0.0,1010.8,7.4,13.3,era5
2024-04-16 23:00:00,-9.4,81,0.0,0.0,1011.3,6.6,13.3,era5
2024-04-17 00:00:00,-10.8,83,0.0,0.0,1011.6,7.6,12.2,era5
2024-04-17 01:00:00,-11.9,85,0.0,0.0,1011.9,8.0,12.6,era5
2024-04-17 02:00:00,-13.0,87,0.0,0.0,1012.0,8.4,13.0,era5
2024-04-17 03:00:00,-13.0,88,0.0,0.0,1012.4,7.3,13.0,era5
2024-04-17 04:00:00,-10.5,83,0.0,0.0,1012.5,9.5,16.9,era5
2024-04-17 05:00:00,-11.0,84,0.0,0.0,1012.7,9.7,17.3,era5
2024-04-17 06:00:00,-11.1,84,0.0,0.0,1013.2,9.1,16.9,era5
2024-04-17 07:00:00,-9.8,79,0.0,0.0,1013.7,8.7,18.7,era5
2024-04-17 08:00:00,-8.2,69,0.0,0.0,1014.1,8.2,20.5,era5
2024-04-17 09:00:00,-7.1,65,0.0,0.0,1014.2,11.0,26.6,era5
2024-04-17 10:00:00,-6.0,60,0.0,0.0,1014.5,12.9,30.2,era5
2024-04-17 11:00:00,-5.3,57,0.0,0.0,1014.8,14.2,33.8,era5
2024-04-17 12:00:00,-4.7,54,0.0,0.0,1014.9,14.7,34.9,era5
2024-04-17 13:00:00,-4.1,53,0.0,0.0,1015.1,14.8,35.6,era5
2024-04-17 14:00:00,-3.8,53,0.0,0.0,1015.3,15.1,36.0,era5
2024-04-17 15:00:00,-3.6,53,0.0,0.0,1015.5,14.8,36.0,era5
2024-04-17 16:00:00,-3.4,51,0.0,0.0,1015.6,14.1,34.6,era5
2024-04-17 17:00:00,-3.6,52,0.0,0.0,1016.2,13.1,33.1,era5
2024-04-17 18:00:00,-4.0,52,0.0,0.0,1016.5,11.5,31.3,era5
2024-04-17 19:00:00,-4.9,58,0.0,0.0,1016.8,8.4,26.6,era5
2024-04-17 20:00:00,-6.1,64,0.0,0.0,1017.0,8.9,18.7,era5
2024-04-17 21:00:00,-7.5,71,0.0,0.0,1017.6,9.7,19.4,era5
2024-04-17 22:00:00,-8.5,74,0.0,0.0,1018.1,9.2,19.4,era5
2024-04-17 23:00:00,-9.2,76,0.0,0.0,1018.4,8.1,17.6,era5
2024-04-18 00:00:00,-9.7,78,0.0,0.0,1018.7,8.0,15.5,era5
2024-04-18 01:00:00,-10.4,79,0.0,0.0,1019.0,8.7,15.1,era5
2024-04-18 02:00:00,-11.0,82,0.0,0.0,1019.3,9.0,15.8,era5
2024-04-18 03:00:00,-11.4,84,0.0,0.0,1019.8,8.8,16.2,era5
2024-04-18 04:00:00,-11.8,81,0.0,0.0,1020.4,9.0,15.8,era5
2024-04-18 05:00:00,-12.3,83,0.0,0.0,1020.6,9.0,15.5,era5
2024-04-18 06:00:00,-12.5,84,0.0,0.0,1021.0,9.0,15.8,era5
2024-04-18 07:00:00,-11.5,83,0.0,0.0,1021.3,7.3,16.9,era5
2024-04-18 08:00:00,-9.6,75,0.0,0.0,1021.5,7.1,16.9,era5
2024-04-18 09:00:00,-8.3,68,0.0,0.0,1021.4,8.6,21.2,era5
2024-04-18 10:00:00,-7.0,62,0.0,0.0,1021.5,9.2,23.4,era5
2024-04-18 11:00:00,-6.0,58,0.0,0.0,1021.5,8.9,23.8,era5
2024-04-18 12:00:00,-5.2,55,0.0,0.0,1021.5,7.9,22.7,era5
2024-04-18 13:00:00,-4.5,53,0.0,0.0,1021.3,7.9,22.0,era5
2024-04-18 14:00:00,-3.9,51,0.0,0.0,1021.4,7.7,21.6,era5
2024-04-18 15:00:00,-3.6,50,0.0,0.0,1021.3,6.9,20.9,era5
2024-04-18 16:00:00,-3.4,48,0.0,0.0,1021.6,6.8,20.2,era5
2024-04-18 17:00:00,-3.6,49,0.0,0.0,1021.7,6.7,18.4,era5
2024-04-18 18:00:00,-4.3,51,0.0,0.0,1021.9,6.9,18.4,era5
2024-04-18 19:00:00,-5.5,60,0.0,0.0,1022.0,5.8,18.7,era5
2024-04-18 20:00:00,-7.5,73,0.0,0.0,1022.3,7.8,14.4,era5
2024-04-18 21:00:00,-9.1,80,0.0,0.0,1022.8,9.9,17.6,era5
2024-04-18 22:00:00,-10.2,82,0.0,0.0,1023.3,10.8,19.4,era5
2024-04-18 23:00:00,-10.9,83,0.0,0.0,1023.6,10.2,19.8,era5
2024-04-19 00:00:00,-11.3,82,0.0,0.0,1023.9,10.1,19.1,era5
2024-04-19 01:00:00,-11.9,82,0.0,0.0,1024.3,8.6,18.7,era5
2024-04-19 02:00:00,-12.5,81,0.0,0.0,1024.5,8.8,15.5,era5
2024-04-19 03:00:00,-13.4,82,0.0,0.0,1024.8,6.5,14.4,era5
2024-04-19 04:00:00,-14.5,81,0.0,0.0,1024.8,7.1,11.9,era5
2024-04-19 05:00:00,-15.2,83,0.0,0.0,1025.0,6.9,11.9,era5
2024-04-19 06:00:00,-15.0,82,0.0,0.0,1025.2,8.7,15.8,era5
2024-04-19 07:00:00,-13.8,80,0.0,0.0,1025.3,6.2,14.8,era5
2024-04-19 08:00:00,-11.7,73,0.0,0.0,1025.1,5.5,14.0,era5
2024-04-19 09:00:00,-10.2,67,0.0,0.0,1025.1,5.2,15.1,era5
2024-04-19 10:00:00,-8.7,60,0.0,0.0,1024.8,4.9,14.8,era5
2024-04-19 11:00:00,-7.0,53,0.0,0.0,1024.4,5.3,15.8,era5
2024-04-19 12:00:00,-5.6,49,0.0,0.0,1023.7,6.3,18.4,era5
2024-04-19 13:00:00,-4.7,47,0.0,0.0,1023.4,7.7,21.2,era5
2024-04-19 14:00:00,-4.1,46,0.0,0.0,1022.9,9.0,23.8,era5
2024-04-19 15:00:00,-3.9,48,0.0,0.0,1022.4,10.9,27.4,era5
2024-04-19 16:00:00,-4.8,49,0.0,0.0,1022.1,11.8,28.8,era5
2024-04-19 17:00:00,-5.1,51,0.0,0.0,1022.0,12.5,29.9,era5
2024-04-19 18:00:00,-5.5,53,0.0,0.0,1021.8,13.0,29.9,era5
2024-04-19 19:00:00,-6.2,58,0.0,0.0,1021.6,11.8,29.9,era5
2024-04-19 20:00:00,-7.4,64,0.0,0.0,1021.7,14.1,28.8,era5
2024-04-19 21:00:00,-8.8,72,0.0,0.0,1021.3,16.2,33.1,era5
2024-04-19 22:00:00,-9.7,75,0.0,0.0,1021.0,17.2,35.3,era5
2024-04-19 23:00:00,-10.3,75,0.0,0.0,1020.6,18.8,38.9,era5
2024-04-20 00:00:00,-10.6,73,0.0,0.0,1019.8,18.9,40.3,era5
2024-04-20 01:00:00,-10.6,72,0.0,0.0,1018.8,19.9,41.8,era5
2024-04-20 02:00:00,-10.7,76,0.0,0.0,1017.9,19.7,42.5,era5
2024-04-20 03:00:00,-10.9,79,0.0,0.0,1017.4,19.0,41.8,era5
2024-04-20 04:00:00,-11.0,79,0.0,0.0,1017.9,18.4,42.5,era5
2024-04-20 05:00:00,-10.7,77,0.0,0.0,1016.8,20.3,43.6,era5
2024-04-20 06:00:00,-10.0,73,0.0,0.0,1016.1,20.8,45.0,era5
2024-04-20 07:00:00,-9.5,76,0.0,0.0,1015.1,19.9,44.6,era5
2024-04-20 08:00:00,-8.7,75,0.0,0.0,1014.0,20.5,45.0,era5
2024-04-20 09:00:00,-7.9,74,0.0,0.0,1012.9,22.0,48.2,era5
2024-04-20 10:00:00,-7.4,72,0.0,0.0,1012.7,23.7,51.8,era5
2024-04-20 11:00:00,-6.7,70,0.0,0.0,1012.9,25.7,54.7,era5
2024-04-20 12:00:00,-6.3,69,0.1,0.07,1012.6,28.2,60.8,era5
2024-04-20 13:00:00,-5.9,68,0.1,0.07,1012.8,28.6,63.4,era5
2024-04-20 14:00:00,-5.7,69,0.3,0.21,1013.6,26.7,62.3,era5
2024-04-20 15:00:00,-5.8,71,0.4,0.28,1014.4,25.3,58.7,era5
2024-04-20 16:00:00,-6.0,71,0.3,0.21,1015.9,25.9,58.3,era5
2024-04-20 17:00:00,-6.1,74,0.3,0.21,1016.3,25.1,55.8,era5
2024-04-20 18:00:00,-6.0,75,0.3,0.21,1016.9,24.0,54.7,era5
2024-04-20 19:00:00,-6.0,76,0.2,0.14,1017.6,22.9,51.5,era5
2024-04-20 20:00:00,-6.0,76,0.1,0.07,1018.2,22.4,50.4,era5
2024-04-20 21:00:00,-6.2,76,0.1,0.07,1019.0,21.8,48.2,era5
2024-04-20 22:00:00,-6.4,77,0.1,0.07,1019.6,21.1,46.8,era5
2024-04-20 23:00:00,-6.5,77,0.0,0.0,1020.2,20.3,45.4,era5
2024-04-21 00:00:00,-6.7,78,0.0,0.0,1021.4,18.9,43.6,era5
2024-04-21 01:00:00,-6.7,79,0.0,0.0,1022.3,18.2,40.3,era5
2024-04-21 02:00:00,-6.8,79,0.1,0.07,1023.3,17.5,38.2,era5
2024-04-21 03:00:00,-6.8,80,0.1,0.07,1024.3,16.6,37.1,era5
2024-04-21 04:00:00,-6.5,75,0.1,0.07,1025.4,17.7,37.8,era5
2024-04-21 05:00:00,-6.6,76,0.0,0.0,1026.5,17.0,37.8,era5
2024-04-21 06:00:00,-6.7,76,0.0,0.0,1027.7,15.5,35.6,era5
2024-04-21 07:00:00,-6.3,75,0.0,0.0,1028.8,13.4,32.8,era5
2024-04-21 08:00:00,-5.8,72,0.0,0.0,1029.7,15.5,33.5,era5
2024-04-21 09:00:00,-5.1,69,0.0,0.0,1030.6,17.9,40.0,era5
2024-04-21 10:00:00,-4.5,68,0.0,0.0,1031.8,17.7,40.3,era5
2024-04-21 11:00:00,-4.2,67,0.0,0.0,1033.1,16.8,40.0,era5
2024-04-21 12:00:00,-3.8,66,0.0,0.0,1034.1,15.3,37.8,era5
2024-04-21 13:00:00,-3.5,65,0.0,0.0,1034.9,14.1,34.9,era5
2024-04-21 14:00:00,-3.1,64,0.0,0.0,1035.5,13.7,33.1,era5
2024-04-21 15:00:00,-2.9,63,0.0,0.0,1035.8,12.0,31.7,era5
2024-04-21 16:00:00,-2.8,60,0.0,0.0,1036.6,11.8,30.2,era5
2024-04-21 17:00:00,-2.9,61,0.0,0.0,1037.2,10.5,27.7,era5
2024-04-21 18:00:00,-3.4,65,0.0,0.0,1037.7,10.5,25.2,era5
2024-04-21 19:00:00,-4.0,69,0.0,0.07,1037.8,10.0,26.6,era5
2024-04-21 20:00:00,-4.7,71,0.0,0.0,1038.5,11.7,25.6,era5
2024-04-21 21:00:00,-5.5,75,0.0,0.0,1039.4,11.6,25.6,era5
2024-04-21 22:00:00,-6.1,77,0.0,0.0,1039.8,12.0,25.2,era5
2024-04-21 23:00:00,-6.8,79,0.0,0.0,1040.3,11.4,25.6,era5
2024-04-22 00:00:00,-7.4,81,0.0,0.0,1040.6,10.5,24.1,era5
2024-04-22 01:00:00,-8.0,84,0.0,0.0,1040.8,9.9,22.0,era5
2024-04-22 02:00:00,-8.3,85,0.0,0.0,1040.7,9.2,20.2,era5
2024-04-22 03:00:00,-8.4,84,0.0,0.0,1040.5,9.5,19.8,era5
2024-04-22 04:00:00,-7.8,82,0.0,0.0,1040.9,10.7,22.7,era5
2024-04-22 05:00:00,-8.1,83,0.0,0.0,1040.4,11.4,23.8,era5
2024-04-22 06:00:00,-8.2,82,0.0,0.0,1040.3,10.2,23.8,era5
2024-04-22 07:00:00,-7.9,78,0.0,0.0,1039.9,11.2,24.5,era5
2024-04-22 08:00:00,-7.6,75,0.0,0.0,1039.5,11.6,26.6,era5
2024-04-22 09:00:00,-7.2,73,0.0,0.0,1039.1,10.8,26.6,era5
2024-04-22 10:00:00,-6.8,71,0.0,0.0,1038.7,10.0,25.9,era5
2024-04-22 11:00:00,-6.1,68,0.0,0.0,1038.3,9.8,24.8,era5
2024-04-22 12:00:00,-5.6,67,0.0,0.0,1037.9,9.2,24.1,era5
2024-04-22 13:00:00,-5.6,70,0.0,0.0,1037.4,8.4,23.0,era5
2024-04-22 14:00:00,-5.4,72,0.0,0.0,1036.8,8.1,20.5,era5
2024-04-22 15:00:00,-5.0,72,0.1,0.07,1035.9,8.6,20.9,era5
2024-04-22 16:00:00,-5.8,74,0.1,0.07,1034.0,10.2,23.8,era5
2024-04-22 17:00:00,-5.4,73,0.1,0.07,1032.9,11.1,24.8,era5
2024-04-22 18:00:00,-4.9,71,0.0,0.0,1031.7,11.1,27.4,era5
2024-04-22 19:00:00,-4.9,75,0.2,0.14,1030.8,9.4,25.6,era5
2024-04-22 20:00:00,-5.0,79,0.4,0.28,1030.1,10.9,22.7,era5
2024-04-22 21:00:00,-4.8,82,0.7,0.49,1029.9,9.8,23.0,era5
2024-04-22 22:00:00,-4.6,84,0.8,0.56,1028.8,10.7,22.3,era5
2024-04-22 23:00:00,-4.5,85,0.7,0.49,1027.9,11.0,23.0,era5
2024-04-23 00:00:00,-4.5,85,0.8,0.56,1027.3,11.4,24.5,era5
2024-04-23 01:00:00,-4.5,85,0.9,0.63,1026.2,10.7,24.8,era5
2024-04-23 02:00:00,-4.4,86,0.8,0.56,1025.2,11.1,23.8,era5
2024-04-23 03:00:00,-4.3,86,0.6,0.42,1024.3,12.7,26.6,era5
2024-04-23 04:00:00,-4.6,86,0.5,0.35,1023.3,12.7,26.3,era5
2024-04-23 05:00:00,-4.4,85,0.5,0.35,1022.2,14.8,31.0,era5
2024-04-23 06:00:00,-4.1,83,0.0,0.0,1021.3,15.9,34.6,era5
2024-04-23 07:00:00,-3.6,81,0.0,0.0,1020.6,16.4,37.1,era5
2024-04-23 08:00:00,-2.8,76,0.0,0.0,1019.7,14.3,35.6,era5
2024-04-23 09:00:00,-2.0,72,0.0,0.0,1018.8,14.1,32.8,era5
2024-04-23 10:00:00,-2.1,76,0.6,0.42,1018.1,14.6,32.8,era5
2024-04-23 11:00:00,-2.5,83,0.8,0.56,1017.5,12.2,33.5,era5
2024-04-23 12:00:00,-2.4,83,0.6,0.42,1017.2,13.7,30.6,era5
2024-04-23 13:00:00,-2.0,81,0.2,0.07,1016.4,14.6,32.0,era5
2024-04-23 14:00:00,-1.5,81,0.0,0.0,1015.9,14.1,32.0,era5
2024-04-23 15:00:00,-0.5,79,0.1,0.07,1015.2,12.3,31.3,era5
2024-04-23 16:00:00,-2.3,83,0.0,0.0,1015.3,10.1,25.9,era5
2024-04-23 17:00:00,-1.8,85,0.3,0.21,1015.3,12.1,27.7,era5
2024-04-23 18:00:00,-1.2,86,0.1,0.07,1015.2,11.1,27.0,era5
2024-04-23 19:00:00,-0.5,89,0.2,0.14,1015.0,11.8,25.6,era5
2024-04-23 20:00:00,0.3,90,0.1,0.0,1015.3,12.9,26.6,era5
2024-04-23 21:00:00,0.9,91,0.1,0.07,1015.2,12.8,27.7,era5
2024-04-23 22:00:00,1.7,92,0.0,0.0,1015.2,14.0,28.8,era5
2024-04-23 23:00:00,2.1,92,0.0,0.0,1015.3,14.8,31.0,era5
2024-04-24 00:00:00,2.3,93,0.0,0.0,1015.6,15.8,33.1,era5
2024-04-24 01:00:00,2.4,93,0.0,0.0,1015.8,15.6,33.1,era5
2024-04-24 02:00:00,2.4,93,0.0,0.0,1016.0,15.0,32.8,era5
2024-04-24 03:00:00,2.3,93,0.0,0.0,1016.3,15.3,31.7,era5
2024-04-24 04:00:00,2.0,94,0.0,0.0,1017.1,15.0,31.7,era5
2024-04-24 05:00:00,1.8,94,0.0,0.0,1017.3,14.6,31.0,era5
2024-04-24 06:00:00,1.9,93,0.0,0.0,1017.3,11.8,30.2,era5
2024-04-24 07:00:00,2.1,92,0.0,0.0,1017.2,10.5,25.9,era5
2024-04-24 08:00:00,2.3,90,0.0,0.0,1017.0,8.9,23.0,era5
2024-04-24 09:00:00,2.4,89,0.0,0.0,1017.2,8.5,22.3,era5
2024-04-24 10:00:00,2.4,88,0.0,0.0,1017.0,6.7,20.5,era5
2024-04-24 11:00:00,2.3,88,0.2,0.0,1017.1,5.6,16.9,era5
2024-04-24 12:00:00,2.0,90,0.3,0.0,1016.7,3.1,14.8,era5
2024-04-24 13:00:00,2.3,88,0.1,0.0,1016.3,4.3,12.2,era5
2024-04-24 14:00:00,2.2,89,0.2,0.0,1016.1,3.0,12.6,era5
2024-04-24 15:00:00,1.8,93,0.1,0.0,1015.5,1.8,9.0,era5
2024-04-24 16:00:00,1.9,91,0.7,0.42,1014.6,2.9,9.0,era5
2024-04-24 17:00:00,1.5,94,1.3,0.91,1014.7,6.9,15.8,era5
2024-04-24 18:00:00,0.8,96,1.7,1.12,1014.7,8.8,19.1,era5
2024-04-24 19:00:00,-0.0,96,1.0,0.7,1014.7,12.6,27.4,era5
2024-04-24 20:00:00,-0.4,95,0.3,0.21,1014.8,11.5,27.7,era5
2024-04-24 21:00:00,-0.7,96,0.0,0.0,1015.1,10.5,25.2,era5
2024-04-24 22:00:00,-1.0,98,0.0,0.0,1015.1,11.1,23.4,era5
2024-04-24 23:00:00,-1.0,98,0.0,0.0,1015.3,11.3,23.8,era5
2024-04-25 00:00:00,-1.0,99,0.0,0.0,1015.6,9.5,23.0,era5
2024-04-25 01:00:00,-0.9,99,0.0,0.0,1015.8,8.5,18.7,era5
2024-04-25 02:00:00,-0.7,98,0.0,0.0,1016.1,9.5,19.4,era5
2024-04-25 03:00:00,-0.7,98,0.0,0.0,1016.2,9.0,19.4,era5
2024-04-25 04:00:00,-0.8,99,0.0,0.0,1016.1,8.0,18.7,era5
2024-04-25 05:00:00,-1.3,99,0.0,0.0,1016.3,6.5,16.2,era5
2024-04-25 06:00:00,-2.0,98,0.0,0.0,1016.8,4.1,13.0,era5
2024-04-25 07:00:00,-0.6,95,0.0,0.0,1017.1,4.0,10.8,era5
2024-04-25 08:00:00,0.6,89,0.0,0.0,1017.2,5.1,14.0,era5
2024-04-25 09:00:00,1.4,81,0.0,0.0,1017.3,6.3,16.6,era5
2024-04-25 10:00:00,2.2,75,0.0,0.0,1017.5,8.3,21.6,era5
2024-04-25 11:00:00,2.9,68,0.0,0.0,1017.5,7.9,22.0,era5
2024-04-25 12:00:00,3.7,62,0.0,0.0,1017.3,6.8,21.2,era5
2024-04-25 13:00:00,4.3,58,0.0,0.0,1017.1,6.0,19.4,era5
2024-04-25 14:00:00,4.5,58,0.0,0.0,1016.8,4.8,17.6,era5
2024-04-25 15:00:00,4.7,58,0.0,0.0,1016.8,4.3,16.2,era5
2024-04-25 16:00:00,4.0,63,0.0,0.0,1016.8,3.2,14.4,era5
2024-04-25 17:00:00,4.0,62,0.0,0.0,1017.0,4.5,14.0,era5
2024-04-25 18:00:00,3.6,66,0.0,0.0,1017.0,3.7,14.0,era5
2024-04-25 19:00:00,3.3,70,0.0,0.0,1016.6,3.2,10.8,era5
2024-04-25 20:00:00,2.9,75,0.0,0.0,1016.6,5.5,10.4,era5
2024-04-25 21:00:00,0.9,84,0.0,0.0,1016.6,7.5,10.8,era5
2024-04-25 22:00:00,0.3,84,0.0,0.0,1016.7,4.8,9.4,era5
2024-04-25 23:00:00,-0.6,84,0.0,0.0,1016.9,5.4,7.2,era5
2024-04-26 00:00:00,-0.1,83,0.0,0.0,1016.8,3.9,6.8,era5
2024-04-26 01:00:00,-0.6,87,0.0,0.0,1016.4,0.8,4.7,era5
2024-04-26 02:00:00,-5.0,93,0.0,0.0,1016.1,5.7,7.6,era5
2024-04-26 03:00:00,-2.8,91,0.0,0.0,1015.8,7.9,13.0,era5
2024-04-26 04:00:00,-3.1,91,0.0,0.0,1015.4,9.5,16.6,era5
2024-04-26 05:00:00,-2.5,90,0.0,0.0,1015.4,9.8,17.6,era5
2024-04-26 06:00:00,-0.2,82,0.0,0.0,1015.2,9.2,18.7,era5
2024-04-26 07:00:00,1.6,76,0.0,0.0,1015.1,7.3,18.4,era5
2024-04-26 08:00:00,2.9,69,0.0,0.0,1014.9,6.4,17.3,era5
2024-04-26 09:00:00,3.3,67,0.0,0.0,1014.5,7.6,20.2,era5
2024-04-26 10:00:00,3.9,63,0.0,0.0,1014.5,7.6,22.0,era5
2024-04-26 11:00:00,4.7,58,0.0,0.0,1014.6,8.0,22.3,era5
2024-04-26 12:00:00,4.9,59,0.0,0.0,1014.5,7.6,22.3,era5
2024-04-26 13:00:00,4.9,59,0.0,0.0,1014.4,7.7,21.2,era5
2024-04-26 14:00:00,5.0,59,0.0,0.0,1014.4,8.7,23.8,era5
2024-04-26 15:00:00,5.3,57,0.0,0.0,1014.3,8.4,24.5,era5
2024-04-26 16:00:00,4.9,57,0.0,0.0,1014.7,7.5,25.2,era5
2024-04-26 17:00:00,4.7,58,0.0,0.0,1014.9,6.2,20.5,era5
2024-04-26 18:00:00,4.6,59,0.0,0.0,1014.8,6.4,17.3,era5
2024-04-26 19:00:00,4.0,66,0.0,0.0,1014.8,4.8,17.3,era5
2024-04-26 20:00:00,3.3,72,0.0,0.0,1015.1,6.2,11.9,era5
2024-04-26 21:00:00,2.0,78,0.0,0.0,1015.5,9.4,18.0,era5
2024-04-26 22:00:00,2.3,79,0.0,0.0,1015.6,10.5,20.9,era5
2024-04-26 23:00:00,2.1,82,0.0,0.0,1015.6,9.4,20.9,era5
2024-04-27 00:00:00,1.6,87,0.0,0.0,1015.9,9.4,18.4,era5
2024-04-27 01:00:00,1.5,88,0.0,0.0,1016.0,9.7,19.4,era5
2024-04-27 02:00:00,1.2,90,0.0,0.0,1016.3,9.1,19.1,era5
2024-04-27 03:00:00,0.9,92,0.0,0.0,1016.5,8.4,18.4,era5
2024-04-27 04:00:00,0.6,91,0.0,0.0,1017.0,9.0,18.7,era5
2024-04-27 05:00:00,0.3,91,0.1,0.07,1017.0,9.4,19.8,era5
2024-04-27 06:00:00,0.1,89,0.1,0.07,1017.2,9.7,20.9,era5
2024-04-27 07:00:00,-0.1,86,0.1,0.07,1017.6,9.0,20.9,era5
2024-04-27 08:00:00,-0.2,85,0.1,0.07,1018.0,8.7,20.2,era5
2024-04-27 09:00:00,-0.0,83,0.1,0.07,1018.2,9.2,21.6,era5
2024-04-27 10:00:00,0.0,82,0.1,0.07,1018.6,9.7,21.6,era5
2024-04-27 11:00:00,0.2,81,0.0,0.0,1018.9,9.7,22.7,era5
2024-04-27 12:00:00,0.5,80,0.1,0.07,1019.3,10.2,24.1,era5
2024-04-27 13:00:00,0.8,80,0.1,0.07,1019.5,9.7,24.1,era5
2024-04-27 14:00:00,1.1,79,0.1,0.07,1019.9,8.7,22.3,era5
2024-04-27 15:00:00,1.0,81,0.2,0.14,1020.1,7.6,20.5,era5
2024-04-27 16:00:00,0.5,83,0.4,0.28,1020.3,8.1,20.2,era5
2024-04-27 17:00:00,0.5,82,0.2,0.14,1020.7,7.0,18.7,era5
2024-04-27 18:00:00,0.7,82,0.1,0.07,1021.1,6.5,16.9,era5
2024-04-27 19:00:00,0.5,84,0.1,0.07,1021.5,4.3,15.1,era5
2024-04-27 20:00:00,0.1,90,0.1,0.07,1021.8,3.2,10.4,era5
2024-04-27 21:00:00,-0.2,93,0.1,0.07,1022.2,4.9,9.4,era5
2024-04-27 22:00:00,-0.4,94,0.1,0.07,1022.3,5.6,10.8,era5
2024-04-27 23:00:00,-0.6,95,0.1,0.07,1022.7,5.8,10.8,era5
2024-04-28 00:00:00,-0.6,95,0.0,0.0,1023.1,5.7,10.4,era5
2024-04-28 01:00:00,-0.7,95,0.0,0.0,1023.5,5.6,10.4,era5
2024-04-28 02:00:00,-0.7,95,0.0,0.0,1023.9,5.8,10.8,era5
2024-04-28 03:00:00,-0.7,95,0.0,0.0,1024.3,6.1,11.9,era5
2024-04-28 04:00:00,-0.6,96,0.0,0.0,1024.6,5.1,10.1,era5
2024-04-28 05:00:00,-0.5,95,0.0,0.0,1024.9,5.4,10.1,era5
2024-04-28 06:00:00,-0.1,91,0.0,0.0,1025.4,5.4,12.2,era5
2024-04-28 07:00:00,0.3,87,0.0,0.0,1025.9,6.4,15.5,era5
2024-04-28 08:00:00,1.0,82,0.0,0.0,1026.0,7.6,19.1,era5
2024-04-28 09:00:00,1.7,78,0.0,0.0,1026.5,8.0,20.5,era5
2024-04-28 10:00:00,2.0,76,0.0,0.0,1026.9,8.1,20.9,era5
2024-04-28 11:00:00,2.7,72,0.0,0.0,1027.4,8.4,22.7,era5
2024-04-28 12:00:00,2.9,72,0.0,0.0,1027.5,8.1,22.7,era5
2024-04-28 13:00:00,3.2,71,0.0,0.0,1027.5,8.2,22.0,era5
2024-04-28 14:00:00,3.6,69,0.0,0.0,1027.6,8.4,22.7,era5
2024-04-28 15:00:00,3.6,70,0.0,0.0,1027.7,9.3,23.4,era5
2024-04-28 16:00:00,2.8,74,0.0,0.0,1028.4,9.1,25.2,era5
2024-04-28 17:00:00,2.5,79,0.0,0.0,1028.4,7.4,23.0,era5
2024-04-28 18:00:00,2.1,83,0.0,0.0,1028.5,6.6,19.1,era5
2024-04-28 19:00:00,1.5,89,0.0,0.0,1028.7,7.6,19.1,era5
2024-04-28 20:00:00,0.8,93,0.0,0.0,1028.9,5.6,17.6,era5
2024-04-28 21:00:00,0.3,97,0.1,0.07,1029.2,5.5,13.3,era5
2024-04-28 22:00:00,-0.1,99,0.1,0.07,1029.3,5.3,12.6,era5
2024-04-28 23:00:00,-0.3,98,0.1,0.07,1029.6,4.6,11.9,era5
2024-04-29 00:00:00,-0.5,98,0.1,0.07,1029.8,3.3,9.4,era5
2024-04-29 01:00:00,-0.6,98,0.0,0.0,1029.9,3.3,7.2,era5
2024-04-29 02:00:00,-0.7,97,0.0,0.0,1030.1,4.7,9.4,era5
2024-04-29 03:00:00,-0.9,96,0.0,0.0,1030.2,5.4,10.8,era5
2024-04-29 04:00:00,-1.2,92,0.0,0.0,1030.5,7.0,16.9,era5
2024-04-29 05:00:00,-1.4,92,0.0,0.0,1030.5,6.6,14.0,era5
2024-04-29 06:00:00,-1.0,85,0.0,0.0,1030.6,7.0,16.9,era5
2024-04-29 07:00:00,-1.0,84,0.0,0.0,1030.9,6.6,16.6,era5
2024-04-29 08:00:00,-0.8,84,0.0,0.0,1030.9,8.6,20.2,era5
2024-04-29 09:00:00,-0.7,84,0.0,0.0,1031.0,10.2,24.1,era5
2024-04-29 10:00:00,-0.7,83,0.0,0.0,1030.8,10.1,24.5,era5
2024-04-29 11:00:00,-0.2,78,0.0,0.0,1031.0,10.4,24.8,era5
2024-04-29 12:00:00,-0.0,77,0.0,0.0,1030.9,11.5,27.7,era5
2024-04-29 13:00:00,-0.1,78,0.0,0.0,1030.8,11.0,27.7,era5
2024-04-29 14:00:00,-0.2,79,0.0,0.0,1030.4,10.8,26.3,era5
2024-04-29 15:00:00,-0.0,78,0.0,0.0,1030.0,10.2,26.6,era5
2024-04-29 16:00:00,-0.8,82,0.0,0.0,1029.8,9.9,24.5,era5
2024-04-29 17:00:00,-0.9,82,0.0,0.0,1029.4,10.0,23.8,era5
2024-04-29 18:00:00,-1.1,84,0.0,0.0,1028.9,10.0,23.4,era5
2024-04-29 19:00:00,-1.5,87,0.0,0.0,1028.2,8.9,23.4,era5
2024-04-29 20:00:00,-1.7,89,0.0,0.0,1027.8,7.7,20.2,era5
2024-04-29 21:00:00,-1.9,92,0.0,0.0,1027.3,5.4,16.9,era5
2024-04-29 22:00:00,-2.2,95,0.0,0.0,1026.9,2.9,11.9,era5
2024-04-29 23:00:00,-2.6,95,0.0,0.0,1026.5,3.9,5.8,era5
2024-04-30 00:00:00,-2.6,95,0.0,0.0,1025.9,4.1,5.0,era5
2024-04-30 01:00:00,-3.4,95,0.0,0.0,1025.1,4.1,5.4,era5
2024-04-30 02:00:00,-3.0,95,0.0,0.0,1024.2,5.4,8.6,era5
2024-04-30 03:00:00,-3.4,96,0.0,0.0,1023.7,5.1,9.4,era5
2024-04-30 04:00:00,-3.7,96,0.0,0.0,1023.0,4.6,7.6,era5
2024-04-30 05:00:00,-3.4,94,0.0,0.0,1022.7,5.8,10.4,era5
2024-04-30 06:00:00,-2.5,91,0.0,0.0,1022.2,4.7,11.5,era5
2024-04-30 07:00:00,-1.3,84,0.0,0.0,1021.8,3.6,10.8,era5
2024-04-30 08:00:00,0.0,79,0.0,0.0,1021.5,5.1,13.7,era5
2024-04-30 09:00:00,1.4,75,0.0,0.0,1021.1,5.1,15.5,era5
2024-04-30 10:00:00,2.6,74,0.0,0.0,1020.9,6.4,17.6,era5
2024-04-30 11:00:00,3.5,73,0.0,0.0,1021.1,7.1,19.1,era5
2024-04-30 12:00:00,4.1,72,0.0,0.0,1021.5,6.1,19.4,era5
2024-04-30 13:00:00,4.3,71,0.0,0.0,1021.8,4.8,17.6,era5
2024-04-30 14:00:00,4.5,70,0.0,0.0,1022.3,4.7,15.5,era5
2024-04-30 15:00:00,4.6,70,0.0,0.0,1022.9,5.4,16.6,era5
2024-04-30 16:00:00,4.1,71,0.0,0.0,1023.9,3.3,14.0,era5
2024-04-30 17:00:00,4.2,68,0.0,0.0,1024.3,4.1,14.0,era5
2024-04-30 18:00:00,4.1,66,0.0,0.0,1024.5,4.7,14.0,era5
2024-04-30 19:00:00,3.5,70,0.0,0.0,1024.5,3.9,13.7,era5
2024-04-30 20:00:00,4.1,64,0.0,0.0,1025.0,3.5,9.4,era5
2024-04-30 21:00:00,3.2,70,0.0,0.0,1025.3,2.2,5.0,era5
2024-04-30 22:00:00,2.8,73,0.0,0.0,1025.5,1.0,4.0,era5
2024-04-30 23:00:00,2.6,75,0.0,0.0,1025.8,1.0,2.5,era5
2024-05-01 00:00:00,2.0,80,0.0,0.0,1026.0,4.6,5.8,era5
2024-05-01 01:00:00,0.0,88,0.0,0.0,1026.1,5.9,8.6,era5
2024-05-01 02:00:00,-1.9,89,0.0,0.0,1026.2,8.0,11.9,era5
2024-05-01 03:00:00,-0.3,86,0.0,0.0,1026.3,9.5,14.8,era5
2024-05-01 04:00:00,-0.0,83,0.0,0.0,1026.6,8.9,14.8,era5
2024-05-01 05:00:00,-0.4,86,0.0,0.0,1026.6,8.9,15.1,era5
2024-05-01 06:00:00,0.8,84,0.0,0.0,1026.7,6.7,15.5,era5
2024-05-01 07:00:00,1.9,80,0.0,0.0,1026.7,6.8,15.8,era5
2024-05-01 08:00:00,2.9,74,0.0,0.0,1026.6,7.2,19.4,era5
2024-05-01 09:00:00,3.6,65,0.0,0.0,1026.3,10.2,25.9,era5
2024-05-01 10:00:00,4.0,61,0.0,0.0,1026.2,11.2,28.4,era5
2024-05-01 11:00:00,4.7,57,0.0,0.0,1026.3,12.1,29.9,era5
2024-05-01 12:00:00,5.2,56,0.0,0.0,1026.2,12.4,31.0,era5
2024-05-01 13:00:00,5.5,55,0.0,0.0,1026.0,13.2,32.0,era5
2024-05-01 14:00:00,5.9,54,0.0,0.0,1025.6,14.3,34.6,era5
2024-05-01 15:00:00,5.8,55,0.0,0.0,1025.5,15.0,35.3,era5
2024-05-01 16:00:00,4.6,61,0.0,0.0,1025.8,15.5,35.6,era5
2024-05-01 17:00:00,4.3,62,0.0,0.0,1025.7,15.8,36.0,era5
2024-05-01 18:00:00,4.0,62,0.0,0.0,1025.7,15.0,37.8,era5
2024-05-01 19:00:00,3.8,65,0.0,0.0,1025.3,10.8,37.1,era5
2024-05-01 20:00:00,3.3,69,0.0,0.0,1025.1,10.1,25.2,era5
2024-05-01 21:00:00,2.0,76,0.0,0.0,1025.2,8.6,21.6,era5
2024-05-01 22:00:00,1.1,83,0.0,0.0,1025.2,9.8,18.0,era5
2024-05-01 23:00:00,1.2,83,0.0,0.0,1025.5,11.1,21.6,era5
2024-05-02 00:00:00,0.7,85,0.0,0.0,1025.8,12.5,24.1,era5
2024-05-02 01:00:00,1.2,81,0.0,0.0,1025.9,13.1,27.0,era5
2024-05-02 02:00:00,1.3,82,0.0,0.0,1025.9,13.1,27.7,era5
2024-05-02 03:00:00,1.1,85,0.0,0.0,1026.1,12.5,27.4,era5
2024-05-02 04:00:00,0.5,90,0.1,0.07,1026.4,11.6,24.8,era5
2024-05-02 05:00:00,0.8,91,0.1,0.07,1026.7,11.3,24.1,era5
2024-05-02 06:00:00,1.0,82,0.0,0.0,1027.1,12.6,27.4,era5
2024-05-02 07:00:00,0.6,76,0.0,0.0,1027.3,13.6,29.9,era5
2024-05-02 08:00:00,0.3,73,0.0,0.0,1027.5,13.2,30.2,era5
2024-05-02 09:00:00,0.8,69,0.0,0.0,1027.4,12.8,30.6,era5
2024-05-02 10:00:00,1.1,65,0.0,0.0,1027.5,12.9,31.3,era5
2024-05-02 11:00:00,1.5,62,0.0,0.0,1027.7,13.0,31.7,era5
2024-05-02 12:00:00,1.9,60,0.0,0.0,1027.8,11.8,31.7,era5
2024-05-02 13:00:00,2.2,59,0.0,0.0,1027.8,11.4,30.2,era5
2024-05-02 14:00:00,2.4,58,0.0,0.0,1027.7,10.6,28.8,era5
2024-05-02 15:00:00,2.5,57,0.0,0.0,1027.6,10.4,27.0,era5
2024-05-02 16:00:00,2.5,57,0.0,0.0,1027.7,10.3,27.0,era5
2024-05-02 17:00:00,2.4,57,0.0,0.0,1027.5,9.0,26.3,era5
2024-05-02 18:00:00,2.2,60,0.0,0.0,1027.2,8.5,23.8,era5
2024-05-02 19:00:00,1.5,64,0.0,0.0,1026.9,8.4,21.2,era5
2024-05-02 20:00:00,0.3,73,0.0,0.0,1026.8,8.8,20.2,era5
2024-05-02 21:00:00,-1.3,84,0.0,0.0,1026.8,9.4,18.7,era5
2024-05-02 22:00:00,-2.3,85,0.0,0.0,1026.9,8.9,17.3,era5
2024-05-02 23:00:00,-2.7,81,0.0,0.0,1026.9,8.0,15.1,era5
2024-05-03 00:00:00,-5.2,82,0.0,0.0,1026.8,9.1,13.0,era5
2024-05-03 01:00:00,-4.5,80,0.0,0.0,1026.8,7.6,11.5,era5
2024-05-03 02:00:00,-4.9,79,0.0,0.0,1026.7,7.6,10.1,era5
2024-05-03 03:00:00,-6.4,82,0.0,0.0,1026.6,8.8,11.5,era5
2024-05-03 04:00:00,-6.6,82,0.0,0.0,1026.1,10.3,13.3,era5
2024-05-03 05:00:00,-3.5,79,0.0,0.0,1025.7,6.0,13.3,era5
2024-05-03 06:00:00,-3.0,82,0.0,0.0,1025.4,5.6,12.2,era5
2024-05-03 07:00:00,-1.9,79,0.0,0.0,1025.1,5.1,12.2,era5
2024-05-03 08:00:00,-1.5,80,0.0,0.0,1024.7,5.4,13.3,era5
2024-05-03 09:00:00,-1.0,79,0.0,0.0,1024.1,5.4,14.8,era5
2024-05-03 10:00:00,-0.7,79,0.0,0.07,1023.9,5.4,14.8,era5
2024-05-03 11:00:00,-0.3,79,0.1,0.07,1023.5,5.4,15.5,era5
2024-05-03 12:00:00,-0.3,81,0.2,0.14,1022.9,5.4,15.1,era5
2024-05-03 13:00:00,-0.3,83,0.2,0.14,1022.4,5.6,14.8,era5
2024-05-03 14:00:00,0.1,84,0.2,0.14,1021.8,6.6,16.6,era5
2024-05-03 15:00:00,0.7,82,0.1,0.07,1021.2,7.3,18.7,era5
2024-05-03 16:00:00,1.7,79,0.1,0.07,1020.4,9.0,22.7,era5
2024-05-03 17:00:00,1.7,81,0.1,0.07,1019.8,9.5,22.7,era5
2024-05-03 18:00:00,1.5,84,0.0,0.0,1019.2,9.0,22.7,era5
2024-05-03 19:00:00,1.3,87,0.0,0.0,1018.3,8.6,21.2,era5
2024-05-03 20:00:00,1.1,88,0.0,0.0,1017.5,8.3,20.2,era5
2024-05-03 21:00:00,0.8,91,0.0,0.0,1016.8,8.3,18.0,era5
2024-05-03 22:00:00,0.4,93,0.0,0.0,1015.9,8.1,17.6,era5
2024-05-03 23:00:00,0.2,95,0.1,0.07,1015.2,8.2,16.6,era5
2024-05-04 00:00:00,0.1,96,0.1,0.07,1014.4,7.8,16.6,era5
2024-05-04 01:00:00,0.1,97,0.1,0.07,1013.7,6.3,15.8,era5
2024-05-04 02:00:00,0.0,98,0.2,0.14,1013.0,4.4,12.2,era5
2024-05-04 03:00:00,0.0,98,0.4,0.28,1012.2,3.2,8.6,era5
2024-05-04 04:00:00,0.3,97,0.4,0.28,1011.9,3.1,6.5,era5
2024-05-04 05:00:00,0.5,97,0.3,0.21,1011.3,4.4,9.0,era5
2024-05-04 06:00:00,0.8,95,0.1,0.07,1011.0,4.6,10.4,era5
2024-05-04 07:00:00,1.3,91,0.1,0.07,1010.7,7.6,16.9,era5
2024-05-04 08:00:00,1.7,88,0.0,0.0,1010.7,10.3,23.4,era5
2024-05-04 09:00:00,1.7,88,0.1,0.07,1010.8,10.3,24.8,era5
2024-05-04 10:00:00,2.0,87,0.2,0.14,1011.2,11.1,25.6,era5
2024-05-04 11:00:00,2.5,83,0.1,0.0,1011.5,11.4,27.4,era5
2024-05-04 12:00:00,2.4,81,0.1,0.0,1011.8,12.5,29.5,era5
2024-05-04 13:00:00,2.8,69,0.0,0.0,1012.0,13.6,32.0,era5
2024-05-04 14:00:00,3.2,61,0.0,0.0,1012.2,15.1,35.6,era5
2024-05-04 15:00:00,2.9,59,0.0,0.0,1012.4,16.4,38.9,era5
2024-05-04 16:00:00,1.7,62,0.0,0.0,1013.3,17.9,41.4,era5
2024-05-04 17:00:00,1.3,63,0.0,0.0,1013.6,18.4,42.5,era5
2024-05-04 18:00:00,0.6,66,0.0,0.0,1013.9,17.8,42.5,era5
2024-05-04 19:00:00,0.1,67,0.0,0.0,1014.0,16.5,40.7,era5
2024-05-04 20:00:00,-0.6,69,0.0,0.0,1014.2,13.8,36.7,era5
2024-05-04 21:00:00,-1.3,73,0.0,0.0,1014.7,15.1,31.7,era5
2024-05-04 22:00:00,-1.9,76,0.0,0.0,1015.1,13.1,31.7,era5
2024-05-04 23:00:00,-3.1,85,0.0,0.0,1015.1,9.0,26.6,era5
2024-05-05 00:00:00,-3.6,88,0.0,0.0,1015.1,8.1,16.9,era5
2024-05-05 01:00:00,-3.3,92,0.1,0.07,1015.0,9.2,16.9,era5
2024-05-05 02:00:00,-3.0,91,0.0,0.0,1015.0,10.5,20.2,era5
2024-05-05 03:00:00,-3.5,93,0.0,0.0,1014.8,10.8,21.2,era5
2024-05-05 04:00:00,-2.9,85,0.0,0.0,1014.8,11.6,23.0,era5
2024-05-05 05:00:00,-3.6,90,0.0,0.0,1014.8,12.2,24.1,era5
2024-05-05 06:00:00,-3.1,88,0.0,0.0,1014.8,11.3,24.1,era5
2024-05-05 07:00:00,-2.0,83,0.0,0.0,1015.0,10.6,25.2,era5
2024-05-05 08:00:00,-1.1,76,0.0,0.0,1015.0,12.9,28.8,era5
2024-05-05 09:00:00,-0.2,69,0.1,0.07,1014.8,13.3,31.3,era5
2024-05-05 10:00:00,0.3,64,0.0,0.0,1014.7,14.2,34.2,era5
2024-05-05 11:00:00,1.1,59,0.1,0.07,1014.4,14.9,34.6,era5
2024-05-05 12:00:00,1.5,57,0.1,0.07,1014.1,14.9,35.6,era5
2024-05-05 13:00:00,1.8,55,0.0,0.0,1014.0,15.5,36.4,era5
2024-05-05 14:00:00,1.9,55,0.0,0.0,1013.9,15.9,37.4,era5
2024-05-05 15:00:00,2.0,55,0.0,0.0,1013.7,16.8,38.9,era5
2024-05-05 16:00:00,2.0,56,0.0,0.0,1013.9,16.0,37.1,era5
2024-05-05 17:00:00,1.9,55,0.0,0.0,1013.9,15.7,37.8,era5
2024-05-05 18:00:00,1.6,57,0.0,0.0,1013.9,14.6,36.4,era5
2024-05-05 19:00:00,1.3,58,0.0,0.0,1013.9,12.9,33.5,era5
2024-05-05 20:00:00,0.5,65,0.0,0.0,1013.7,9.6,29.2,era5
2024-05-05 21:00:00,-1.4,77,0.0,0.0,1013.8,7.5,21.2,era5
2024-05-05 22:00:00,-2.5,80,0.0,0.0,1013.9,10.1,16.9,era5
2024-05-05 23:00:00,-3.1,84,0.0,0.0,1014.2,12.1,22.0,era5
2024-05-06 00:00:00,-3.5,89,0.0,0.0,1014.3,11.8,23.0,era5
2024-05-06 01:00:00,-3.6,91,0.0,0.0,1014.5,13.0,25.9,era5
2024-05-06 02:00:00,-4.0,92,0.0,0.0,1014.5,13.5,27.4,era5
2024-05-06 03:00:00,-4.5,92,0.0,0.0,1014.5,13.7,27.7,era5
2024-05-06 04:00:00,-3.9,92,0.0,0.0,1014.3,14.6,29.9,era5
2024-05-06 05:00:00,-3.9,90,0.0,0.0,1014.3,14.9,31.0,era5
2024-05-06 06:00:00,-3.1,85,0.0,0.0,1014.3,14.4,31.7,era5
2024-05-06 07:00:00,-2.1,77,0.0,0.0,1014.3,15.3,40.0,era5
2024-05-06 08:00:00,-1.4,74,0.0,0.0,1014.4,19.5,42.1,era5
2024-05-06 09:00:00,-0.8,72,0.0,0.0,1014.4,20.7,45.7,era5
2024-05-06 10:00:00,-0.3,71,0.2,0.14,1014.5,19.6,46.1,era5
2024-05-06 11:00:00,0.2,68,0.2,0.14,1014.6,18.3,44.3,era5
2024-05-06 12:00:00,1.1,64,0.0,0.0,1014.4,16.7,44.3,era5
2024-05-06 13:00:00,1.3,63,0.1,0.07,1014.1,18.3,43.9,era5
2024-05-06 14:00:00,1.4,62,0.0,0.0,1014.2,15.2,43.9,era5
2024-05-06 15:00:00,0.3,74,0.4,0.28,1014.4,15.5,39.6,era5
2024-05-06 16:00:00,1.5,67,0.1,0.07,1014.4,10.6,32.0,era5
2024-05-06 17:00:00,1.0,69,0.2,0.14,1014.6,12.3,33.5,era5
2024-05-06 18:00:00,0.9,65,0.1,0.07,1014.7,11.5,29.2,era5
2024-05-06 19:00:00,0.5,64,0.0,0.0,1014.7,10.5,27.4,era5
2024-05-06 20:00:00,-0.2,71,0.0,0.0,1015.0,8.7,24.8,era5
2024-05-06 21:00:00,-1.3,77,0.0,0.0,1015.1,8.0,19.4,era5
2024-05-06 22:00:00,-2.1,79,0.0,0.0,1015.5,10.3,20.5,era5
2024-05-06 23:00:00,-3.4,82,0.0,0.0,1015.7,10.6,21.6,era5
2024-05-07 00:00:00,-4.2,86,0.0,0.0,1016.0,11.5,22.0,era5
2024-05-07 01:00:00,-4.9,89,0.0,0.0,1016.2,11.3,22.0,era5
2024-05-07 02:00:00,-5.4,90,0.0,0.0,1016.5,11.2,22.0,era5
2024-05-07 03:00:00,-5.8,91,0.0,0.0,1016.9,11.9,23.0,era5
2024-05-07 04:00:00,-6.1,90,0.0,0.0,1017.5,12.6,25.6,era5
2024-05-07 05:00:00,-5.9,88,0.0,0.0,1018.0,13.0,27.0,era5
2024-05-07 06:00:00,-5.1,83,0.0,0.0,1018.5,14.1,29.9,era5
2024-05-07 07:00:00,-4.3,79,0.0,0.0,1018.9,15.7,34.6,era5
2024-05-07 08:00:00,-3.6,76,0.0,0.0,1019.3,17.8,40.3,era5
2024-05-07 09:00:00,-2.9,71,0.0,0.0,1019.6,18.1,40.3,era5
2024-05-07 10:00:00,-2.1,61,0.1,0.07,1019.8,20.3,45.0,era5
2024-05-07 11:00:00,-1.1,60,0.0,0.0,1020.2,18.9,47.5,era5
2024-05-07 12:00:00,-0.1,55,0.0,0.0,1020.3,19.3,47.5,era5
2024-05-07 13:00:00,0.6,52,0.0,0.0,1020.3,19.7,49.0,era5
2024-05-07 14:00:00,1.1,54,0.0,0.0,1020.6,22.1,52.9,era5
2024-05-07 15:00:00,1.4,55,0.0,0.0,1021.1,20.8,55.1,era5
2024-05-07 16:00:00,0.0,56,0.0,0.0,1022.7,21.4,50.4,era5
2024-05-07 17:00:00,0.6,56,0.0,0.0,1023.1,19.3,49.7,era5
2024-05-07 18:00:00,0.0,56,0.0,0.0,1024.1,18.7,46.8,era5
2024-05-07 19:00:00,-0.4,58,0.0,0.0,1024.8,16.4,43.2,era5
2024-05-07 20:00:00,-1.0,62,0.0,0.0,1025.5,13.3,36.7,era5
2024-05-07 21:00:00,-2.3,71,0.0,0.0,1026.3,9.7,28.8,era5
2024-05-07 22:00:00,-4.3,84,0.0,0.0,1026.8,8.1,20.5,era5
2024-05-07 23:00:00,-5.1,86,0.0,0.0,1027.3,10.1,17.3,era5
2024-05-08 00:00:00,-5.2,89,0.0,0.0,1027.7,12.4,23.0,era5
2024-05-08 01:00:00,-5.5,87,0.0,0.0,1028.0,13.0,25.6,era5
2024-05-08 02:00:00,-6.0,87,0.0,0.0,1028.3,12.1,25.6,era5
2024-05-08 03:00:00,-6.4,89,0.0,0.0,1028.6,11.8,23.0,era5
2024-05-08 04:00:00,-5.9,90,0.0,0.0,1028.7,10.9,25.2,era5
2024-05-08 05:00:00,-6.0,90,0.0,0.0,1028.8,10.8,21.2,era5
2024-05-08 06:00:00,-4.2,82,0.0,0.0,1028.7,12.2,25.9,era5
2024-05-08 07:00:00,-3.1,75,0.0,0.0,1028.5,13.6,36.0,era5
2024-05-08 08:00:00,-2.5,74,0.0,0.0,1028.5,14.5,33.1,era5
2024-05-08 09:00:00,-1.4,75,0.0,0.0,1028.4,19.5,44.3,era5
2024-05-08 10:00:00,-0.5,71,0.0,0.0,1028.2,19.8,44.3,era5
2024-05-08 11:00:00,0.2,66,0.0,0.0,1027.9,22.3,49.0,era5
2024-05-08 12:00:00,0.5,64,0.0,0.0,1027.8,21.8,49.7,era5
2024-05-08 13:00:00,0.6,62,0.0,0.0,1027.5,20.9,49.0,era5
2024-05-08 14:00:00,0.7,62,0.0,0.0,1027.4,20.3,46.8,era5
2024-05-08 15:00:00,0.9,61,0.0,0.0,1027.2,19.7,46.1,era5
2024-05-08 16:00:00,1.9,54,0.0,0.0,1026.6,19.5,47.9,era5
2024-05-08 17:00:00,1.5,56,0.0,0.0,1026.6,17.9,44.3,era5
2024-05-08 18:00:00,1.3,58,0.0,0.0,1026.8,17.6,40.7,era5
2024-05-08 19:00:00,0.8,60,0.0,0.0,1026.7,16.0,39.6,era5
2024-05-08 20:00:00,0.2,66,0.0,0.0,1026.3,13.3,39.6,era5
2024-05-08 21:00:00,-0.8,73,0.0,0.0,1026.2,12.1,29.5,era5
2024-05-08 22:00:00,-2.1,81,0.0,0.0,1026.1,11.6,25.6,era5
2024-05-08 23:00:00,-2.3,84,0.0,0.0,1025.8,11.6,23.0,era5
2024-05-09 00:00:00,-3.0,88,0.0,0.0,1025.6,11.5,22.7,era5
2024-05-09 01:00:00,-3.7,91,0.0,0.0,1025.3,10.8,22.0,era5
2024-05-09 02:00:00,-4.2,91,0.0,0.0,1024.9,10.4,20.9,era5
2024-05-09 03:00:00,-4.8,91,0.0,0.0,1024.7,10.4,19.8,era5
2024-05-09 04:00:00,-5.3,92,0.0,0.0,1024.2,10.8,20.9,era5
2024-05-09 05:00:00,-4.9,92,0.0,0.0,1023.8,11.2,22.0,era5
2024-05-09 06:00:00,-4.0,88,0.0,0.0,1023.6,10.4,23.8,era5
2024-05-09 07:00:00,-2.5,80,0.0,0.0,1023.0,12.7,29.2,era5
2024-05-09 08:00:00,-1.6,76,0.0,0.0,1022.3,14.3,32.0,era5
2024-05-09 09:00:00,-0.7,72,0.0,0.0,1021.4,13.6,33.1,era5
2024-05-09 10:00:00,0.1,67,0.0,0.0,1020.9,13.6,32.8,era5
2024-05-09 11:00:00,0.8,62,0.0,0.0,1020.5,14.5,34.9,era5
2024-05-09 12:00:00,1.2,61,0.0,0.0,1019.7,15.0,35.6,era5
2024-05-09 13:00:00,1.6,60,0.0,0.0,1019.0,15.6,37.1,era5
2024-05-09 14:00:00,1.7,60,0.0,0.0,1018.5,15.6,37.8,era5
2024-05-09 15:00:00,1.7,60,0.0,0.0,1017.8,15.1,37.4,era5
2024-05-09 16:00:00,2.3,50,0.0,0.0,1017.1,10.4,31.0,era5
2024-05-09 17:00:00,2.2,51,0.0,0.0,1016.3,9.9,27.0,era5
2024-05-09 18:00:00,1.8,53,0.0,0.0,1015.7,10.2,25.6,era5
2024-05-09 19:00:00,1.3,55,0.0,0.0,1014.8,9.1,25.2,era5
2024-05-09 20:00:00,0.5,63,0.0,0.0,1013.5,7.3,22.3,era5
2024-05-09 21:00:00,-1.3,75,0.0,0.0,1012.6,9.8,18.7,era5
2024-05-09 22:00:00,-2.2,80,0.0,0.0,1012.1,12.8,24.1,era5
2024-05-09 23:00:00,-2.7,80,0.0,0.0,1011.1,13.5,25.6,era5
2024-05-10 00:00:00,-3.2,83,0.0,0.0,1010.6,14.3,27.7,era5
2024-05-10 01:00:00,-3.8,87,0.0,0.0,1010.2,15.4,30.2,era5
2024-05-10 02:00:00,-4.4,90,0.0,0.0,1009.8,15.6,31.0,era5
2024-05-10 03:00:00,-5.0,91,0.0,0.0,1009.1,15.9,31.7,era5
2024-05-10 04:00:00,-5.4,91,0.0,0.0,1009.1,14.4,30.6,era5
2024-05-10 05:00:00,-5.1,90,0.0,0.0,1008.4,14.1,29.9,era5
2024-05-10 06:00:00,-4.0,84,0.0,0.0,1008.1,15.3,33.1,era5
2024-05-10 07:00:00,-3.2,82,0.0,0.0,1007.9,16.5,36.0,era5
2024-05-10 08:00:00,-2.3,79,0.0,0.0,1007.6,15.6,36.0,era5
2024-05-10 09:00:00,-1.4,76,0.0,0.0,1007.3,16.0,36.0,era5
2024-05-10 10:00:00,-0.8,74,0.0,0.0,1007.4,18.0,40.0,era5
2024-05-10 11:00:00,0.3,68,0.0,0.0,1007.2,18.7,42.5,era5
2024-05-10 12:00:00,0.5,70,0.0,0.0,1007.3,19.2,42.5,era5
2024-05-10 13:00:00,0.5,72,0.0,0.0,1007.9,19.4,42.8,era5
2024-05-10 14:00:00,0.7,73,0.1,0.0,1008.6,20.8,45.4,era5
2024-05-10 15:00:00,0.6,76,0.2,0.14,1008.8,20.8,45.7,era5
2024-05-10 16:00:00,0.5,73,0.0,0.0,1009.2,22.7,49.7,era5
2024-05-10 17:00:00,0.4,76,0.0,0.0,1009.6,22.5,49.3,era5
2024-05-10 18:00:00,0.6,77,0.0,0.0,1009.9,22.1,52.6,era5
2024-05-10 19:00:00,0.7,80,0.1,0.0,1010.0,18.8,48.6,era5
2024-05-10 20:00:00,0.7,82,0.0,0.0,1009.5,21.9,46.8,era5
2024-05-10 21:00:00,0.5,82,0.0,0.0,1009.3,24.7,52.6,era5
2024-05-10 22:00:00,0.6,82,0.0,0.0,1009.7,27.2,58.7,era5
2024-05-10 23:00:00,0.6,82,0.0,0.0,1009.6,27.1,59.4,era5
2024-05-11 00:00:00,0.6,83,0.0,0.0,1009.7,25.3,58.3,era5
2024-05-11 01:00:00,0.7,82,0.0,0.0,1009.8,25.2,55.1,era5
2024-05-11 02:00:00,0.6,83,0.0,0.07,1010.1,24.8,54.4,era5
2024-05-11 03:00:00,0.6,84,0.3,0.21,1010.7,23.2,52.9,era5
2024-05-11 04:00:00,0.4,83,0.2,0.14,1011.2,22.4,48.6,era5
2024-05-11 05:00:00,0.6,85,0.3,0.21,1011.6,22.8,49.3,era5
2024-05-11 06:00:00,0.8,85,0.2,0.14,1012.3,21.3,49.0,era5
2024-05-11 07:00:00,1.1,84,0.1,0.07,1012.8,20.9,45.7,era5
2024-05-11 08:00:00,1.6,81,0.0,0.0,1013.3,24.6,53.6,era5
2024-05-11 09:00:00,1.8,80,0.0,0.0,1013.9,22.5,52.9,era5
2024-05-11 10:00:00,2.4,77,0.0,0.0,1014.8,22.0,49.7,era5
2024-05-11 11:00:00,2.9,73,0.0,0.0,1015.7,21.3,48.6,era5
2024-05-11 12:00:00,3.2,72,0.0,0.0,1016.2,20.9,47.9,era5
2024-05-11 13:00:00,3.6,70,0.1,0.0,1016.6,20.5,47.2,era5
2024-05-11 14:00:00,3.9,68,0.0,0.0,1016.9,20.6,46.4,era5
2024-05-11 15:00:00,4.2,67,0.1,0.0,1017.6,21.0,47.2,era5
2024-05-11 16:00:00,4.1,61,0.0,0.0,1017.8,22.3,49.7,era5
2024-05-11 17:00:00,4.0,64,0.0,0.0,1018.3,22.3,50.0,era5
2024-05-11 18:00:00,3.8,69,0.0,0.0,1019.1,19.7,48.6,era5
2024-05-11 19:00:00,3.4,76,0.0,0.0,1019.1,11.6,42.8,era5
2024-05-11 20:00:00,2.8,81,0.0,0.0,1018.8,9.7,26.6,era5
2024-05-11 21:00:00,2.4,84,0.0,0.0,1019.1,9.4,21.6,era5
2024-05-11 22:00:00,1.9,88,0.0,0.0,1019.6,9.7,20.9,era5
2024-05-11 23:00:00,0.6,94,0.0,0.0,1019.4,9.7,20.2,era5
2024-05-12 00:00:00,0.3,96,0.0,0.0,1019.6,9.8,19.4,era5
2024-05-12 01:00:00,0.1,96,0.0,0.0,1019.8,10.2,20.2,era5
2024-05-12 02:00:00,-0.2,97,0.0,0.0,1020.1,10.1,20.2,era5
2024-05-12 03:00:00,-0.7,97,0.0,0.0,1020.4,10.1,20.2,era5
2024-05-12 04:00:00,-1.6,93,0.0,0.0,1019.9,9.4,19.8,era5
2024-05-12 05:00:00,-1.5,91,0.0,0.0,1020.1,6.6,17.6,era5
2024-05-12 06:00:00,-0.9,87,0.0,0.0,1020.4,3.6,13.3,era5
2024-05-12 07:00:00,0.8,78,0.0,0.0,1020.4,4.0,11.9,era5
2024-05-12 08:00:00,1.8,72,0.0,0.0,1020.1,3.6,12.6,era5
2024-05-12 09:00:00,2.6,71,0.0,0.0,1019.9,2.2,11.9,era5
2024-05-12 10:00:00,3.2,73,0.0,0.0,1020.1,2.5,9.7,era5
2024-05-12 11:00:00,5.1,50,0.0,0.0,1019.9,1.8,9.4,era5
2024-05-12 12:00:00,6.0,46,0.0,0.0,1019.3,1.1,6.5,era5
2024-05-12 13:00:00,6.9,43,0.0,0.0,1019.2,0.5,4.3,era5
2024-05-12 14:00:00,8.1,40,0.0,0.0,1018.8,1.8,7.6,era5
2024-05-12 15:00:00,6.4,56,0.0,0.0,1018.6,3.9,14.4,era5
2024-05-12 16:00:00,7.3,50,0.0,0.0,1018.6,6.1,19.4,era5
2024-05-12 17:00:00,6.9,53,0.0,0.0,1018.8,9.7,25.2,era5
2024-05-12 18:00:00,5.9,61,0.0,0.0,1019.2,7.9,25.2,era5
2024-05-12 19:00:00,4.6,69,0.0,0.0,1019.2,6.4,19.4,era5
2024-05-12 20:00:00,3.6,75,0.0,0.0,1019.1,5.6,14.0,era5
2024-05-12 21:00:00,3.3,77,0.0,0.0,1019.1,6.5,11.5,era5
2024-05-12 22:00:00,2.7,80,0.0,0.0,1019.1,6.5,11.5,era5
2024-05-12 23:00:00,2.3,83,0.0,0.0,1019.1,5.2,11.2,era5
2024-05-13 00:00:00,2.3,82,0.0,0.0,1019.0,6.1,9.7,era5
2024-05-13 01:00:00,2.0,84,0.0,0.0,1019.0,6.6,11.2,era5
2024-05-13 02:00:00,1.8,85,0.0,0.0,1019.0,7.3,12.2,era5
2024-05-13 03:00:00,1.6,88,0.0,0.0,1019.0,6.8,12.2,era5
2024-05-13 04:00:00,0.7,88,0.0,0.0,1018.3,7.2,9.0,era5
2024-05-13 05:00:00,1.6,89,0.0,0.0,1018.4,4.8,8.6,era5
2024-05-13 06:00:00,2.6,81,0.0,0.0,1018.6,3.1,5.8,era5
2024-05-13 07:00:00,3.2,79,0.0,0.0,1018.9,1.6,4.7,era5
2024-05-13 08:00:00,3.7,76,0.0,0.0,1018.7,1.8,4.7,era5
2024-05-13 09:00:00,4.8,73,0.0,0.0,1018.6,1.1,5.0,era5
2024-05-13 10:00:00,5.9,70,0.0,0.0,1018.9,1.5,5.8,era5
2024-05-13 11:00:00,7.2,67,0.0,0.0,1018.9,1.5,7.6,era5
2024-05-13 12:00:00,8.5,61,0.0,0.0,1018.5,1.1,6.1,era5
2024-05-13 13:00:00,9.4,56,0.0,0.0,1018.4,1.4,6.8,era5
2024-05-13 14:00:00,10.5,50,0.0,0.0,1018.3,3.3,9.7,era5
2024-05-13 15:00:00,9.8,54,0.0,0.0,1018.4,4.2,12.2,era5
2024-05-13 16:00:00,11.1,40,0.0,0.0,1018.5,3.9,14.8,era5
2024-05-13 17:00:00,11.1,40,0.0,0.0,1018.9,3.7,11.9,era5
2024-05-13 18:00:00,6.3,67,0.0,0.0,1018.8,5.9,14.8,era5
2024-05-13 19:00:00,6.5,69,0.0,0.0,1019.1,5.2,15.1,era5
2024-05-13 20:00:00,5.4,75,0.0,0.0,1019.2,6.6,15.5,era5
2024-05-13 21:00:00,3.8,78,0.0,0.0,1019.5,7.2,15.1,era5
2024-05-13 22:00:00,2.5,81,0.0,0.0,1020.3,7.8,14.4,era5
2024-05-13 23:00:00,1.5,84,0.0,0.0,1020.3,6.2,14.0,era5
2024-05-14 00:00:00,-0.6,87,0.0,0.0,1020.1,9.0,12.6,era5
2024-05-14 01:00:00,0.8,86,0.0,0.0,1019.7,6.0,12.2,era5
2024-05-14 02:00:00,1.7,85,0.0,0.0,1019.5,7.1,12.2,era5
2024-05-14 03:00:00,1.8,86,0.0,0.0,1019.5,7.6,13.3,era5
2024-05-14 04:00:00,1.6,87,0.0,0.0,1018.8,7.9,13.3,era5
2024-05-14 05:00:00,2.5,87,0.0,0.0,1018.7,8.0,16.6,era5
2024-05-14 06:00:00,3.0,87,0.0,0.0,1018.6,7.3,17.6,era5
2024-05-14 07:00:00,3.6,85,0.0,0.0,1018.2,7.0,18.0,era5
2024-05-14 08:00:00,3.6,86,0.1,0.0,1017.7,8.5,19.4,era5
2024-05-14 09:00:00,4.6,86,0.4,0.0,1017.1,10.5,22.7,era5
2024-05-14 10:00:00,4.3,92,0.5,0.0,1017.4,13.0,26.3,era5
2024-05-14 11:00:00,4.5,100,0.5,0.0,1017.5,10.9,26.3,era5
2024-05-14 12:00:00,5.2,95,0.0,0.0,1016.5,10.7,23.8,era5
2024-05-14 13:00:00,9.0,81,0.0,0.0,1015.9,11.5,31.3,era5
2024-05-14 14:00:00,10.4,79,0.0,0.0,1015.3,11.0,30.2,era5
2024-05-14 15:00:00,11.8,74,0.0,0.0,1014.9,10.6,29.2,era5
2024-05-14 16:00:00,12.0,70,0.0,0.0,1014.5,10.1,27.7,era5
2024-05-14 17:00:00,13.0,66,0.0,0.0,1014.1,10.1,26.3,era5
2024-05-14 18:00:00,13.0,67,0.0,0.0,1014.1,9.8,25.2,era5
2024-05-14 19:00:00,12.1,73,0.0,0.0,1013.5,8.4,23.4,era5
2024-05-14 20:00:00,11.4,75,0.0,0.0,1013.1,9.0,19.1,era5
2024-05-14 21:00:00,9.8,80,0.0,0.0,1013.1,8.8,18.0,era5
2024-05-14 22:00:00,9.0,82,0.0,0.0,1013.0,8.9,16.2,era5
2024-05-14 23:00:00,7.9,87,0.0,0.0,1012.5,6.9,15.8,era5
2024-05-15 00:00:00,7.3,89,0.0,0.0,1012.1,6.2,11.2,era5
2024-05-15 01:00:00,5.2,94,0.0,0.0,1011.6,7.9,10.8,era5
2024-05-15 02:00:00,4.1,97,0.0,0.0,1011.1,8.3,11.9,era5
2024-05-15 03:00:00,3.4,100,0.0,0.0,1010.7,7.3,11.2,era5
2024-05-15 04:00:00,4.6,99,0.0,0.0,1010.2,8.0,13.0,era5
2024-05-15 05:00:00,4.7,96,0.0,0.0,1009.8,8.4,16.9,era5
2024-05-15 06:00:00,5.2,100,0.0,0.0,1009.2,9.2,18.4,era5
2024-05-15 07:00:00,5.6,98,0.0,0.0,1008.6,10.9,22.0,era5
2024-05-15 08:00:00,6.3,96,0.0,0.0,1008.1,10.1,25.6,era5
2024-05-15 09:00:00,8.1,91,0.0,0.0,1007.4,8.0,22.3,era5
2024-05-15 10:00:00,10.5,79,0.0,0.0,1007.4,6.8,20.5,era5
2024-05-15 11:00:00,11.2,73,0.0,0.0,1007.0,7.9,19.1,era5
2024-05-15 12:00:00,13.6,64,0.2,0.0,1006.3,8.0,21.6,era5
2024-05-15 13:00:00,16.1,54,0.0,0.0,1006.2,10.8,26.6,era5
2024-05-15 14:00:00,17.5,47,0.0,0.0,1006.4,17.1,39.6,era5
2024-05-15 15:00:00,17.7,46,0.0,0.0,1006.9,21.4,52.6,era5
2024-05-15 16:00:00,17.3,46,0.0,0.0,1007.7,18.5,47.9,era5
2024-05-15 17:00:00,16.8,47,0.0,0.0,1007.9,17.9,42.5,era5
2024-05-15 18:00:00,16.1,49,0.0,0.0,1008.3,18.0,40.7,era5
2024-05-15 19:00:00,14.9,54,0.0,0.0,1008.6,13.1,40.0,era5
2024-05-15 20:00:00,13.0,60,0.0,0.0,1008.8,10.6,28.8,era5
2024-05-15 21:00:00,11.6,65,0.0,0.0,1009.3,12.6,26.3,era5
2024-05-15 22:00:00,10.4,66,0.0,0.0,1009.9,14.3,29.5,era5
2024-05-15 23:00:00,8.2,70,0.0,0.0,1010.6,16.7,33.8,era5
2024-05-16 00:00:00,6.9,72,0.0,0.0,1011.7,16.8,35.3,era5
2024-05-16 01:00:00,6.0,75,0.0,0.0,1012.3,17.4,36.0,era5
2024-05-16 02:00:00,5.6,76,0.0,0.0,1012.6,18.5,38.9,era5
2024-05-16 03:00:00,5.1,79,0.0,0.0,1013.2,18.6,39.2,era5
2024-05-16 04:00:00,5.4,77,0.0,0.0,1014.0,17.5,37.4,era5
2024-05-16 05:00:00,5.8,75,0.0,0.0,1014.6,17.1,37.1,era5
2024-05-16 06:00:00,6.0,74,0.0,0.0,1015.2,16.4,41.4,era5
2024-05-16 07:00:00,6.2,71,0.0,0.0,1015.8,20.6,44.6,era5
2024-05-16 08:00:00,6.0,70,0.0,0.0,1016.8,22.3,49.7,era5
2024-05-16 09:00:00,6.0,68,0.0,0.0,1017.6,22.8,50.8,era5
2024-05-16 10:00:00,6.3,66,0.0,0.0,1018.7,21.5,50.4,era5
2024-05-16 11:00:00,6.4,65,0.0,0.0,1019.6,20.7,48.6,era5
2024-05-16 12:00:00,7.3,63,0.0,0.0,1020.2,20.4,47.2,era5
2024-05-16 13:00:00,8.0,61,0.0,0.0,1020.7,19.6,47.2,era5
2024-05-16 14:00:00,8.4,59,0.0,0.0,1021.3,19.0,45.7,era5
2024-05-16 15:00:00,8.4,59,0.0,0.0,1021.7,17.4,44.6,era5
2024-05-16 16:00:00,8.2,60,0.0,0.0,1022.8,17.1,42.5,era5
2024-05-16 17:00:00,8.0,60,0.0,0.0,1023.1,16.2,40.3,era5
2024-05-16 18:00:00,7.9,61,0.0,0.0,1023.1,14.3,37.4,era5
2024-05-16 19:00:00,7.5,63,0.0,0.0,1023.1,12.7,33.1,era5
2024-05-16 20:00:00,7.0,65,0.0,0.0,1023.5,11.9,29.2,era5
2024-05-16 21:00:00,6.0,71,0.0,0.0,1023.6,8.6,26.6,era5
2024-05-16 22:00:00,4.2,80,0.0,0.0,1023.9,8.1,17.6,era5
2024-05-16 23:00:00,3.4,83,0.0,0.0,1024.1,8.4,13.7,era5
2024-05-17 00:00:00,2.9,85,0.0,0.0,1024.2,6.1,13.3,era5
2024-05-17 01:00:00,2.5,86,0.0,0.0,1024.2,4.3,10.1,era5
2024-05-17 02:00:00,1.7,87,0.0,0.0,1024.3,4.0,7.9,era5
2024-05-17 03:00:00,1.1,88,0.0,0.0,1024.2,3.1,5.8,era5
2024-05-17 04:00:00,0.4,92,0.0,0.0,1024.4,3.6,7.9,era5
2024-05-17 05:00:00,1.7,88,0.0,0.0,1024.3,1.8,5.4,era5
2024-05-17 06:00:00,3.8,83,0.0,0.0,1024.4,2.5,7.6,era5
2024-05-17 07:00:00,4.3,79,0.0,0.0,1024.2,5.4,14.0,era5
2024-05-17 08:00:00,4.5,78,0.0,0.0,1023.9,8.4,21.2,era5
2024-05-17 09:00:00,4.4,79,0.0,0.0,1023.7,8.1,21.6,era5
2024-05-17 10:00:00,4.2,80,0.0,0.0,1023.4,8.9,21.2,era5
2024-05-17 11:00:00,4.2,80,0.0,0.0,1023.0,9.7,22.0,era5
2024-05-17 12:00:00,5.2,75,0.0,0.0,1022.7,10.8,24.8,era5
2024-05-17 13:00:00,5.9,72,0.0,0.0,1022.5,11.9,27.7,era5
2024-05-17 14:00:00,7.9,65,0.0,0.0,1022.1,13.2,31.7,era5
2024-05-17 15:00:00,9.8,60,0.0,0.0,1021.4,14.0,34.9,era5
2024-05-17 16:00:00,10.0,59,0.0,0.0,1021.3,13.7,36.4,era5
2024-05-17 17:00:00,10.4,58,0.0,0.0,1020.8,14.0,34.2,era5
2024-05-17 18:00:00,9.7,61,0.0,0.0,1020.4,14.5,34.2,era5
2024-05-17 19:00:00,8.4,67,0.0,0.0,1020.2,13.0,33.5,era5
2024-05-17 20:00:00,7.8,70,0.0,0.0,1020.0,10.6,29.2,era5
2024-05-17 21:00:00,6.6,74,0.0,0.0,1019.9,10.6,23.4,era5
2024-05-17 22:00:00,5.1,78,0.0,0.0,1019.8,10.0,22.0,era5
2024-05-17 23:00:00,3.6,83,0.0,0.0,1019.5,9.2,19.8,era5
2024-05-18 00:00:00,2.6,86,0.0,0.0,1019.3,8.7,16.6,era5
2024-05-18 01:00:00,2.0,88,0.0,0.0,1018.8,8.1,14.8,era5
2024-05-18 02:00:00,1.6,88,0.0,0.0,1018.4,8.1,13.0,era5
2024-05-18 03:00:00,1.2,89,0.0,0.0,1017.6,7.9,12.6,era5
2024-05-18 04:00:00,1.2,91,0.0,0.0,1017.0,8.8,15.5,era5
2024-05-18 05:00:00,2.3,88,0.0,0.0,1016.0,10.7,20.2,era5
2024-05-18 06:00:00,4.0,83,0.0,0.0,1015.2,10.5,22.0,era5
2024-05-18 07:00:00,5.8,77,0.0,0.0,1014.0,11.6,27.0,era5
2024-05-18 08:00:00,7.8,73,0.0,0.0,1013.1,13.3,31.3,era5
2024-05-18 09:00:00,9.4,70,0.0,0.0,1011.8,14.4,34.6,era5
2024-05-18 10:00:00,12.1,64,0.0,0.0,1010.7,15.0,35.6,era5
2024-05-18 11:00:00,15.0,56,0.0,0.0,1009.6,15.3,37.1,era5
2024-05-18 12:00:00,16.4,53,0.0,0.0,1008.9,13.4,36.7,era5
2024-05-18 13:00:00,19.2,47,0.0,0.0,1007.9,14.3,33.8,era5
2024-05-18 14:00:00,20.7,43,0.0,0.0,1007.3,16.6,39.6,era5
2024-05-18 15:00:00,21.1,42,0.0,0.0,1007.0,17.7,41.0,era5
2024-05-18 16:00:00,20.9,42,0.0,0.0,1007.1,18.0,46.8,era5
2024-05-18 17:00:00,21.0,43,0.1,0.0,1006.6,16.5,42.1,era5
2024-05-18 18:00:00,19.6,48,0.0,0.0,1006.1,12.2,39.6,era5
2024-05-18 19:00:00,19.4,51,0.0,0.0,1005.5,12.8,29.5,era5
2024-05-18 20:00:00,18.5,51,0.0,0.0,1005.2,11.0,27.4,era5
2024-05-18 21:00:00,16.6,57,0.0,0.0,1005.1,12.8,24.1,era5
2024-05-18 22:00:00,15.1,58,0.0,0.0,1005.2,14.6,29.5,era5
2024-05-18 23:00:00,13.1,64,0.0,0.0,1005.1,12.8,28.8,era5
2024-05-19 00:00:00,11.6,69,0.0,0.0,1005.2,10.4,24.5,era5
2024-05-19 01:00:00,10.5,73,0.0,0.0,1005.0,8.7,19.4,era5
2024-05-19 02:00:00,9.5,76,0.0,0.0,1004.6,9.8,15.5,era5
2024-05-19 03:00:00,8.0,81,0.0,0.0,1004.3,10.2,17.6,era5
2024-05-19 04:00:00,8.4,76,0.0,0.0,1003.7,9.0,14.0,era5
2024-05-19 05:00:00,8.4,76,0.0,0.0,1003.2,9.4,17.3,era5
2024-05-19 06:00:00,9.2,73,0.0,0.0,1003.0,9.4,18.4,era5
2024-05-19 07:00:00,10.2,69,0.0,0.0,1003.0,5.9,17.3,era5
2024-05-19 08:00:00,9.9,73,0.1,0.0,1002.6,2.5,13.7,era5
2024-05-19 09:00:00,9.5,80,0.2,0.0,1003.0,10.3,22.3,era5
2024-05-19 10:00:00,9.0,90,0.2,0.0,1002.4,9.5,24.5,era5
2024-05-19 11:00:00,9.5,91,0.0,0.0,1001.8,11.1,25.2,era5
2024-05-19 12:00:00,12.8,74,0.0,0.0,1000.9,17.1,38.2,era5
2024-05-19 13:00:00,15.2,57,0.1,0.0,1000.3,20.4,44.3,era5
2024-05-19 14:00:00,16.0,54,0.2,0.0,1000.0,20.9,50.4,era5
2024-05-19 15:00:00,16.0,50,0.0,0.0,1000.2,22.2,47.9,era5
2024-05-19 16:00:00,12.9,60,0.2,0.0,1001.7,19.4,43.2,era5
2024-05-19 17:00:00,11.0,75,0.3,0.0,1001.6,13.3,40.7,era5
2024-05-19 18:00:00,10.2,79,0.0,0.0,1001.7,7.4,28.8,era5
2024-05-19 19:00:00,9.5,82,0.1,0.0,1001.5,7.6,18.4,era5
2024-05-19 20:00:00,8.8,85,0.1,0.0,1001.1,6.4,17.3,era5
2024-05-19 21:00:00,7.6,93,0.3,0.0,1000.8,6.4,14.0,era5
2024-05-19 22:00:00,6.6,100,0.6,0.0,1000.8,4.0,12.2,era5
2024-05-19 23:00:00,6.6,100,0.3,0.0,1000.1,3.3,9.4,era5
2024-05-20 00:00:00,5.6,100,0.6,0.0,999.9,4.5,14.4,era5
2024-05-20 01:00:00,3.4,100,2.3,0.0,1000.1,9.4,26.6,era5
2024-05-20 02:00:00,1.4,100,0.3,0.14,1000.7,13.4,28.8,era5
2024-05-20 03:00:00,1.7,98,1.1,0.7,1001.5,18.3,38.9,era5
2024-05-20 04:00:00,1.5,98,0.9,0.56,1004.2,18.6,36.7,era5
2024-05-20 05:00:00,1.5,93,0.1,0.07,1006.0,18.3,41.4,era5
2024-05-20 06:00:00,1.9,90,0.0,0.0,1007.5,17.0,38.5,era5
2024-05-20 07:00:00,2.5,82,0.0,0.0,1008.4,17.3,39.6,era5
2024-05-20 08:00:00,3.1,76,0.0,0.0,1009.6,17.2,38.9,era5
2024-05-20 09:00:00,4.1,68,0.1,0.07,1010.2,14.3,38.9,era5
2024-05-20 10:00:00,5.5,60,0.0,0.0,1010.6,15.0,38.5,era5
2024-05-20 11:00:00,6.3,54,0.0,0.0,1011.1,15.6,41.0,era5
2024-05-20 12:00:00,6.8,48,0.1,0.0,1011.5,17.4,42.1,era5
2024-05-20 13:00:00,7.5,43,0.2,0.07,1011.9,18.6,45.4,era5
2024-05-20 14:00:00,7.3,38,0.0,0.0,1012.7,20.4,49.3,era5
2024-05-20 15:00:00,7.8,34,0.0,0.0,1013.1,20.0,47.9,era5
2024-05-20 16:00:00,6.9,35,0.0,0.0,1014.5,20.0,50.8,era5
2024-05-20 17:00:00,6.9,30,0.0,0.0,1014.5,22.9,51.1,era5
2024-05-20 18:00:00,6.5,35,0.0,0.0,1014.9,18.1,52.6,era5
2024-05-20 19:00:00,6.0,36,0.0,0.0,1015.3,21.8,48.2,era5
2024-05-20 20:00:00,4.5,46,0.0,0.0,1015.8,12.9,49.3,era5
2024-05-20 21:00:00,3.9,48,0.0,0.0,1016.3,13.1,28.8,era5
2024-05-20 22:00:00,2.6,51,0.0,0.0,1016.9,11.5,27.7,era5
2024-05-20 23:00:00,0.9,59,0.0,0.0,1017.4,10.5,23.0,era5
2024-05-21 00:00:00,0.2,62,0.0,0.0,1018.0,12.3,23.4,era5
2024-05-21 01:00:00,-0.2,62,0.0,0.0,1018.6,12.8,25.2,era5
2024-05-21 02:00:00,-1.0,66,0.0,0.0,1019.2,11.7,25.2,era5
2024-05-21 03:00:00,-1.6,68,0.0,0.0,1019.6,11.5,22.7,era5
2024-05-21 04:00:00,-1.3,71,0.0,0.0,1020.2,11.5,22.0,era5
2024-05-21 05:00:00,-0.4,68,0.0,0.0,1020.4,12.4,24.8,era5
2024-05-21 06:00:00,0.7,65,0.0,0.0,1020.6,10.9,25.6,era5
2024-05-21 07:00:00,1.7,58,0.0,0.0,1020.6,15.3,34.6,era5
2024-05-21 08:00:00,2.4,53,0.0,0.0,1021.0,17.3,40.3,era5
2024-05-21 09:00:00,3.4,48,0.0,0.0,1021.4,19.6,47.9,era5
2024-05-21 10:00:00,3.8,45,0.0,0.0,1022.0,19.4,47.2,era5
2024-05-21 11:00:00,4.4,40,0.0,0.0,1022.5,18.8,45.0,era5
2024-05-21 12:00:00,5.1,36,0.0,0.07,1022.8,18.2,44.6,era5
2024-05-21 13:00:00,5.8,34,0.0,0.0,1023.1,18.5,43.2,era5
2024-05-21 14:00:00,6.4,32,0.0,0.0,1023.5,18.9,45.0,era5
2024-05-21 15:00:00,6.5,32,0.0,0.0,1024.0,18.5,44.6,era5
2024-05-21 16:00:00,6.2,34,0.0,0.0,1024.8,17.9,44.6,era5
2024-05-21 17:00:00,5.6,37,0.0,0.0,1025.2,15.4,41.4,era5
2024-05-21 18:00:00,5.4,38,0.0,0.0,1025.4,13.4,36.0,era5
2024-05-21 19:00:00,5.3,39,0.0,0.0,1025.2,12.2,29.9,era5
2024-05-21 20:00:00,4.9,42,0.0,0.0,1025.3,8.5,27.4,era5
2024-05-21 21:00:00,3.9,52,0.0,0.0,1025.5,5.1,18.0,era5
2024-05-21 22:00:00,2.6,58,0.0,0.0,1026.0,5.8,10.8,era5
2024-05-21 23:00:00,0.3,70,0.0,0.0,1026.3,5.4,10.8,era5
2024-05-22 00:00:00,-0.7,72,0.0,0.0,1026.7,5.0,8.6,era5
2024-05-22 01:00:00,-1.0,73,0.0,0.0,1026.9,4.5,7.6,era5
2024-05-22 02:00:00,-1.2,74,0.0,0.0,1027.0,4.2,7.2,era5
2024-05-22 03:00:00,-1.2,71,0.0,0.0,1027.2,4.6,8.3,era5
2024-05-22 04:00:00,-1.0,78,0.0,0.0,1027.8,4.6,7.2,era5
2024-05-22 05:00:00,0.6,66,0.0,0.0,1028.0,4.0,6.5,era5
2024-05-22 06:00:00,2.7,64,0.0,0.0,1028.2,2.4,7.9,era5
2024-05-22 07:00:00,4.0,54,0.0,0.0,1028.1,2.2,9.4,era5
2024-05-22 08:00:00,5.0,50,0.0,0.0,1027.9,2.5,11.2,era5
2024-05-22 09:00:00,5.4,49,0.0,0.0,1027.7,3.0,11.9,era5
2024-05-22 10:00:00,5.4,49,0.0,0.0,1028.0,3.1,11.9,era5
2024-05-22 11:00:00,6.4,48,0.0,0.0,1027.9,3.2,13.3,era5
2024-05-22 12:00:00,8.4,44,0.0,0.0,1027.5,5.2,17.3,era5
2024-05-22 13:00:00,8.9,43,0.0,0.0,1027.0,8.6,22.3,era5
2024-05-22 14:00:00,8.6,44,0.0,0.0,1027.0,11.0,25.6,era5
2024-05-22 15:00:00,8.7,46,0.0,0.0,1027.0,11.5,27.0,era5
2024-05-22 16:00:00,9.7,44,0.0,0.0,1027.0,3.9,11.9,era5
2024-05-22 17:00:00,9.7,48,0.0,0.0,1026.8,6.2,15.5,era5
2024-05-22 18:00:00,9.4,53,0.0,0.0,1026.6,6.8,18.4,era5
2024-05-22 19:00:00,9.0,58,0.0,0.0,1026.5,3.8,16.2,era5
2024-05-22 20:00:00,8.0,66,0.0,0.0,1026.4,5.4,11.2,era5
2024-05-22 21:00:00,7.2,68,0.0,0.0,1026.6,5.5,12.2,era5
2024-05-22 22:00:00,6.0,72,0.0,0.0,1026.9,4.7,10.8,era5
2024-05-22 23:00:00,4.9,72,0.0,0.0,1027.3,5.8,9.0,era5
2024-05-23 00:00:00,3.3,76,0.0,0.0,1027.2,5.5,11.5,era5
2024-05-23 01:00:00,1.8,78,0.0,0.0,1027.0,8.1,10.8,era5
2024-05-23 02:00:00,1.2,77,0.0,0.0,1026.8,8.9,11.9,era5
2024-05-23 03:00:00,1.0,78,0.0,0.0,1026.6,9.2,11.9,era5
2024-05-23 04:00:00,2.9,73,0.0,0.0,1026.6,5.1,12.2,era5
2024-05-23 05:00:00,4.4,70,0.0,0.0,1026.5,6.8,10.4,era5
2024-05-23 06:00:00,5.3,72,0.0,0.0,1026.5,6.9,13.3,era5
2024-05-23 07:00:00,6.6,69,0.0,0.0,1026.0,6.6,16.6,era5
2024-05-23 08:00:00,7.9,64,0.0,0.0,1025.8,7.2,20.2,era5
2024-05-23 09:00:00,9.4,58,0.0,0.0,1025.3,5.8,20.2,era5
2024-05-23 10:00:00,10.5,55,0.0,0.0,1024.9,6.8,20.2,era5
2024-05-23 11:00:00,12.1,53,0.0,0.0,1024.5,7.6,22.7,era5
2024-05-23 12:00:00,13.2,50,0.0,0.0,1023.8,9.1,25.6,era5
2024-05-23 13:00:00,13.9,50,0.0,0.0,1023.3,11.3,29.5,era5
2024-05-23 14:00:00,14.5,48,0.0,0.0,1022.7,13.6,34.2,era5
2024-05-23 15:00:00,15.0,47,0.0,0.0,1021.9,15.6,37.1,era5
2024-05-23 16:00:00,15.7,46,0.0,0.0,1020.6,16.9,40.0,era5
2024-05-23 17:00:00,15.4,50,0.0,0.0,1019.7,15.7,38.9,era5
2024-05-23 18:00:00,14.8,55,0.0,0.0,1018.9,13.7,35.6,era5
2024-05-23 19:00:00,14.0,62,0.0,0.0,1017.9,11.0,30.2,era5
2024-05-23 20:00:00,13.2,65,0.0,0.0,1017.2,11.0,24.8,era5
2024-05-23 21:00:00,12.4,70,0.0,0.0,1016.7,9.9,23.0,era5
2024-05-23 22:00:00,12.4,72,0.0,0.0,1016.4,8.4,19.4,era5
2024-05-23 23:00:00,12.5,68,0.0,0.0,1016.2,8.2,14.8,era5
2024-05-24 00:00:00,12.0,66,0.0,0.0,1015.9,8.4,15.1,era5
2024-05-24 01:00:00,11.8,65,0.0,0.0,1015.5,10.1,16.9,era5
2024-05-24 02:00:00,11.8,64,0.0,0.0,1015.4,10.0,18.7,era5
2024-05-24 03:00:00,11.4,65,0.0,0.0,1015.2,10.5,18.0,era5
2024-05-24 04:00:00,12.3,61,0.0,0.0,1014.7,12.8,23.4,era5
2024-05-24 05:00:00,12.8,62,0.0,0.0,1014.8,11.2,23.4,era5
2024-05-24 06:00:00,13.9,62,0.0,0.0,1014.6,10.1,20.9,era5
2024-05-24 07:00:00,15.9,61,0.0,0.0,1014.4,9.8,21.6,era5
2024-05-24 08:00:00,17.8,52,0.0,0.0,1014.1,11.8,26.3,era5
2024-05-24 09:00:00,19.2,48,0.0,0.0,1014.0,12.6,29.9,era5
2024-05-24 10:00:00,20.2,44,0.0,0.0,1014.1,12.8,31.7,era5
2024-05-24 11:00:00,21.0,42,0.0,0.0,1014.3,12.4,31.0,era5
2024-05-24 12:00:00,21.3,42,0.0,0.0,1014.3,12.6,31.0,era5
2024-05-24 13:00:00,21.4,41,0.0,0.0,1014.3,16.8,39.6,era5
2024-05-24 14:00:00,20.7,43,0.2,0.0,1014.5,20.2,45.0,era5
2024-05-24 15:00:00,17.1,69,3.7,0.0,1015.5,16.5,47.5,era5
2024-05-24 16:00:00,15.2,68,0.6,0.0,1016.5,12.3,42.1,era5
2024-05-24 17:00:00,15.1,65,0.2,0.0,1015.9,5.5,28.1,era5
2024-05-24 18:00:00,15.2,65,0.0,0.0,1015.7,6.2,16.9,era5
2024-05-24 19:00:00,15.9,56,0.0,0.0,1015.4,4.7,16.2,era5
2024-05-24 20:00:00,15.8,48,0.0,0.0,1015.5,8.4,17.3,era5
2024-05-24 21:00:00,14.2,46,0.0,0.0,1016.2,17.1,32.8,era5
2024-05-24 22:00:00,11.2,47,0.0,0.0,1017.8,15.5,43.9,era5
2024-05-24 23:00:00,9.6,40,0.0,0.0,1018.7,19.4,41.0,era5
2024-05-25 00:00:00,8.1,44,0.0,0.0,1019.5,18.6,41.4,era5
2024-05-25 01:00:00,6.8,51,0.0,0.0,1020.0,19.1,40.0,era5
2024-05-25 02:00:00,5.7,55,0.0,0.0,1020.7,18.0,40.7,era5
2024-05-25 03:00:00,4.7,61,0.0,0.0,1021.2,17.0,38.2,era5
2024-05-25 04:00:00,4.5,64,0.0,0.0,1022.1,14.8,34.6,era5
2024-05-25 05:00:00,4.3,64,0.0,0.0,1022.8,13.4,32.0,era5
2024-05-25 06:00:00,4.5,58,0.0,0.0,1023.2,17.6,37.8,era5
2024-05-25 07:00:00,5.1,54,0.0,0.0,1023.4,19.1,42.8,era5
2024-05-25 08:00:00,5.8,53,0.0,0.0,1023.7,18.3,42.8,era5
2024-05-25 09:00:00,6.7,47,0.0,0.0,1023.9,20.3,46.1,era5
2024-05-25 10:00:00,7.3,47,0.0,0.0,1024.4,20.1,47.2,era5
2024-05-25 11:00:00,7.3,47,0.0,0.0,1025.0,19.3,47.2,era5
2024-05-25 12:00:00,7.7,46,0.0,0.0,1025.4,18.8,44.6,era5
2024-05-25 13:00:00,8.2,45,0.0,0.0,1025.7,18.5,43.9,era5
2024-05-25 14:00:00,8.6,43,0.0,0.0,1026.1,18.5,43.2,era5
2024-05-25 15:00:00,8.8,43,0.0,0.0,1026.4,18.4,43.6,era5
2024-05-25 16:00:00,8.6,45,0.0,0.0,1027.6,16.6,41.4,era5
2024-05-25 17:00:00,8.5,45,0.0,0.0,1027.9,15.4,38.9,era5
2024-05-25 18:00:00,8.5,45,0.0,0.0,1028.2,15.0,36.7,era5
2024-05-25 19:00:00,8.4,44,0.0,0.0,1028.3,14.7,34.9,era5
2024-05-25 20:00:00,7.9,45,0.0,0.0,1028.3,12.7,33.5,era5
2024-05-25 21:00:00,6.9,53,0.0,0.0,1028.5,7.9,28.1,era5
2024-05-25 22:00:00,5.3,65,0.0,0.0,1028.8,4.3,15.8,era5
2024-05-25 23:00:00,3.3,75,0.0,0.0,1029.2,4.7,7.6,era5
2024-05-26 00:00:00,2.4,75,0.0,0.0,1029.4,4.3,7.9,era5
2024-05-26 01:00:00,1.9,75,0.0,0.0,1029.6,5.6,9.0,era5
2024-05-26 02:00:00,1.9,73,0.0,0.0,1029.5,5.8,9.0,era5
2024-05-26 03:00:00,1.4,76,0.0,0.0,1029.4,7.0,9.7,era5
2024-05-26 04:00:00,1.3,81,0.0,0.0,1029.7,5.7,10.1,era5
2024-05-26 05:00:00,3.1,71,0.0,0.0,1029.6,3.1,7.9,era5
2024-05-26 06:00:00,5.0,70,0.0,0.0,1029.6,3.2,7.9,era5
2024-05-26 07:00:00,6.8,61,0.0,0.0,1029.3,5.2,14.4,era5
2024-05-26 08:00:00,8.4,55,0.0,0.0,1028.7,6.7,19.1,era5
2024-05-26 09:00:00,10.1,52,0.0,0.0,1027.8,8.3,22.3,era5
2024-05-26 10:00:00,12.2,45,0.0,0.0,1027.1,11.2,27.7,era5
2024-05-26 11:00:00,14.2,39,0.0,0.0,1026.2,14.0,34.2,era5
2024-05-26 12:00:00,14.3,39,0.0,0.0,1025.7,14.8,34.9,era5
2024-05-26 13:00:00,15.0,39,0.0,0.0,1024.9,14.9,34.2,era5
2024-05-26 14:00:00,17.5,36,0.0,0.0,1023.9,17.6,41.4,era5
2024-05-26 15:00:00,18.3,36,0.0,0.0,1023.3,17.4,41.4,era5
2024-05-26 16:00:00,20.0,31,0.0,0.0,1022.5,18.0,43.6,era5
2024-05-26 17:00:00,20.5,31,0.0,0.0,1021.7,17.6,41.4,era5
2024-05-26 18:00:00,20.4,32,0.0,0.0,1021.1,17.4,39.6,era5
2024-05-26 19:00:00,19.8,36,0.0,0.0,1020.8,13.4,38.5,era5
2024-05-26 20:00:00,18.5,41,0.0,0.0,1020.4,12.7,29.5,era5
2024-05-26 21:00:00,16.8,46,0.0,0.0,1020.3,12.1,26.6,era5
2024-05-26 22:00:00,15.2,51,0.0,0.0,1020.0,10.6,24.5,era5
2024-05-26 23:00:00,13.6,56,0.0,0.0,1019.7,10.3,21.2,era5
2024-05-27 00:00:00,12.7,56,0.0,0.0,1019.2,11.7,20.5,era5
2024-05-27 01:00:00,11.9,54,0.0,0.0,1018.8,11.6,20.9,era5
2024-05-27 02:00:00,11.3,55,0.0,0.0,1018.6,8.4,20.2,era5
2024-05-27 03:00:00,10.8,57,0.0,0.0,1018.5,7.1,15.1,era5
2024-05-27 04:00:00,10.6,60,0.0,0.0,1018.3,6.2,13.7,era5
2024-05-27 05:00:00,11.7,55,0.0,0.0,1018.0,6.5,11.2,era5
2024-05-27 06:00:00,12.8,58,0.0,0.0,1017.8,5.8,13.7,era5
2024-05-27 07:00:00,14.4,50,0.0,0.0,1017.7,5.6,14.8,era5
2024-05-27 08:00:00,15.8,46,0.0,0.0,1017.5,6.1,17.3,era5
2024-05-27 09:00:00,17.1,43,0.0,0.0,1017.2,6.3,18.4,era5
2024-05-27 10:00:00,17.9,41,0.0,0.0,1017.2,6.6,19.8,era5
2024-05-27 11:00:00,18.9,38,0.0,0.0,1017.2,6.2,20.5,era5
2024-05-27 12:00:00,19.9,36,0.0,0.0,1017.1,4.6,19.4,era5
2024-05-27 13:00:00,20.9,35,0.0,0.0,1017.0,3.2,16.9,era5
2024-05-27 14:00:00,21.4,35,0.0,0.0,1016.6,3.3,14.8,era5
2024-05-27 15:00:00,21.5,36,0.0,0.0,1016.6,4.6,16.6,era5
2024-05-27 16:00:00,22.1,35,0.0,0.0,1016.2,1.9,14.8,era5
2024-05-27 17:00:00,22.1,36,0.0,0.0,1015.8,4.3,13.3,era5
2024-05-27 18:00:00,21.2,39,0.0,0.0,1015.8,5.8,17.3,era5
2024-05-27 19:00:00,20.8,41,0.0,0.0,1015.4,4.5,15.5,era5
2024-05-27 20:00:00,19.5,52,0.0,0.0,1015.5,4.1,11.9,era5
2024-05-27 21:00:00,17.5,59,0.1,0.0,1015.9,4.8,8.6,era5
2024-05-27 22:00:00,16.2,63,0.2,0.0,1015.8,9.6,14.8,era5
2024-05-27 23:00:00,14.8,67,0.0,0.0,1015.8,11.0,20.5,era5
2024-05-28 00:00:00,13.2,73,0.0,0.0,1015.8,11.6,23.8,era5
2024-05-28 01:00:00,11.8,80,0.0,0.0,1016.3,8.7,22.7,era5
2024-05-28 02:00:00,10.2,86,0.0,0.0,1016.7,8.8,19.4,era5
2024-05-28 03:00:00,9.1,87,0.0,0.0,1016.7,9.2,17.3,era5
2024-05-28 04:00:00,7.9,93,0.0,0.0,1018.0,7.1,15.5,era5
2024-05-28 05:00:00,7.6,93,0.0,0.0,1018.0,7.1,16.9,era5
2024-05-28 06:00:00,7.7,92,0.0,0.0,1018.1,9.7,22.3,era5
2024-05-28 07:00:00,8.3,86,0.0,0.0,1017.9,11.5,27.0,era5
2024-05-28 08:00:00,9.1,81,0.0,0.0,1017.8,12.1,29.5,era5
2024-05-28 09:00:00,9.5,83,1.2,0.0,1017.6,11.9,30.6,era5
2024-05-28 10:00:00,9.2,89,2.9,0.0,1017.5,12.9,29.9,era5
2024-05-28 11:00:00,10.0,80,0.9,0.0,1017.4,13.2,32.8,era5
2024-05-28 12:00:00,11.0,66,0.0,0.0,1017.3,13.2,33.5,era5
2024-05-28 13:00:00,11.6,62,0.0,0.0,1017.0,14.3,34.9,era5
2024-05-28 14:00:00,11.8,63,0.7,0.0,1016.8,12.2,35.6,era5
2024-05-28 15:00:00,9.3,89,1.7,0.0,1016.6,13.4,31.3,era5
2024-05-28 16:00:00,9.2,74,0.0,0.0,1017.7,10.6,31.3,era5
2024-05-28 17:00:00,10.3,67,0.0,0.0,1017.4,12.1,30.6,era5
2024-05-28 18:00:00,10.4,65,0.0,0.0,1017.1,12.4,32.0,era5
2024-05-28 19:00:00,10.1,66,0.0,0.0,1016.7,10.8,30.6,era5
2024-05-28 20:00:00,9.4,68,0.0,0.0,1016.7,10.2,26.6,era5
2024-05-28 21:00:00,8.0,74,0.0,0.0,1017.4,10.4,24.5,era5
2024-05-28 22:00:00,7.2,77,0.0,0.0,1017.5,10.7,27.0,era5
2024-05-28 23:00:00,6.3,81,0.0,0.0,1017.7,9.8,22.0,era5
2024-05-29 00:00:00,5.7,83,0.0,0.0,1017.8,9.0,19.1,era5
2024-05-29 01:00:00,5.4,85,0.0,0.0,1018.0,9.1,16.9,era5
2024-05-29 02:00:00,5.2,89,0.0,0.0,1018.2,8.9,17.6,era5
2024-05-29 03:00:00,5.3,91,0.0,0.0,1018.2,8.4,16.9,era5
2024-05-29 04:00:00,4.4,91,0.0,0.0,1019.4,8.2,18.0,era5
2024-05-29 05:00:00,4.4,91,0.0,0.0,1019.6,9.4,20.9,era5
2024-05-29 06:00:00,4.3,90,0.0,0.0,1019.4,10.2,23.4,era5
2024-05-29 07:00:00,4.5,87,0.0,0.0,1019.5,8.9,23.0,era5
2024-05-29 08:00:00,5.1,84,0.0,0.0,1019.7,7.5,20.5,era5
2024-05-29 09:00:00,5.2,83,0.0,0.0,1020.1,8.7,20.9,era5
2024-05-29 10:00:00,5.4,82,0.0,0.0,1020.2,9.4,23.0,era5
2024-05-29 11:00:00,6.1,79,0.0,0.0,1020.4,9.8,24.8,era5
2024-05-29 12:00:00,6.7,76,0.0,0.0,1020.6,9.9,25.9,era5
2024-05-29 13:00:00,7.2,73,0.0,0.0,1020.6,10.3,26.6,era5
2024-05-29 14:00:00,7.4,72,0.0,0.0,1020.4,10.9,28.4,era5
2024-05-29 15:00:00,7.9,71,0.0,0.0,1020.4,11.0,28.4,era5
2024-05-29 16:00:00,6.3,75,0.0,0.0,1020.9,11.6,30.2,era5
2024-05-29 17:00:00,6.0,76,0.0,0.0,1020.7,10.7,28.4,era5
2024-05-29 18:00:00,6.2,74,0.0,0.0,1020.7,11.1,27.0,era5
2024-05-29 19:00:00,6.2,74,0.0,0.0,1020.6,11.3,27.4,era5
2024-05-29 20:00:00,5.7,74,0.0,0.0,1020.5,11.2,27.0,era5
2024-05-29 21:00:00,4.9,76,0.0,0.0,1020.6,9.7,25.9,era5
2024-05-29 22:00:00,4.7,77,0.0,0.0,1020.8,8.0,21.2,era5
2024-05-29 23:00:00,4.7,76,0.0,0.0,1020.7,6.2,17.6,era5
2024-05-30 00:00:00,4.9,76,0.0,0.0,1020.7,7.1,13.7,era5
2024-05-30 01:00:00,5.0,71,0.0,0.0,1020.7,9.8,20.2,era5
2024-05-30 02:00:00,4.8,70,0.0,0.0,1020.6,10.0,21.2,era5
2024-05-30 03:00:00,4.7,71,0.0,0.0,1020.7,9.5,21.2,era5
2024-05-30 04:00:00,4.3,76,0.0,0.0,1020.7,11.9,26.6,era5
2024-05-30 05:00:00,4.4,74,0.0,0.0,1020.6,12.1,27.0,era5
2024-05-30 06:00:00,4.4,75,0.0,0.0,1020.6,11.3,27.0,era5
2024-05-30 07:00:00,4.7,76,0.0,0.0,1020.4,10.9,25.9,era5
2024-05-30 08:00:00,5.6,73,0.0,0.0,1020.2,9.0,24.8,era5
2024-05-30 09:00:00,6.3,71,0.0,0.0,1020.1,8.8,22.7,era5
2024-05-30 10:00:00,7.6,68,0.0,0.0,1019.7,8.8,23.8,era5
2024-05-30 11:00:00,8.7,66,0.0,0.0,1019.3,9.2,24.8,era5
2024-05-30 12:00:00,9.6,64,0.0,0.0,1019.0,9.9,26.3,era5
2024-05-30 13:00:00,10.4,63,0.0,0.0,1019.0,10.1,27.4,era5
2024-05-30 14:00:00,10.5,64,0.0,0.0,1018.8,10.5,28.1,era5
2024-05-30 15:00:00,11.3,63,0.0,0.0,1018.4,10.3,28.1,era5
2024-05-30 16:00:00,11.6,61,0.0,0.0,1017.9,10.4,28.8,era5
2024-05-30 17:00:00,12.0,64,0.0,0.0,1017.7,11.9,29.2,era5
2024-05-30 18:00:00,11.6,67,0.0,0.0,1017.7,10.9,29.5,era5
2024-05-30 19:00:00,11.5,69,0.0,0.0,1017.6,10.5,26.6,era5
2024-05-30 20:00:00,10.9,73,0.0,0.0,1017.6,8.3,24.8,era5
2024-05-30 21:00:00,10.3,79,0.0,0.0,1017.6,6.5,19.1,era5
2024-05-30 22:00:00,8.7,87,0.0,0.0,1017.7,6.9,14.0,era5
2024-05-30 23:00:00,7.5,91,0.0,0.0,1017.8,8.0,13.0,era5
2024-05-31 00:00:00,6.8,92,0.0,0.0,1017.9,8.3,13.0,era5
2024-05-31 01:00:00,6.2,93,0.0,0.0,1017.8,5.8,13.0,era5
2024-05-31 02:00:00,4.7,96,0.0,0.0,1017.8,8.3,10.4,era5
2024-05-31 03:00:00,4.9,96,0.0,0.0,1017.9,7.9,10.8,era5
2024-05-31 04:00:00,6.9,94,0.0,0.0,1017.7,5.8,11.5,era5
2024-05-31 05:00:00,8.4,90,0.0,0.0,1017.8,6.2,11.9,era5
2024-05-31 06:00:00,10.4,85,0.0,0.0,1017.7,6.1,13.3,era5
2024-05-31 07:00:00,12.2,80,0.0,0.0,1017.8,5.4,15.1,era5
2024-05-31 08:00:00,13.9,75,0.0,0.0,1018.0,6.2,18.4,era5
2024-05-31 09:00:00,15.7,70,0.0,0.0,1017.8,6.5,19.8,era5
2024-05-31 10:00:00,17.3,67,0.0,0.0,1017.9,7.6,22.3,era5
2024-05-31 11:00:00,18.6,65,0.0,0.0,1017.7,8.0,23.0,era5
2024-05-31 12:00:00,19.9,62,0.0,0.0,1017.6,8.3,23.4,era5
2024-05-31 13:00:00,21.1,60,0.0,0.0,1017.6,9.0,25.2,era5
2024-05-31 14:00:00,22.0,59,0.0,0.0,1017.3,9.8,26.6,era5
2024-05-31 15:00:00,22.8,57,0.0,0.0,1017.0,11.4,29.2,era5
2024-05-31 16:00:00,23.8,53,0.0,0.0,1017.1,7.6,25.2,era5
2024-05-31 17:00:00,23.6,56,0.0,0.0,1017.1,6.4,20.5,era5
2024-05-31 18:00:00,22.4,60,0.0,0.0,1017.5,9.4,22.7,era5
2024-05-31 19:00:00,20.7,68,0.0,0.0,1017.6,7.9,22.7,era5
2024-05-31 20:00:00,19.3,74,0.0,0.0,1017.8,5.8,17.6,era5
2024-05-31 21:00:00,17.6,82,0.0,0.0,1018.0,5.1,11.9,era5
2024-05-31 22:00:00,15.7,86,0.0,0.0,1017.8,5.0,9.7,era5
2024-05-31 23:00:00,14.2,89,0.0,0.0,1018.0,4.9,10.4,era5
2024-06-01 00:00:00,12.8,89,0.0,0.0,1018.0,6.4,9.7,era5
2024-06-01 01:00:00,12.2,89,0.0,0.0,1018.1,8.1,10.4,era5
2024-06-01 02:00:00,12.1,87,0.0,0.0,1018.1,7.2,10.8,era5
2024-06-01 03:00:00,11.5,90,0.0,0.0,1018.3,7.2,9.7,era5
2024-06-01 04:00:00,12.3,90,0.0,0.0,1018.2,5.2,14.0,era5
2024-06-01 05:00:00,12.9,88,0.0,0.0,1018.1,5.1,7.9,era5
2024-06-01 06:00:00,14.2,92,0.0,0.0,1018.2,4.7,13.0,era5
2024-06-01 07:00:00,15.5,91,0.0,0.0,1017.7,0.8,11.9,era5
2024-06-01 08:00:00,17.2,87,0.0,0.0,1017.7,3.8,14.4,era5
2024-06-01 09:00:00,18.7,76,0.0,0.0,1017.4,6.1,19.4,era5
2024-06-01 10:00:00,19.7,69,0.0,0.0,1017.3,7.2,21.6,era5
2024-06-01 11:00:00,21.0,62,0.0,0.0,1017.1,8.4,23.8,era5
2024-06-01 12:00:00,22.2,57,0.0,0.0,1016.7,8.0,24.5,era5
2024-06-01 13:00:00,23.1,55,0.0,0.0,1016.0,7.1,23.0,era5
2024-06-01 14:00:00,23.8,53,0.0,0.0,1015.6,8.7,25.6,era5
2024-06-01 15:00:00,24.1,51,0.0,0.0,1015.0,10.8,27.4,era5
2024-06-01 16:00:00,24.2,51,0.0,0.0,1015.4,5.0,18.7,era5
2024-06-01 17:00:00,22.0,59,0.1,0.0,1015.6,6.4,19.4,era5
2024-06-01 18:00:00,20.5,71,0.0,0.0,1015.1,5.2,27.0,era5
2024-06-01 19:00:00,20.0,75,0.0,0.0,1014.9,0.5,14.0,era5
2024-06-01 20:00:00,18.1,85,0.4,0.0,1015.2,5.6,14.8,era5
2024-06-01 21:00:00,17.1,95,0.7,0.0,1014.6,4.1,9.4,era5
2024-06-01 22:00:00,15.9,98,0.0,0.0,1014.4,3.6,8.6,era5
2024-06-01 23:00:00,15.9,97,0.0,0.0,1014.6,1.6,6.1,era5
2024-06-02 00:00:00,14.6,100,0.0,0.0,1014.3,3.2,4.0,era5
2024-06-02 01:00:00,12.9,100,0.0,0.0,1014.0,4.7,9.4,era5
2024-06-02 02:00:00,12.8,100,0.0,0.0,1014.0,11.6,21.2,era5
2024-06-02 03:00:00,12.4,100,0.0,0.0,1014.1,10.2,22.7,era5
2024-06-02 04:00:00,12.4,98,0.0,0.0,1015.0,9.8,19.4,era5
2024-06-02 05:00:00,12.0,97,0.0,0.0,1015.2,12.8,27.0,era5
2024-06-02 06:00:00,11.1,95,0.0,0.0,1015.0,14.0,31.3,era5
2024-06-02 07:00:00,10.8,96,0.0,0.0,1014.9,14.3,32.4,era5
2024-06-02 08:00:00,11.7,91,0.0,0.0,1014.9,14.8,33.8,era5
2024-06-02 09:00:00,13.2,83,0.0,0.0,1015.0,12.2,33.5,era5
2024-06-02 10:00:00,14.9,74,0.0,0.0,1014.9,10.2,28.8,era5
2024-06-02 11:00:00,16.2,67,0.0,0.0,1014.5,10.8,28.8,era5
2024-06-02 12:00:00,17.1,63,0.0,0.0,1013.8,11.1,29.9,era5
2024-06-02 13:00:00,17.9,61,0.0,0.0,1013.3,10.8,29.9,era5
2024-06-02 14:00:00,18.4,60,0.0,0.0,1012.6,11.4,30.6,era5
2024-06-02 15:00:00,19.1,58,0.0,0.0,1012.2,10.1,30.2,era5
2024-06-02 16:00:00,18.8,63,0.0,0.0,1012.4,9.3,30.6,era5
2024-06-02 17:00:00,19.8,61,0.0,0.0,1011.9,7.1,25.6,era5
2024-06-02 18:00:00,20.4,58,0.0,0.0,1011.3,6.5,20.5,era5
2024-06-02 19:00:00,19.4,61,0.0,0.0,1010.9,9.7,23.0,era5
2024-06-02 20:00:00,18.1,66,0.0,0.0,1010.8,9.7,23.8,era5
2024-06-02 21:00:00,16.6,71,0.0,0.0,1010.4,9.7,21.6,era5
2024-06-02 22:00:00,15.2,75,0.0,0.0,1010.2,11.2,22.0,era5
2024-06-02 23:00:00,14.5,77,0.0,0.0,1009.9,10.5,22.7,era5
2024-06-03 00:00:00,13.6,84,0.2,0.0,1009.3,9.7,21.2,era5
2024-06-03 01:00:00,12.2,93,0.2,0.0,1009.4,11.5,23.0,era5
2024-06-03 02:00:00,11.3,96,0.6,0.0,1008.7,11.3,24.1,era5
2024-06-03 03:00:00,10.7,100,0.5,0.0,1008.1,10.2,22.3,era5
2024-06-03 04:00:00,10.9,97,0.0,0.0,1008.3,7.8,16.2,era5
2024-06-03 05:00:00,10.7,98,0.2,0.0,1007.9,9.7,20.2,era5
2024-06-03 06:00:00,10.8,96,0.0,0.0,1007.4,7.3,19.8,era5
2024-06-03 07:00:00,10.7,98,0.1,0.0,1006.8,6.0,17.3,era5
2024-06-03 08:00:00,10.7,97,0.1,0.0,1006.4,5.8,14.8,era5
2024-06-03 09:00:00,10.5,97,0.1,0.0,1005.9,6.9,16.6,era5
2024-06-03 10:00:00,10.4,96,0.1,0.0,1005.4,7.9,19.1,era5
2024-06-03 11:00:00,11.0,92,0.0,0.0,1005.4,8.0,21.2,era5
2024-06-03 12:00:00,11.2,90,0.0,0.0,1005.3,7.6,20.9,era5
2024-06-03 13:00:00,11.6,87,0.0,0.0,1005.2,7.6,21.2,era5
2024-06-03 14:00:00,12.3,85,0.0,0.0,1005.1,6.8,21.2,era5
2024-06-03 15:00:00,12.7,84,0.0,0.0,1004.9,6.7,19.1,era5
2024-06-03 16:00:00,13.0,81,0.0,0.0,1004.8,5.5,22.0,era5
2024-06-03 17:00:00,13.9,80,0.0,0.0,1004.4,4.4,17.3,era5
2024-06-03 18:00:00,14.5,79,0.0,0.0,1004.2,6.8,18.7,era5
2024-06-03 19:00:00,14.7,80,0.0,0.0,1004.0,6.8,19.8,era5
2024-06-03 20:00:00,14.6,81,0.0,0.0,1003.7,6.3,17.3,era5
2024-06-03 21:00:00,14.0,85,0.0,0.0,1003.8,5.4,16.2,era5
2024-06-03 22:00:00,12.7,92,0.0,0.0,1003.7,4.0,10.4,era5
2024-06-03 23:00:00,10.6,96,0.0,0.0,1003.4,6.7,8.6,era5
2024-06-04 00:00:00,9.3,99,0.0,0.0,1003.2,7.4,9.4,era5
2024-06-04 01:00:00,8.4,100,0.0,0.0,1003.1,7.3,9.4,era5
2024-06-04 02:00:00,9.4,100,0.0,0.0,1003.1,4.7,9.4,era5
2024-06-04 03:00:00,8.8,100,0.0,0.0,1002.9,2.5,7.9,era5
2024-06-04 04:00:00,10.0,99,0.0,0.0,1003.0,3.2,11.2,era5
2024-06-04 05:00:00,10.7,98,0.0,0.0,1003.0,3.8,10.4,era5
2024-06-04 06:00:00,11.4,98,0.0,0.0,1003.0,3.9,12.2,era5
2024-06-04 07:00:00,12.4,93,0.0,0.0,1002.7,5.7,15.8,era5
2024-06-04 08:00:00,13.2,91,0.0,0.0,1002.6,6.6,17.6,era5
2024-06-04 09:00:00,14.0,88,0.0,0.0,1002.4,7.6,21.2,era5
2024-06-04 10:00:00,14.9,84,0.0,0.0,1002.5,8.0,22.7,era5
2024-06-04 11:00:00,15.6,82,0.0,0.0,1002.2,8.5,24.1,era5
2024-06-04 12:00:00,17.0,76,0.0,0.0,1001.8,8.7,24.5,era5
2024-06-04 13:00:00,18.4,71,0.0,0.0,1001.3,10.1,27.7,era5
2024-06-04 14:00:00,19.5,66,0.0,0.0,1001.3,10.1,27.7,era5
2024-06-04 15:00:00,20.3,63,0.0,0.0,1001.3,10.9,28.8,era5
2024-06-04 16:00:00,20.1,61,0.0,0.0,1001.9,12.3,30.6,era5
2024-06-04 17:00:00,20.0,62,0.0,0.0,1002.3,13.0,32.0,era5
2024-06-04 18:00:00,19.0,67,0.0,0.0,1002.6,8.8,31.7,era5
2024-06-04 19:00:00,17.4,75,0.2,0.0,1002.6,7.6,20.9,era5
2024-06-04 20:00:00,16.6,81,0.0,0.0,1003.0,5.4,14.4,era5
2024-06-04 21:00:00,16.5,86,0.0,0.0,1003.2,2.4,11.9,era5
2024-06-04 22:00:00,14.9,93,0.0,0.0,1003.8,5.2,6.8,era5
2024-06-04 23:00:00,14.1,96,1.0,0.0,1004.5,4.5,9.0,era5
2024-06-05 00:00:00,13.6,96,0.0,0.0,1004.9,8.7,13.0,era5
2024-06-05 01:00:00,12.8,96,0.0,0.0,1005.5,10.0,16.9,era5
2024-06-05 02:00:00,12.2,97,0.0,0.0,1006.1,10.8,19.8,era5
2024-06-05 03:00:00,11.8,100,0.0,0.0,1006.8,10.8,21.6,era5
2024-06-05 04:00:00,12.1,99,0.0,0.0,1008.2,17.0,33.5,era5
2024-06-05 05:00:00,12.4,97,0.0,0.0,1008.8,16.2,31.3,era5
2024-06-05 06:00:00,12.8,96,0.0,0.0,1009.6,15.6,33.8,era5
2024-06-05 07:00:00,13.2,91,0.1,0.0,1010.1,14.0,34.6,era5
2024-06-05 08:00:00,14.2,81,0.0,0.0,1010.5,14.0,33.1,era5
2024-06-05 09:00:00,14.7,74,0.0,0.0,1010.6,14.1,33.8,era5
2024-06-05 10:00:00,15.9,66,0.0,0.0,1010.9,14.1,34.9,era5
2024-06-05 11:00:00,16.9,61,0.0,0.0,1011.0,13.3,34.9,era5
2024-06-05 12:00:00,17.8,56,0.0,0.0,1010.9,11.9,33.8,era5
2024-06-05 13:00:00,18.5,53,0.0,0.0,1011.0,10.9,31.3,era5
2024-06-05 14:00:00,19.1,48,0.0,0.0,1011.2,10.3,29.2,era5
2024-06-05 15:00:00,19.5,46,0.0,0.0,1011.3,10.5,27.7,era5
2024-06-05 16:00:00,19.4,45,0.0,0.0,1011.6,13.0,32.4,era5
2024-06-05 17:00:00,19.1,41,0.0,0.0,1011.5,13.4,33.1,era5
2024-06-05 18:00:00,18.7,43,0.0,0.0,1011.3,12.1,32.0,era5
2024-06-05 19:00:00,18.2,48,0.0,0.0,1011.1,10.2,28.8,era5
2024-06-05 20:00:00,17.7,56,0.0,0.0,1011.0,7.9,23.4,era5
2024-06-05 21:00:00,16.5,65,0.0,0.0,1010.9,7.4,17.3,era5
2024-06-05 22:00:00,15.1,69,0.0,0.0,1011.2,9.0,14.8,era5
2024-06-05 23:00:00,14.0,67,0.0,0.0,1011.5,10.2,16.9,era5
2024-06-06 00:00:00,13.1,68,0.0,0.0,1011.6,10.9,18.7,era5
2024-06-06 01:00:00,12.2,69,0.0,0.0,1011.6,10.9,18.4,era5
2024-06-06 02:00:00,11.5,71,0.0,0.0,1011.9,10.4,18.0,era5
2024-06-06 03:00:00,11.1,74,0.0,0.0,1012.1,8.0,17.3,era5
2024-06-06 04:00:00,10.3,84,0.0,0.0,1012.7,4.0,9.4,era5
2024-06-06 05:00:00,11.4,80,0.0,0.0,1012.9,2.8,7.6,era5
2024-06-06 06:00:00,12.3,78,0.0,0.0,1012.9,3.3,10.4,era5
2024-06-06 07:00:00,13.1,77,0.0,0.0,1012.6,4.3,13.7,era5
2024-06-06 08:00:00,14.2,75,0.0,0.0,1012.4,6.2,17.6,era5
2024-06-06 09:00:00,15.3,72,0.0,0.0,1011.9,7.2,20.5,era5
2024-06-06 10:00:00,16.6,69,0.0,0.0,1011.8,8.0,23.0,era5
2024-06-06 11:00:00,17.4,66,0.0,0.0,1011.9,9.8,27.4,era5
2024-06-06 12:00:00,18.2,62,0.0,0.0,1011.9,10.8,29.5,era5
2024-06-06 13:00:00,19.0,58,0.0,0.0,1011.5,11.2,29.9,era5
2024-06-06 14:00:00,19.8,52,0.0,0.0,1011.1,10.9,29.9,era5
2024-06-06 15:00:00,20.3,47,0.0,0.0,1010.8,10.8,29.5,era5
2024-06-06 16:00:00,20.5,46,0.0,0.0,1010.2,12.4,31.7,era5
2024-06-06 17:00:00,20.1,41,0.0,0.0,1010.0,12.1,31.3,era5
2024-06-06 18:00:00,19.4,39,0.0,0.0,1009.9,11.8,30.2,era5
2024-06-06 19:00:00,18.5,41,0.0,0.0,1009.6,10.7,28.1,era5
2024-06-06 20:00:00,17.2,45,0.0,0.0,1009.5,9.5,24.5,era5
2024-06-06 21:00:00,15.7,51,0.0,0.0,1009.6,9.5,21.2,era5
2024-06-06 22:00:00,13.9,60,0.0,0.0,1009.7,9.3,19.4,era5
2024-06-06 23:00:00,12.4,73,0.0,0.0,1009.9,10.3,19.1,era5
2024-06-07 00:00:00,11.2,85,0.0,0.0,1010.2,10.7,19.8,era5
2024-06-07 01:00:00,10.2,93,0.0,0.0,1010.0,10.0,19.4,era5
2024-06-07 02:00:00,9.6,94,0.0,0.0,1010.0,9.4,17.6,era5
2024-06-07 03:00:00,9.2,96,0.0,0.0,1010.1,9.4,17.3,era5
2024-06-07 04:00:00,9.3,95,0.0,0.0,1010.1,9.1,18.0,era5
2024-06-07 05:00:00,9.6,92,0.0,0.0,1010.3,7.9,19.8,era5
2024-06-07 06:00:00,10.1,88,0.0,0.0,1010.3,7.2,19.4,era5
2024-06-07 07:00:00,11.3,82,0.0,0.0,1009.7,6.9,19.4,era5
2024-06-07 08:00:00,12.9,74,0.0,0.0,1009.3,7.6,21.6,era5
2024-06-07 09:00:00,14.1,67,0.0,0.0,1009.0,9.0,24.5,era5
2024-06-07 10:00:00,14.7,64,0.0,0.0,1009.0,9.7,27.0,era5
2024-06-07 11:00:00,15.2,64,0.0,0.0,1009.0,9.1,27.0,era5
2024-06-07 12:00:00,16.2,63,0.0,0.0,1008.8,9.7,27.0,era5
2024-06-07 13:00:00,17.0,61,0.0,0.0,1008.4,9.8,28.1,era5
2024-06-07 14:00:00,17.7,58,0.0,0.0,1007.9,11.0,28.4,era5
2024-06-07 15:00:00,18.0,56,0.0,0.0,1007.9,12.1,31.0,era5
2024-06-07 16:00:00,18.6,51,0.0,0.0,1007.7,12.7,32.4,era5
2024-06-07 17:00:00,18.4,53,0.0,0.0,1007.3,13.1,32.8,era5
2024-06-07 18:00:00,17.8,53,0.0,0.0,1007.0,9.9,31.7,era5
2024-06-07 19:00:00,17.2,55,0.0,0.0,1006.9,7.9,24.1,era5
2024-06-07 20:00:00,16.1,59,0.0,0.0,1006.8,6.9,19.4,era5
2024-06-07 21:00:00,14.9,64,0.0,0.0,1006.8,7.1,16.9,era5
2024-06-07 22:00:00,13.9,70,0.0,0.0,1006.7,7.1,15.5,era5
2024-06-07 23:00:00,12.8,77,0.0,0.0,1006.6,6.2,14.0,era5
2024-06-08 00:00:00,12.7,80,0.0,0.0,1006.7,3.5,10.1,era5
2024-06-08 01:00:00,12.1,82,0.0,0.0,1006.8,6.4,11.2,era5
2024-06-08 02:00:00,11.6,86,0.0,0.0,1007.0,7.4,15.1,era5
2024-06-08 03:00:00,11.2,93,0.1,0.0,1007.1,5.6,14.8,era5
2024-06-08 04:00:00,10.9,93,0.0,0.0,1007.0,4.1,9.4,era5
2024-06-08 05:00:00,11.3,94,0.0,0.0,1007.1,3.3,9.0,era5
2024-06-08 06:00:00,12.4,88,0.1,0.0,1006.8,1.1,8.6,era5
2024-06-08 07:00:00,13.3,85,0.0,0.0,1006.7,4.6,14.0,era5
2024-06-08 08:00:00,14.3,77,0.0,0.0,1006.5,5.4,16.6,era5
2024-06-08 09:00:00,15.2,73,0.0,0.0,1006.2,5.8,19.8,era5
2024-06-08 10:00:00,15.8,68,0.1,0.0,1006.2,6.3,20.2,era5
2024-06-08 11:00:00,16.8,59,0.1,0.0,1006.0,7.1,21.2,era5
2024-06-08 12:00:00,18.3,49,0.0,0.0,1005.6,7.4,23.8,era5
2024-06-08 13:00:00,19.1,42,0.0,0.0,1005.1,8.2,24.5,era5
2024-06-08 14:00:00,19.5,38,0.0,0.0,1004.9,9.1,25.6,era5
2024-06-08 15:00:00,19.9,37,0.0,0.0,1004.8,9.7,26.3,era5
2024-06-08 16:00:00,19.1,39,0.0,0.0,1004.9,1.1,12.6,era5
2024-06-08 17:00:00,19.0,39,0.0,0.0,1004.6,2.3,12.2,era5
2024-06-08 18:00:00,18.5,40,0.0,0.0,1004.7,2.8,11.5,era5
2024-06-08 19:00:00,18.2,43,0.0,0.0,1004.4,4.4,14.4,era5
2024-06-08 20:00:00,17.7,48,0.0,0.0,1004.1,4.2,14.8,era5
2024-06-08 21:00:00,16.6,62,0.0,0.0,1004.0,2.3,11.9,era5
2024-06-08 22:00:00,15.2,75,0.0,0.0,1004.2,2.5,4.3,era5
2024-06-08 23:00:00,14.0,74,0.0,0.0,1004.3,5.1,7.2,era5
2024-06-09 00:00:00,12.1,80,0.0,0.0,1004.4,5.9,11.5,era5
2024-06-09 01:00:00,10.2,88,0.0,0.0,1004.5,5.2,9.7,era5
2024-06-09 02:00:00,9.9,86,0.0,0.0,1004.3,4.4,6.8,era5
2024-06-09 03:00:00,9.9,87,0.0,0.0,1004.2,4.3,7.2,era5
2024-06-09 04:00:00,10.0,96,0.0,0.0,1004.7,10.0,20.5,era5
2024-06-09 05:00:00,10.2,95,0.0,0.0,1004.7,7.4,19.4,era5
2024-06-09 06:00:00,10.6,92,0.0,0.0,1004.5,6.7,18.0,era5
2024-06-09 07:00:00,11.4,87,0.0,0.0,1004.1,4.6,16.9,era5
2024-06-09 08:00:00,12.5,81,0.0,0.0,1003.9,3.3,13.7,era5
2024-06-09 09:00:00,13.9,75,0.0,0.0,1003.7,2.0,12.6,era5
2024-06-09 10:00:00,15.0,70,0.0,0.0,1003.3,1.1,11.9,era5
2024-06-09 11:00:00,16.3,64,0.0,0.0,1002.9,1.6,12.6,era5
2024-06-09 12:00:00,16.9,58,0.0,0.0,1002.6,5.8,19.8,era5
2024-06-09 13:00:00,16.5,55,0.1,0.0,1002.5,10.9,30.6,era5
2024-06-09 14:00:00,15.3,56,0.0,0.0,1003.0,9.8,31.0,era5
2024-06-09 15:00:00,15.8,53,0.0,0.0,1002.9,9.8,27.0,era5
2024-06-09 16:00:00,16.1,50,0.0,0.0,1002.5,13.4,33.5,era5
2024-06-09 17:00:00,15.3,49,0.0,0.0,1002.4,13.8,35.3,era5
2024-06-09 18:00:00,14.6,51,0.0,0.0,1002.4,13.1,33.8,era5
2024-06-09 19:00:00,13.8,54,0.0,0.0,1002.1,10.8,31.7,era5
2024-06-09 20:00:00,12.9,57,0.0,0.0,1002.2,11.9,27.0,era5
2024-06-09 21:00:00,11.9,60,0.0,0.0,1002.2,11.2,28.1,era5
2024-06-09 22:00:00,11.1,62,0.0,0.0,1002.2,11.1,24.5,era5
2024-06-09 23:00:00,9.8,67,0.0,0.0,1002.2,10.9,22.7,era5
2024-06-10 00:00:00,9.0,71,0.0,0.0,1002.1,10.5,21.6,era5
2024-06-10 01:00:00,8.4,75,0.0,0.0,1001.9,9.7,20.5,era5
2024-06-10 02:00:00,8.1,77,0.0,0.0,1002.0,8.7,18.0,era5
2024-06-10 03:00:00,8.0,77,0.0,0.0,1001.5,8.0,15.5,era5
2024-06-10 04:00:00,8.5,74,0.0,0.0,1001.8,8.8,16.6,era5
2024-06-10 05:00:00,9.3,73,0.0,0.0,1001.4,6.4,18.7,era5
2024-06-10 06:00:00,10.4,69,0.0,0.0,1001.0,8.7,20.2,era5
2024-06-10 07:00:00,11.5,66,0.0,0.0,1000.6,11.1,27.0,era5
2024-06-10 08:00:00,12.8,63,0.8,0.0,999.9,12.4,29.9,era5
2024-06-10 09:00:00,13.4,73,2.2,0.0,999.4,12.2,30.6,era5
2024-06-10 10:00:00,14.8,64,0.0,0.0,999.2,16.4,41.4,era5
2024-06-10 11:00:00,14.0,69,0.3,0.0,999.4,17.8,42.8,era5
2024-06-10 12:00:00,12.8,76,0.4,0.0,999.7,17.9,41.8,era5
2024-06-10 13:00:00,10.8,99,2.9,0.0,1000.1,21.1,46.1,era5
2024-06-10 14:00:00,10.4,96,1.0,0.0,1000.0,13.6,44.3,era5
2024-06-10 15:00:00,11.0,88,0.2,0.0,1000.0,15.3,33.5,era5
2024-06-10 16:00:00,12.3,83,0.1,0.0,1000.7,13.2,34.6,era5
2024-06-10 17:00:00,12.8,76,0.3,0.0,1000.6,12.3,31.7,era5
2024-06-10 18:00:00,13.4,71,0.1,0.0,1000.5,11.2,29.9,era5
2024-06-10 19:00:00,13.4,70,0.1,0.0,1000.5,9.4,27.4,era5
2024-06-10 20:00:00,13.3,71,0.0,0.0,1000.5,8.8,22.7,era5
2024-06-10 21:00:00,12.4,80,0.0,0.0,1001.0,9.1,20.9,era5
2024-06-10 22:00:00,11.1,89,0.0,0.0,1001.2,6.8,19.4,era5
2024-06-10 23:00:00,9.9,95,0.0,0.0,1001.1,4.6,13.0,era5
2024-06-11 00:00:00,8.3,97,0.0,0.0,1001.1,7.4,9.4,era5
2024-06-11 01:00:00,7.8,97,0.0,0.0,1001.3,7.5,9.7,era5
2024-06-11 02:00:00,7.2,98,0.0,0.0,1001.5,8.0,10.4,era5
2024-06-11 03:00:00,7.5,98,0.0,0.0,1001.4,6.8,10.4,era5
2024-06-11 04:00:00,7.8,99,0.0,0.0,1001.6,5.2,9.0,era5
2024-06-11 05:00:00,9.4,95,0.0,0.0,1001.7,4.7,10.4,era5
2024-06-11 06:00:00,10.6,90,0.0,0.0,1001.7,3.6,12.2,era5
2024-06-11 07:00:00,11.9,85,0.0,0.0,1001.6,3.3,13.3,era5
2024-06-11 08:00:00,13.1,75,0.1,0.0,1001.3,4.4,16.9,era5
2024-06-11 09:00:00,13.9,66,0.1,0.0,1001.2,6.6,21.6,era5
2024-06-11 10:00:00,14.9,60,0.0,0.0,1001.2,9.2,25.9,era5
2024-06-11 11:00:00,15.2,56,0.1,0.0,1001.0,12.3,31.3,era5
2024-06-11 12:00:00,15.0,54,0.0,0.0,1000.9,12.9,32.8,era5
2024-06-11 13:00:00,15.5,52,0.0,0.0,1000.7,12.8,32.8,era5
2024-06-11 14:00:00,15.8,50,0.0,0.0,1000.6,13.2,32.4,era5
2024-06-11 15:00:00,15.4,54,0.0,0.0,1000.5,16.1,38.9,era5
2024-06-11 16:00:00,15.1,54,0.0,0.0,1000.6,13.0,36.4,era5
2024-06-11 17:00:00,15.1,57,0.0,0.0,1000.5,12.7,31.7,era5
2024-06-11 18:00:00,14.2,65,0.0,0.0,1000.3,11.7,32.0,era5
2024-06-11 19:00:00,13.5,72,0.0,0.0,1000.4,8.3,28.1,era5
2024-06-11 20:00:00,13.2,74,0.0,0.0,1000.6,9.4,22.0,era5
2024-06-11 21:00:00,12.2,79,0.1,0.0,1000.8,7.6,22.7,era5
2024-06-11 22:00:00,11.4,86,0.0,0.0,1001.1,4.7,16.9,era5
2024-06-11 23:00:00,10.6,91,0.0,0.0,1001.4,5.8,10.1,era5
2024-06-12 00:00:00,10.2,92,0.0,0.0,1001.6,4.0,9.0,era5
2024-06-12 01:00:00,9.5,96,0.0,0.0,1002.0,3.9,5.8,era5
2024-06-12 02:00:00,8.9,98,0.0,0.0,1002.2,3.3,5.4,era5
2024-06-12 03:00:00,7.8,100,0.0,0.0,1002.4,3.3,5.0,era5
2024-06-12 04:00:00,8.5,99,0.0,0.0,1003.0,4.0,7.6,era5
2024-06-12 05:00:00,9.5,96,0.0,0.0,1003.2,2.4,8.3,era5
2024-06-12 06:00:00,10.6,91,0.0,0.0,1003.4,2.8,10.1,era5
2024-06-12 07:00:00,11.6,86,0.0,0.0,1003.5,2.3,12.2,era5
2024-06-12 08:00:00,12.6,80,0.0,0.0,1003.6,2.6,13.3,era5
2024-06-12 09:00:00,13.8,70,0.0,0.0,1003.7,4.7,17.6,era5
2024-06-12 10:00:00,14.6,64,0.0,0.0,1003.9,6.5,19.8,era5
2024-06-12 11:00:00,15.0,62,0.0,0.0,1004.0,6.1,20.2,era5
2024-06-12 12:00:00,15.6,59,0.0,0.0,1004.0,2.2,19.1,era5
2024-06-12 13:00:00,15.4,58,0.0,0.0,1004.2,2.4,13.0,era5
2024-06-12 14:00:00,15.6,59,0.1,0.0,1004.4,3.9,16.9,era5
2024-06-12 15:00:00,16.2,54,0.1,0.0,1004.6,0.7,15.5,era5
2024-06-12 16:00:00,15.1,59,0.0,0.0,1005.3,2.0,14.4,era5
2024-06-12 17:00:00,15.6,57,0.0,0.0,1005.3,3.2,12.6,era5
2024-06-12 18:00:00,15.9,55,0.0,0.0,1005.2,2.5,14.4,era5
2024-06-12 19:00:00,14.5,62,0.0,0.0,1005.9,5.1,14.8,era5
2024-06-12 20:00:00,13.4,73,0.2,0.0,1006.6,5.5,19.1,era5
2024-06-12 21:00:00,12.9,80,0.0,0.0,1006.8,3.9,13.7,era5
2024-06-12 22:00:00,12.0,88,0.0,0.0,1007.3,6.4,12.2,era5
2024-06-12 23:00:00,11.2,90,0.0,0.0,1007.8,7.4,11.9,era5
2024-06-13 00:00:00,10.6,90,0.0,0.0,1008.4,8.6,14.4,era5
2024-06-13 01:00:00,9.8,92,0.0,0.0,1009.0,9.3,15.8,era5
2024-06-13 02:00:00,9.0,97,0.0,0.0,1009.5,10.5,19.1,era5
2024-06-13 03:00:00,8.8,98,0.0,0.0,1009.8,11.6,22.7,era5
2024-06-13 04:00:00,9.4,94,0.0,0.0,1010.6,12.4,24.8,era5
2024-06-13 05:00:00,9.8,89,0.0,0.0,1011.1,13.1,28.8,era5
2024-06-13 06:00:00,10.2,86,0.0,0.0,1011.9,12.3,28.4,era5
2024-06-13 07:00:00,11.1,82,0.0,0.0,1012.1,12.7,29.2,era5
2024-06-13 08:00:00,12.2,78,0.0,0.0,1012.3,12.1,29.5,era5
2024-06-13 09:00:00,13.0,74,0.0,0.0,1012.6,10.8,28.4,era5
2024-06-13 10:00:00,13.3,72,0.0,0.0,1012.8,10.2,27.0,era5
2024-06-13 11:00:00,14.1,68,0.0,0.0,1012.9,9.7,25.9,era5
2024-06-13 12:00:00,14.5,66,0.1,0.0,1013.0,10.9,27.7,era5
2024-06-13 13:00:00,15.3,62,0.2,0.0,1012.8,10.0,28.4,era5
2024-06-13 14:00:00,16.0,60,0.1,0.0,1013.0,8.5,26.6,era5
2024-06-13 15:00:00,16.1,59,0.0,0.0,1012.8,9.3,24.5,era5
2024-06-13 16:00:00,16.7,55,0.0,0.0,1012.7,8.2,23.0,era5
2024-06-13 17:00:00,16.8,54,0.0,0.0,1012.6,7.9,22.7,era5
2024-06-13 18:00:00,16.5,55,0.0,0.0,1012.7,8.8,22.3,era5
2024-06-13 19:00:00,15.5,60,0.0,0.0,1013.0,8.6,22.3,era5
2024-06-13 20:00:00,15.1,63,0.0,0.0,1013.2,6.2,20.9,era5
2024-06-13 21:00:00,14.5,69,0.0,0.0,1013.4,5.6,14.0,era5
2024-06-13 22:00:00,13.4,73,0.0,0.0,1013.6,8.7,16.9,era5
2024-06-13 23:00:00,12.2,78,0.0,0.0,1013.9,10.9,21.2,era5
2024-06-14 00:00:00,11.3,80,0.0,0.0,1014.1,10.5,21.2,era5
2024-06-14 01:00:00,10.8,81,0.5,0.0,1014.4,8.9,20.2,era5
2024-06-14 02:00:00,10.0,88,1.7,0.0,1014.6,8.7,16.2,era5
2024-06-14 03:00:00,9.8,90,0.8,0.0,1014.7,8.2,16.2,era5
2024-06-14 04:00:00,8.7,91,1.1,0.0,1015.3,10.2,22.0,era5
2024-06-14 05:00:00,9.0,94,0.1,0.0,1015.5,5.9,20.5,era5
2024-06-14 06:00:00,9.8,91,0.0,0.0,1015.5,6.4,16.6,era5
2024-06-14 07:00:00,10.7,85,0.0,0.0,1015.7,6.5,18.0,era5
2024-06-14 08:00:00,11.8,82,0.0,0.0,1015.7,4.3,17.3,era5
2024-06-14 09:00:00,12.8,77,0.0,0.0,1015.7,4.6,16.2,era5
2024-06-14 10:00:00,13.7,73,0.1,0.0,1015.8,5.9,18.7,era5
2024-06-14 11:00:00,14.2,70,0.2,0.0,1015.9,6.1,20.2,era5
2024-06-14 12:00:00,14.7,69,0.2,0.0,1015.8,6.0,20.5,era5
2024-06-14 13:00:00,14.9,68,0.3,0.0,1015.8,7.6,23.0,era5
2024-06-14 14:00:00,14.5,72,0.1,0.0,1015.6,6.9,22.7,era5
2024-06-14 15:00:00,15.2,66,0.1,0.0,1015.5,8.2,23.0,era5
2024-06-14 16:00:00,16.3,62,0.0,0.0,1014.9,7.6,24.8,era5
2024-06-14 17:00:00,16.6,60,0.0,0.0,1014.8,9.2,24.1,era5
2024-06-14 18:00:00,16.3,64,0.0,0.0,1014.7,10.6,26.3,era5
2024-06-14 19:00:00,15.6,67,0.0,0.0,1014.8,10.1,26.6,era5
2024-06-14 20:00:00,14.9,69,0.0,0.0,1014.7,8.9,24.5,era5
2024-06-14 21:00:00,14.3,73,0.0,0.0,1015.0,7.3,20.9,era5
2024-06-14 22:00:00,13.2,79,0.0,0.0,1015.1,7.2,15.5,era5
2024-06-14 23:00:00,12.4,80,0.0,0.0,1015.0,6.8,13.0,era5
2024-06-15 00:00:00,12.0,80,0.0,0.0,1015.2,9.2,15.1,era5
2024-06-15 01:00:00,11.2,83,0.0,0.0,1015.2,8.2,15.1,era5
2024-06-15 02:00:00,10.8,85,0.0,0.0,1014.8,7.5,13.7,era5
2024-06-15 03:00:00,10.3,88,0.0,0.0,1014.9,8.1,13.7,era5
2024-06-15 04:00:00,10.5,89,0.0,0.0,1014.9,8.4,16.6,era5
2024-06-15 05:00:00,10.9,87,0.0,0.0,1015.0,9.2,18.4,era5
2024-06-15 06:00:00,11.7,81,0.0,0.0,1015.0,8.2,19.8,era5
2024-06-15 07:00:00,12.8,74,0.0,0.0,1014.8,9.8,24.5,era5
2024-06-15 08:00:00,13.1,71,0.0,0.0,1014.6,11.1,27.7,era5
2024-06-15 09:00:00,12.8,76,0.1,0.0,1014.5,9.3,28.1,era5
2024-06-15 10:00:00,12.9,78,0.1,0.0,1014.3,7.2,23.8,era5
2024-06-15 11:00:00,14.7,71,0.0,0.0,1014.1,11.4,29.2,era5
2024-06-15 12:00:00,14.9,69,0.0,0.0,1013.9,12.6,31.3,era5
2024-06-15 13:00:00,15.7,63,0.0,0.0,1013.5,15.3,37.8,era5
2024-06-15 14:00:00,16.0,63,0.0,0.0,1013.3,14.8,38.5,era5
2024-06-15 15:00:00,15.8,64,0.0,0.0,1013.2,14.3,37.1,era5
2024-06-15 16:00:00,14.5,70,0.0,0.0,1013.6,11.3,32.4,era5
2024-06-15 17:00:00,14.2,73,0.0,0.0,1013.6,12.1,29.5,era5
2024-06-15 18:00:00,13.8,74,0.0,0.0,1013.7,11.7,30.2,era5
2024-06-15 19:00:00,13.4,76,0.0,0.0,1013.5,10.6,28.4,era5
2024-06-15 20:00:00,13.0,79,0.0,0.0,1013.4,9.0,25.2,era5
2024-06-15 21:00:00,12.5,82,0.0,0.0,1013.5,8.0,20.9,era5
2024-06-15 22:00:00,11.7,86,0.0,0.0,1013.6,7.8,18.4,era5
2024-06-15 23:00:00,10.5,92,0.0,0.0,1013.7,6.3,15.5,era5
2024-06-16 00:00:00,9.9,95,0.0,0.0,1013.9,5.0,10.8,era5
2024-06-16 01:00:00,9.8,96,0.0,0.0,1013.8,5.3,8.6,era5
2024-06-16 02:00:00,9.5,99,0.0,0.0,1014.0,7.2,9.7,era5
2024-06-16 03:00:00,9.4,100,0.0,0.0,1014.1,6.4,11.2,era5
2024-06-16 04:00:00,9.7,100,0.0,0.0,1014.4,6.5,14.4,era5
2024-06-16 05:00:00,10.1,99,0.0,0.0,1014.7,4.7,14.0,era5
2024-06-16 06:00:00,10.5,99,0.0,0.0,1014.7,5.1,14.0,era5
2024-06-16 07:00:00,11.1,94,0.0,0.0,1014.7,6.5,18.4,era5
2024-06-16 08:00:00,12.1,88,0.0,0.0,1014.6,6.3,18.7,era5
2024-06-16 09:00:00,13.9,76,0.0,0.0,1014.6,6.8,20.2,era5
2024-06-16 10:00:00,15.3,69,0.0,0.0,1014.5,7.9,24.8,era5
2024-06-16 11:00:00,16.5,66,0.1,0.0,1014.7,9.1,28.4,era5
2024-06-16 12:00:00,17.4,59,0.2,0.0,1014.6,10.4,28.8,era5
2024-06-16 13:00:00,17.3,55,0.0,0.0,1014.6,11.0,28.4,era5
2024-06-16 14:00:00,17.7,52,0.0,0.0,1014.9,11.5,29.2,era5
2024-06-16 15:00:00,18.8,46,0.0,0.0,1015.1,10.4,29.5,era5
2024-06-16 16:00:00,20.0,37,0.0,0.0,1014.9,11.8,28.4,era5
2024-06-16 17:00:00,19.9,36,0.0,0.0,1014.9,12.1,28.8,era5
2024-06-16 18:00:00,19.1,42,0.0,0.0,1015.3,11.7,29.2,era5
2024-06-16 19:00:00,19.0,45,0.0,0.0,1015.6,9.9,28.1,era5
2024-06-16 20:00:00,18.5,50,0.0,0.0,1015.8,8.5,22.0,era5
2024-06-16 21:00:00,17.3,62,0.0,0.0,1016.2,4.8,17.6,era5
2024-06-16 22:00:00,16.2,69,0.0,0.0,1016.7,4.6,9.0,era5
2024-06-16 23:00:00,14.7,74,0.0,0.0,1017.2,6.2,9.7,era5
2024-06-17 00:00:00,13.7,76,0.0,0.0,1017.6,5.9,10.1,era5
2024-06-17 01:00:00,13.2,76,0.0,0.0,1018.0,7.2,11.9,era5
2024-06-17 02:00:00,11.5,85,0.0,0.0,1018.2,7.6,13.7,era5
2024-06-17 03:00:00,11.5,85,0.0,0.0,1018.5,6.3,10.1,era5
2024-06-17 04:00:00,13.0,79,0.0,0.0,1018.9,5.1,9.4,era5
2024-06-17 05:00:00,13.7,79,0.0,0.0,1019.3,6.8,12.6,era5
2024-06-17 06:00:00,15.1,76,0.0,0.0,1019.6,5.6,13.7,era5
2024-06-17 07:00:00,16.8,69,0.0,0.0,1019.6,5.2,15.1,era5
2024-06-17 08:00:00,18.3,61,0.0,0.0,1019.7,6.9,18.7,era5
2024-06-17 09:00:00,19.4,55,0.0,0.0,1019.7,8.7,23.0,era5
2024-06-17 10:00:00,20.2,51,0.0,0.0,1019.5,9.1,23.8,era5
2024-06-17 11:00:00,20.1,50,0.1,0.0,1019.8,10.8,27.7,era5
2024-06-17 12:00:00,20.6,48,0.0,0.0,1019.7,12.3,29.2,era5
2024-06-17 13:00:00,21.2,45,0.0,0.0,1019.5,14.4,34.2,era5
2024-06-17 14:00:00,20.5,48,0.0,0.0,1019.5,13.4,34.2,era5
2024-06-17 15:00:00,18.7,61,0.0,0.0,1019.7,9.8,31.0,era5
2024-06-17 16:00:00,19.7,56,0.0,0.0,1019.6,4.3,16.6,era5
2024-06-17 17:00:00,20.5,52,0.0,0.0,1019.3,7.9,19.1,era5
2024-06-17 18:00:00,20.5,49,0.0,0.0,1019.1,10.6,24.8,era5
2024-06-17 19:00:00,19.9,51,0.0,0.0,1018.7,8.6,24.8,era5
2024-06-17 20:00:00,19.8,51,0.0,0.0,1018.4,9.5,19.8,era5
2024-06-17 21:00:00,18.8,54,0.0,0.0,1018.3,11.0,23.4,era5
2024-06-17 22:00:00,17.1,60,0.0,0.0,1018.2,10.5,23.0,era5
2024-06-17 23:00:00,16.0,62,0.0,0.0,1018.4,10.2,20.5,era5
2024-06-18 00:00:00,15.8,59,0.0,0.0,1018.3,11.3,22.7,era5
2024-06-18 01:00:00,14.6,61,0.0,0.0,1018.0,10.4,22.7,era5
2024-06-18 02:00:00,14.2,60,0.0,0.0,1017.5,9.5,20.2,era5
2024-06-18 03:00:00,14.2,59,0.0,0.0,1017.2,8.9,17.3,era5
2024-06-18 04:00:00,14.6,61,0.0,0.0,1016.8,7.9,16.2,era5
2024-06-18 05:00:00,15.1,63,0.0,0.0,1016.3,6.8,14.0,era5
2024-06-18 06:00:00,16.5,61,0.0,0.0,1015.9,5.4,14.0,era5
2024-06-18 07:00:00,18.0,55,0.0,0.0,1015.2,6.2,16.6,era5
2024-06-18 08:00:00,19.0,52,0.0,0.0,1014.9,8.2,20.9,era5
2024-06-18 09:00:00,19.1,55,0.3,0.0,1014.3,8.9,23.0,era5
2024-06-18 10:00:00,19.8,58,0.0,0.0,1013.7,9.2,22.7,era5
2024-06-18 11:00:00,19.6,58,0.0,0.0,1013.5,9.8,25.6,era5
2024-06-18 12:00:00,20.0,55,0.0,0.0,1013.2,12.1,28.8,era5
2024-06-18 13:00:00,19.2,61,0.1,0.0,1012.9,11.7,30.6,era5
2024-06-18 14:00:00,19.2,61,0.1,0.0,1012.2,9.4,28.1,era5
2024-06-18 15:00:00,19.3,56,0.0,0.0,1011.8,12.1,28.1,era5
2024-06-18 16:00:00,18.5,63,0.0,0.0,1011.1,8.7,23.8,era5
2024-06-18 17:00:00,19.5,61,0.0,0.0,1010.3,8.4,22.0,era5
2024-06-18 18:00:00,20.7,57,0.0,0.0,1009.8,11.0,25.9,era5
2024-06-18 19:00:00,19.8,60,0.0,0.0,1009.3,9.4,26.6,era5
2024-06-18 20:00:00,18.9,64,0.0,0.0,1008.7,6.6,21.2,era5
2024-06-18 21:00:00,17.7,69,0.1,0.0,1008.3,7.2,13.7,era5
2024-06-18 22:00:00,17.0,72,0.1,0.0,1007.7,7.2,15.5,era5
2024-06-18 23:00:00,16.6,74,0.0,0.0,1007.4,5.4,13.7,era5
2024-06-19 00:00:00,16.2,74,0.1,0.0,1006.7,5.6,10.1,era5
2024-06-19 01:00:00,15.5,81,0.4,0.0,1006.1,7.2,13.0,era5
2024-06-19 02:00:00,15.0,85,0.2,0.0,1005.0,9.0,15.5,era5
2024-06-19 03:00:00,15.1,81,0.0,0.0,1004.4,10.8,20.2,era5
2024-06-19 04:00:00,15.3,79,0.0,0.0,1003.9,9.0,17.3,era5
2024-06-19 05:00:00,15.3,79,0.2,0.0,1003.2,8.0,17.3,era5
2024-06-19 06:00:00,15.3,80,0.2,0.0,1002.7,10.5,21.2,era5
2024-06-19 07:00:00,14.7,86,0.2,0.0,1001.7,13.4,26.6,era5
2024-06-19 08:00:00,14.4,87,0.2,0.0,1001.2,15.8,33.1,era5
2024-06-19 09:00:00,14.6,86,0.2,0.0,1000.2,13.7,32.8,era5
2024-06-19 10:00:00,14.2,90,0.8,0.0,999.5,13.8,28.8,era5
2024-06-19 11:00:00,13.6,99,1.3,0.0,998.9,12.7,27.4,era5
2024-06-19 12:00:00,13.7,100,1.4,0.0,998.3,10.9,26.6,era5
2024-06-19 13:00:00,13.8,100,1.5,0.0,997.8,9.0,22.3,era5
2024-06-19 14:00:00,13.8,100,1.4,0.0,997.5,7.2,18.0,era5
2024-06-19 15:00:00,13.9,100,0.9,0.0,997.0,5.8,15.8,era5
2024-06-19 16:00:00,14.1,100,0.5,0.0,996.6,7.1,15.8,era5
2024-06-19 17:00:00,14.5,94,0.2,0.0,996.5,8.1,18.4,era5
2024-06-19 18:00:00,14.7,93,0.2,0.0,996.6,7.4,19.1,era5
2024-06-19 19:00:00,14.9,92,0.1,0.0,996.4,8.4,20.2,era5
2024-06-19 20:00:00,14.5,91,0.2,0.0,996.2,9.2,18.0,era5
2024-06-19 21:00:00,14.5,94,0.0,0.0,996.3,8.5,18.7,era5
2024-06-19 22:00:00,14.3,94,0.0,0.0,996.3,5.9,16.6,era5
2024-06-19 23:00:00,13.3,97,0.0,0.0,996.3,6.8,11.2,era5
2024-06-20 00:00:00,12.8,97,0.0,0.0,995.9,6.3,11.5,era5
2024-06-20 01:00:00,12.4,97,0.0,0.0,996.1,8.4,13.7,era5
2024-06-20 02:00:00,11.9,97,0.0,0.0,995.8,6.9,14.0,era5
2024-06-20 03:00:00,11.6,98,0.0,0.0,995.8,7.7,11.2,era5
2024-06-20 04:00:00,11.5,98,0.0,0.0,995.8,7.4,16.2,era5
2024-06-20 05:00:00,12.3,98,0.0,0.0,995.5,7.4,15.1,era5
2024-06-20 06:00:00,13.1,96,0.0,0.0,995.8,7.3,18.7,era5
2024-06-20 07:00:00,13.9,89,0.0,0.0,995.6,9.8,23.8,era5
2024-06-20 08:00:00,15.0,84,0.0,0.0,995.3,9.1,24.1,era5
2024-06-20 09:00:00,16.3,76,0.0,0.0,995.0,10.5,27.4,era5
2024-06-20 10:00:00,17.5,65,0.0,0.0,994.9,11.9,30.6,era5
2024-06-20 11:00:00,18.5,55,0.0,0.0,994.8,12.3,31.7,era5
2024-06-20 12:00:00,19.1,51,0.0,0.0,994.7,12.2,31.7,era5
2024-06-20 13:00:00,19.7,48,0.0,0.0,994.7,11.1,31.3,era5
2024-06-20 14:00:00,20.0,46,0.0,0.0,994.9,10.1,29.2,era5
2024-06-20 15:00:00,20.4,44,0.0,0.0,994.7,8.5,27.0,era5
2024-06-20 16:00:00,18.8,49,0.0,0.0,995.3,9.4,23.8,era5
2024-06-20 17:00:00,16.7,66,0.1,0.0,995.7,14.1,33.8,era5
2024-06-20 18:00:00,17.1,62,0.0,0.0,995.7,14.0,34.2,era5
2024-06-20 19:00:00,16.8,58,0.0,0.0,995.9,15.2,33.8,era5
2024-06-20 20:00:00,15.7,59,0.0,0.0,996.2,16.9,38.2,era5
2024-06-20 21:00:00,14.6,63,0.0,0.0,996.5,17.4,37.4,era5
2024-06-20 22:00:00,13.5,65,0.0,0.0,996.8,17.8,38.9,era5
2024-06-20 23:00:00,12.6,68,0.0,0.0,996.8,16.5,38.5,era5
2024-06-21 00:00:00,12.1,70,0.0,0.0,997.0,15.0,34.9,era5
2024-06-21 01:00:00,11.4,74,0.0,0.0,997.0,14.8,32.0,era5
2024-06-21 02:00:00,10.9,77,0.0,0.0,997.1,14.8,31.0,era5
2024-06-21 03:00:00,10.8,77,0.0,0.0,997.1,15.9,32.8,era5
2024-06-21 04:00:00,10.9,76,0.0,0.0,997.1,15.9,34.2,era5
2024-06-21 05:00:00,11.1,74,0.0,0.0,997.2,15.9,35.6,era5
2024-06-21 06:00:00,11.3,74,0.0,0.0,997.3,16.1,34.2,era5
2024-06-21 07:00:00,11.4,74,0.2,0.0,997.2,17.1,37.1,era5
2024-06-21 08:00:00,11.3,75,0.2,0.0,997.1,17.7,38.5,era5
2024-06-21 09:00:00,11.4,76,0.1,0.0,997.4,20.8,43.6,era5
2024-06-21 10:00:00,11.7,76,0.0,0.0,998.0,23.7,50.0,era5
2024-06-21 11:00:00,11.8,79,0.5,0.0,998.6,20.5,50.8,era5
2024-06-21 12:00:00,11.8,79,0.3,0.0,999.4,20.2,47.9,era5
2024-06-21 13:00:00,11.2,81,0.3,0.0,1000.3,17.3,44.6,era5
2024-06-21 14:00:00,10.9,81,0.5,0.0,1001.0,16.6,41.8,era5
2024-06-21 15:00:00,10.0,91,1.0,0.0,1001.8,15.0,38.9,era5
2024-06-21 16:00:00,9.7,82,0.2,0.0,1002.3,16.6,40.3,era5
2024-06-21 17:00:00,9.6,79,0.1,0.0,1003.0,16.0,37.8,era5
2024-06-21 18:00:00,9.1,80,0.0,0.0,1003.5,16.3,36.0,era5
2024-06-21 19:00:00,9.0,73,0.0,0.0,1003.8,17.8,39.2,era5
2024-06-21 20:00:00,8.9,71,0.0,0.0,1003.9,17.0,39.2,era5
2024-06-21 21:00:00,9.0,68,0.0,0.0,1004.2,16.2,37.4,era5
2024-06-21 22:00:00,8.9,66,0.0,0.0,1004.4,14.8,39.6,era5
2024-06-21 23:00:00,8.1,67,0.0,0.0,1004.9,14.2,32.8,era5
2024-06-22 00:00:00,6.7,72,0.0,0.0,1005.6,13.8,31.0,era5
2024-06-22 01:00:00,5.9,74,0.0,0.0,1006.2,14.1,29.5,era5
2024-06-22 02:00:00,5.5,74,0.0,0.0,1006.6,14.8,31.7,era5
2024-06-22 03:00:00,5.5,73,0.0,0.0,1006.7,14.9,32.8,era5
2024-06-22 04:00:00,5.3,75,0.0,0.0,1007.1,13.6,31.7,era5
2024-06-22 05:00:00,6.1,73,0.0,0.0,1007.0,13.9,30.6,era5
2024-06-22 06:00:00,7.1,71,0.0,0.0,1007.0,18.3,42.5,era5
2024-06-22 07:00:00,7.8,70,0.0,0.0,1006.9,16.5,40.0,era5
2024-06-22 08:00:00,9.0,63,0.0,0.0,1006.6,20.5,44.3,era5
2024-06-22 09:00:00,10.8,54,0.0,0.0,1006.2,24.5,53.3,era5
2024-06-22 10:00:00,11.2,57,0.0,0.0,1006.1,26.3,58.3,era5
2024-06-22 11:00:00,11.6,57,0.0,0.0,1006.1,25.6,58.0,era5
2024-06-22 12:00:00,12.3,53,0.0,0.0,1006.1,24.7,56.5,era5
2024-06-22 13:00:00,12.3,55,0.0,0.0,1006.5,25.1,55.1,era5
2024-06-22 14:00:00,12.7,54,0.0,0.0,1006.5,25.9,57.2,era5
2024-06-22 15:00:00,13.1,57,0.0,0.0,1006.6,25.0,61.2,era5
2024-06-22 16:00:00,10.9,68,0.0,0.0,1007.8,24.0,53.3,era5
2024-06-22 17:00:00,12.4,62,0.0,0.0,1007.6,30.4,66.6,era5
2024-06-22 18:00:00,12.2,64,0.0,0.0,1007.9,28.2,65.9,era5
2024-06-22 19:00:00,12.5,64,0.0,0.0,1008.3,27.2,60.8,era5
2024-06-22 20:00:00,12.4,65,0.0,0.0,1008.4,21.4,58.0,era5
2024-06-22 21:00:00,12.3,66,0.0,0.0,1008.7,20.0,46.8,era5
2024-06-22 22:00:00,11.7,70,0.0,0.0,1009.0,18.5,43.2,era5
2024-06-22 23:00:00,11.3,72,0.0,0.0,1009.3,19.1,40.7,era5
2024-06-23 00:00:00,10.4,74,0.0,0.0,1009.7,19.4,41.0,era5
2024-06-23 01:00:00,9.8,76,0.0,0.0,1009.9,20.6,43.2,era5
2024-06-23 02:00:00,9.2,78,0.0,0.0,1010.0,20.1,43.9,era5
2024-06-23 03:00:00,8.6,81,0.0,0.0,1010.3,18.4,42.8,era5
2024-06-23 04:00:00,8.2,82,0.0,0.0,1011.1,18.6,44.6,era5
2024-06-23 05:00:00,8.5,81,0.0,0.0,1011.4,17.0,40.0,era5
2024-06-23 06:00:00,9.1,78,0.0,0.0,1011.7,15.9,37.1,era5
2024-06-23 07:00:00,10.1,74,0.0,0.0,1011.8,15.2,35.6,era5
2024-06-23 08:00:00,11.3,70,0.0,0.0,1011.9,15.0,36.0,era5
2024-06-23 09:00:00,12.6,67,0.0,0.0,1011.7,14.1,35.3,era5
2024-06-23 10:00:00,14.0,63,0.0,0.0,1011.4,11.9,34.2,era5
2024-06-23 11:00:00,15.5,60,0.0,0.0,1011.3,9.8,30.2,era5
2024-06-23 12:00:00,16.8,57,0.0,0.0,1011.3,9.2,26.6,era5
2024-06-23 13:00:00,18.0,54,0.0,0.0,1011.1,9.3,25.9,era5
2024-06-23 14:00:00,19.1,50,0.0,0.0,1010.7,9.8,27.0,era5
2024-06-23 15:00:00,19.9,46,0.0,0.0,1010.2,10.7,28.1,era5
2024-06-23 16:00:00,20.5,44,0.0,0.0,1010.2,8.8,25.2,era5
2024-06-23 17:00:00,20.7,43,0.0,0.0,1009.9,8.1,23.8,era5
2024-06-23 18:00:00,20.6,44,0.0,0.0,1009.7,6.9,21.6,era5
2024-06-23 19:00:00,20.1,47,0.0,0.0,1009.5,6.4,18.4,era5
2024-06-23 20:00:00,19.1,56,0.0,0.0,1009.4,5.4,16.9,era5
2024-06-23 21:00:00,18.0,68,0.0,0.0,1009.6,4.0,11.5,era5
2024-06-23 22:00:00,16.7,74,0.0,0.0,1009.7,4.0,6.5,era5
2024-06-23 23:00:00,15.2,78,0.0,0.0,1009.8,5.5,9.0,era5
2024-06-24 00:00:00,14.3,79,0.0,0.0,1009.7,6.3,10.4,era5
2024-06-24 01:00:00,13.7,79,0.0,0.0,1009.7,7.1,11.5,era5
2024-06-24 02:00:00,13.3,79,0.0,0.0,1009.8,9.4,15.1,era5
2024-06-24 03:00:00,12.7,81,0.0,0.0,1009.9,9.7,15.8,era5
2024-06-24 04:00:00,12.1,85,0.0,0.0,1009.8,7.6,14.8,era5
2024-06-24 05:00:00,12.7,84,0.0,0.0,1009.7,6.2,13.0,era5
2024-06-24 06:00:00,14.0,78,0.0,0.0,1009.7,5.1,13.0,era5
2024-06-24 07:00:00,15.2,72,0.0,0.0,1009.4,6.1,16.9,era5
2024-06-24 08:00:00,16.3,68,0.0,0.0,1009.3,6.5,19.1,era5
2024-06-24 09:00:00,17.4,66,0.0,0.0,1009.0,6.8,20.5,era5
2024-06-24 10:00:00,18.4,62,0.0,0.0,1009.0,7.6,22.3,era5
2024-06-24 11:00:00,19.3,59,0.0,0.0,1009.0,7.6,23.0,era5
2024-06-24 12:00:00,19.9,57,0.0,0.0,1008.6,9.5,29.2,era5
2024-06-24 13:00:00,20.4,56,1.0,0.0,1008.6,14.2,34.9,era5
2024-06-24 14:00:00,18.2,71,3.9,0.0,1009.1,8.0,33.8,era5
2024-06-24 15:00:00,17.1,81,2.1,0.0,1009.4,2.5,22.3,era5
2024-06-24 16:00:00,19.1,65,0.0,0.0,1009.5,6.4,22.3,era5
2024-06-24 17:00:00,17.9,72,1.4,0.0,1009.8,9.0,24.8,era5
2024-06-24 18:00:00,18.5,67,0.0,0.0,1009.7,5.9,22.7,era5
2024-06-24 19:00:00,19.1,64,0.0,0.0,1009.6,6.1,18.4,era5
2024-06-24 20:00:00,16.2,83,3.0,0.0,1010.2,8.4,19.4,era5
2024-06-24 21:00:00,15.1,95,0.7,0.0,1009.9,3.3,18.4,era5
2024-06-24 22:00:00,14.7,98,0.0,0.0,1010.0,2.9,9.0,era5
2024-06-24 23:00:00,14.1,92,0.0,0.0,1010.0,6.2,7.9,era5
2024-06-25 00:00:00,13.5,88,0.0,0.0,1010.2,7.5,9.7,era5
2024-06-25 01:00:00,12.3,91,0.0,0.0,1010.3,7.9,11.2,era5
2024-06-25 02:00:00,12.9,89,0.0,0.0,1010.5,6.4,10.8,era5
2024-06-25 03:00:00,12.8,93,0.0,0.0,1010.4,8.0,14.0,era5
2024-06-25 04:00:00,12.9,94,0.0,0.0,1010.8,9.1,16.6,era5
2024-06-25 05:00:00,14.0,90,0.0,0.0,1011.2,9.7,19.1,era5
2024-06-25 06:00:00,15.1,85,0.0,0.0,1011.1,9.1,22.3,era5
2024-06-25 07:00:00,16.0,81,0.0,0.0,1011.0,8.3,21.6,era5
2024-06-25 08:00:00,16.7,76,0.0,0.0,1011.1,8.4,22.0,era5
2024-06-25 09:00:00,17.3,73,0.0,0.0,1010.9,7.2,24.8,era5
2024-06-25 10:00:00,18.2,68,0.0,0.0,1010.8,6.9,25.2,era5
2024-06-25 11:00:00,18.9,62,0.1,0.0,1010.7,7.1,25.2,era5
2024-06-25 12:00:00,19.4,58,0.1,0.0,1010.7,8.1,22.3,era5
2024-06-25 13:00:00,19.4,56,0.0,0.0,1011.0,7.0,22.3,era5
2024-06-25 14:00:00,19.4,56,0.0,0.0,1011.1,7.4,20.2,era5
2024-06-25 15:00:00,18.8,58,0.0,0.0,1011.4,7.0,20.2,era5
2024-06-25 16:00:00,18.7,60,0.0,0.0,1011.4,4.4,19.1,era5
2024-06-25 17:00:00,18.9,59,0.0,0.0,1011.2,2.6,11.9,era5
2024-06-25 18:00:00,19.4,58,0.0,0.0,1011.0,2.0,10.4,era5
2024-06-25 19:00:00,19.4,58,0.0,0.0,1011.0,1.5,8.3,era5
2024-06-25 20:00:00,19.2,60,0.0,0.0,1011.2,2.3,7.6,era5
2024-06-25 21:00:00,18.5,71,0.0,0.0,1011.2,1.8,6.8,era5
2024-06-25 22:00:00,17.2,83,0.0,0.0,1011.3,2.6,4.3,era5
2024-06-25 23:00:00,16.2,81,0.0,0.0,1011.5,6.3,10.1,era5
2024-06-26 00:00:00,14.9,86,0.0,0.0,1011.6,5.1,11.9,era5
2024-06-26 01:00:00,14.1,86,0.0,0.0,1011.7,5.5,9.4,era5
2024-06-26 02:00:00,13.2,87,0.0,0.0,1011.6,7.0,10.8,era5
2024-06-26 03:00:00,13.0,88,0.0,0.0,1011.6,7.0,10.1,era5
2024-06-26 04:00:00,13.7,85,0.0,0.0,1011.6,5.9,10.4,era5
2024-06-26 05:00:00,14.7,84,0.0,0.0,1011.4,8.0,15.8,era5
2024-06-26 06:00:00,16.0,80,0.0,0.0,1011.4,7.2,17.3,era5
2024-06-26 07:00:00,17.5,75,0.0,0.0,1011.4,6.5,17.3,era5
2024-06-26 08:00:00,19.3,70,0.0,0.0,1011.2,6.5,18.7,era5
2024-06-26 09:00:00,21.2,66,0.0,0.0,1011.0,5.8,19.1,era5
2024-06-26 10:00:00,22.9,59,0.0,0.0,1010.8,5.5,18.0,era5
2024-06-26 11:00:00,23.9,52,0.0,0.0,1010.6,7.6,23.8,era5
2024-06-26 12:00:00,24.7,47,0.0,0.0,1010.9,9.9,25.9,era5
2024-06-26 13:00:00,24.9,45,0.0,0.0,1011.0,12.2,29.5,era5
2024-06-26 14:00:00,25.0,44,0.0,0.0,1011.2,13.0,32.4,era5
2024-06-26 15:00:00,24.6,46,0.0,0.0,1011.3,11.6,31.7,era5
2024-06-26 16:00:00,21.0,63,0.5,0.0,1012.1,11.2,24.5,era5
2024-06-26 17:00:00,19.5,72,0.1,0.0,1012.3,9.2,25.9,era5
2024-06-26 18:00:00,17.1,89,1.3,0.0,1012.8,12.9,24.8,era5
2024-06-26 19:00:00,15.9,99,2.6,0.0,1012.3,10.3,25.2,era5
2024-06-26 20:00:00,15.5,100,3.1,0.0,1012.5,10.9,22.3,era5
2024-06-26 21:00:00,14.7,100,3.0,0.0,1012.6,17.7,34.6,era5
2024-06-26 22:00:00,13.7,93,0.3,0.0,1012.8,15.5,39.6,era5
2024-06-26 23:00:00,13.5,91,0.0,0.0,1013.5,11.2,29.9,era5
2024-06-27 00:00:00,12.4,92,0.0,0.0,1014.3,13.7,29.5,era5
2024-06-27 01:00:00,11.2,93,0.0,0.0,1014.9,7.4,27.0,era5
2024-06-27 02:00:00,10.8,94,0.0,0.0,1015.3,6.1,13.7,era5
2024-06-27 03:00:00,10.4,95,0.0,0.0,1015.5,7.5,14.0,era5
2024-06-27 04:00:00,9.2,90,0.0,0.0,1017.1,7.8,18.4,era5
2024-06-27 05:00:00,9.9,84,0.0,0.0,1017.4,5.9,14.4,era5
2024-06-27 06:00:00,10.7,80,0.0,0.0,1017.4,5.3,15.5,era5
2024-06-27 07:00:00,11.2,79,0.0,0.0,1017.3,4.7,15.1,era5
2024-06-27 08:00:00,12.3,73,0.0,0.0,1017.1,5.1,15.5,era5
2024-06-27 09:00:00,13.4,68,0.0,0.0,1017.1,5.2,17.3,era5
2024-06-27 10:00:00,14.5,64,0.0,0.0,1016.9,5.8,18.7,era5
2024-06-27 11:00:00,15.0,63,0.0,0.0,1016.5,7.3,22.0,era5
2024-06-27 12:00:00,15.4,64,0.0,0.0,1016.3,6.5,22.0,era5
2024-06-27 13:00:00,15.8,63,0.0,0.0,1016.1,7.6,21.2,era5
2024-06-27 14:00:00,16.7,61,0.0,0.0,1015.7,8.7,24.5,era5
2024-06-27 15:00:00,17.9,58,0.0,0.0,1015.5,8.1,24.1,era5
2024-06-27 16:00:00,16.9,64,0.0,0.0,1016.4,10.1,26.6,era5
2024-06-27 17:00:00,17.1,65,0.0,0.0,1016.2,9.8,27.0,era5
2024-06-27 18:00:00,16.6,67,0.0,0.0,1015.8,11.9,28.8,era5
2024-06-27 19:00:00,16.7,68,0.0,0.0,1015.6,9.3,28.1,era5
2024-06-27 20:00:00,16.4,71,0.0,0.0,1015.7,9.5,23.4,era5
2024-06-27 21:00:00,15.6,76,0.0,0.0,1015.7,10.0,22.0,era5
2024-06-27 22:00:00,14.2,82,0.0,0.0,1016.1,10.5,22.0,era5
2024-06-27 23:00:00,12.8,89,0.0,0.0,1016.4,8.7,20.5,era5
2024-06-28 00:00:00,12.1,91,0.0,0.0,1016.8,8.4,15.8,era5
2024-06-28 01:00:00,12.1,90,0.0,0.0,1017.1,6.3,13.3,era5
2024-06-28 02:00:00,12.2,88,0.0,0.0,1016.9,7.9,12.6,era5
2024-06-28 03:00:00,12.2,89,0.0,0.0,1016.9,9.3,15.1,era5
2024-06-28 04:00:00,11.9,98,0.0,0.0,1017.6,10.1,19.1,era5
2024-06-28 05:00:00,12.9,97,0.0,0.0,1017.4,10.2,20.2,era5
2024-06-28 06:00:00,14.2,95,0.0,0.0,1017.3,12.0,25.2,era5
2024-06-28 07:00:00,15.6,88,0.0,0.0,1017.0,12.6,29.2,era5
2024-06-28 08:00:00,17.0,82,0.0,0.0,1016.9,11.3,29.2,era5
2024-06-28 09:00:00,18.6,76,0.0,0.0,1016.7,11.9,29.9,era5
2024-06-28 10:00:00,19.8,70,0.0,0.0,1016.3,13.4,33.1,era5
2024-06-28 11:00:00,21.1,62,0.0,0.0,1015.8,15.1,36.7,era5
2024-06-28 12:00:00,20.8,61,0.0,0.0,1015.4,15.8,37.4,era5
2024-06-28 13:00:00,20.3,64,0.0,0.0,1015.2,13.1,36.7,era5
2024-06-28 14:00:00,20.1,64,0.0,0.0,1014.4,13.9,31.7,era5
2024-06-28 15:00:00,22.1,57,0.0,0.0,1013.8,17.4,40.0,era5
2024-06-28 16:00:00,22.8,50,0.0,0.0,1013.5,18.0,41.4,era5
2024-06-28 17:00:00,23.1,51,0.0,0.0,1012.7,17.3,41.4,era5
2024-06-28 18:00:00,23.8,50,0.0,0.0,1012.0,18.0,40.3,era5
2024-06-28 19:00:00,23.5,52,0.0,0.0,1011.4,16.2,40.3,era5
2024-06-28 20:00:00,22.9,56,0.0,0.0,1011.0,14.9,35.6,era5
2024-06-28 21:00:00,21.9,61,0.0,0.0,1010.8,13.2,32.0,era5
2024-06-28 22:00:00,20.8,65,0.0,0.0,1010.6,12.9,27.7,era5
2024-06-28 23:00:00,19.6,68,0.0,0.0,1010.2,12.4,26.3,era5
2024-06-29 00:00:00,18.5,72,0.0,0.0,1009.9,11.2,24.8,era5
2024-06-29 01:00:00,17.8,75,0.0,0.0,1009.8,10.9,22.0,era5
2024-06-29 02:00:00,17.8,76,0.0,0.0,1009.2,10.6,21.6,era5
2024-06-29 03:00:00,17.4,79,0.0,0.0,1008.7,9.2,20.5,era5
2024-06-29 04:00:00,17.9,81,0.0,0.0,1008.0,9.9,19.4,era5
2024-06-29 05:00:00,18.3,82,0.0,0.0,1007.6,8.6,19.4,era5
2024-06-29 06:00:00,19.5,80,0.0,0.0,1007.3,8.2,18.4,era5
2024-06-29 07:00:00,20.8,76,0.0,0.0,1006.7,8.6,21.6,era5
2024-06-29 08:00:00,22.0,73,0.0,0.0,1006.2,10.5,26.3,era5
2024-06-29 09:00:00,23.4,70,0.0,0.0,1005.7,10.9,27.7,era5
2024-06-29 10:00:00,24.7,66,0.0,0.0,1005.2,11.2,28.1,era5
2024-06-29 11:00:00,26.1,61,0.0,0.0,1004.7,12.0,30.6,era5
2024-06-29 12:00:00,27.1,56,0.0,0.0,1004.0,13.1,37.8,era5
2024-06-29 13:00:00,27.5,53,0.0,0.0,1003.1,14.9,40.3,era5
2024-06-29 14:00:00,27.4,53,0.0,0.0,1002.9,18.0,45.0,era5
2024-06-29 15:00:00,27.8,48,0.0,0.0,1002.1,18.1,44.6,era5
2024-06-29 16:00:00,27.7,46,0.3,0.0,1001.8,18.3,46.4,era5
2024-06-29 17:00:00,26.8,50,0.0,0.0,1001.5,21.6,52.6,era5
2024-06-29 18:00:00,26.2,54,0.0,0.0,1001.0,19.3,46.4,era5
2024-06-29 19:00:00,25.4,60,0.0,0.0,1000.7,16.7,43.6,era5
2024-06-29 20:00:00,24.0,69,0.0,0.0,1000.2,14.4,38.5,era5
2024-06-29 21:00:00,22.6,75,0.9,0.0,1000.6,14.8,32.4,era5
2024-06-29 22:00:00,20.9,83,0.1,0.0,1000.6,15.0,29.5,era5
2024-06-29 23:00:00,19.3,88,0.0,0.0,1001.1,12.9,30.6,era5
2024-06-30 00:00:00,18.7,73,0.0,0.0,1001.4,10.3,25.6,era5
2024-06-30 01:00:00,18.1,67,0.0,0.0,1001.8,11.3,23.0,era5
2024-06-30 02:00:00,17.1,70,0.0,0.0,1002.0,11.4,23.8,era5
2024-06-30 03:00:00,16.4,69,0.0,0.0,1002.3,10.8,23.8,era5
2024-06-30 04:00:00,14.5,81,0.0,0.0,1002.8,10.6,22.7,era5
2024-06-30 05:00:00,14.9,80,0.0,0.0,1002.7,9.7,23.0,era5
2024-06-30 06:00:00,15.5,76,0.0,0.0,1002.7,9.9,22.7,era5
2024-06-30 07:00:00,16.1,70,0.0,0.0,1002.7,12.5,28.8,era5
2024-06-30 08:00:00,17.1,64,0.0,0.0,1002.9,13.7,32.8,era5
2024-06-30 09:00:00,17.9,60,0.0,0.0,1003.3,14.1,33.5,era5
2024-06-30 10:00:00,19.1,52,0.0,0.0,1003.4,15.0,37.1,era5
2024-06-30 11:00:00,20.3,47,0.0,0.0,1003.4,17.4,41.4,era5
2024-06-30 12:00:00,20.7,45,0.0,0.0,1003.8,17.5,41.4,era5
2024-06-30 13:00:00,21.5,41,0.0,0.0,1003.7,16.9,40.7,era5
2024-06-30 14:00:00,21.7,40,0.0,0.0,1004.1,17.6,40.0,era5
2024-06-30 15:00:00,21.7,41,0.0,0.0,1004.6,17.5,40.7,era5
2024-06-30 16:00:00,21.0,44,0.0,0.0,1005.2,13.8,36.0,era5
2024-06-30 17:00:00,21.3,43,0.0,0.0,1005.2,13.8,32.4,era5
2024-06-30 18:00:00,21.4,42,0.0,0.0,1005.5,13.3,33.1,era5
2024-06-30 19:00:00,21.1,43,0.0,0.0,1005.4,11.2,30.6,era5
2024-06-30 20:00:00,20.3,50,0.0,0.0,1005.3,7.1,25.6,era5
2024-06-30 21:00:00,19.7,54,0.0,0.0,1005.7,7.0,14.8,era5
2024-06-30 22:00:00,17.9,62,0.0,0.0,1006.2,8.1,15.5,era5
2024-06-30 23:00:00,16.3,67,0.0,0.0,1006.5,6.6,15.5,era5
2024-07-01 00:00:00,15.6,68,0.0,0.0,1006.9,10.0,16.2,era5
2024-07-01 01:00:00,14.8,68,0.0,0.0,1007.1,9.7,16.9,era5
2024-07-01 02:00:00,13.8,72,0.0,0.0,1007.4,5.8,15.8,era5
2024-07-01 03:00:00,13.3,76,0.0,0.0,1007.3,6.0,9.7,era5
2024-07-01 04:00:00,13.1,82,0.0,0.0,1007.5,5.4,11.9,era5
2024-07-01 05:00:00,14.5,76,0.0,0.0,1007.6,3.2,7.9,era5
2024-07-01 06:00:00,15.4,74,0.0,0.0,1007.7,0.4,6.1,era5
2024-07-01 07:00:00,16.4,68,0.0,0.0,1007.4,2.4,9.0,era5
2024-07-01 08:00:00,17.2,64,0.0,0.0,1007.3,5.0,14.8,era5
2024-07-01 09:00:00,17.0,64,0.0,0.0,1007.1,5.9,15.5,era5
2024-07-01 10:00:00,17.1,64,0.0,0.0,1006.8,5.1,15.5,era5
2024-07-01 11:00:00,17.4,63,0.0,0.0,1006.7,4.4,13.7,era5
2024-07-01 12:00:00,18.2,58,0.0,0.0,1006.5,4.0,13.3,era5
2024-07-01 13:00:00,17.7,58,0.0,0.0,1006.3,7.8,17.6,era5
2024-07-01 14:00:00,18.0,56,0.0,0.0,1005.7,8.2,20.2,era5
2024-07-01 15:00:00,18.6,54,0.0,0.0,1005.1,9.6,23.4,era5
2024-07-01 16:00:00,18.0,61,0.0,0.0,1005.0,14.5,33.1,era5
2024-07-01 17:00:00,16.4,75,0.1,0.0,1004.8,11.8,33.5,era5
2024-07-01 18:00:00,16.6,77,0.0,0.0,1004.4,13.5,30.2,era5
2024-07-01 19:00:00,15.4,84,0.1,0.0,1003.9,10.3,31.0,era5
2024-07-01 20:00:00,15.1,86,0.0,0.0,1003.2,10.0,23.4,era5
2024-07-01 21:00:00,14.8,86,0.1,0.0,1002.6,9.2,21.6,era5
2024-07-01 22:00:00,14.1,89,1.0,0.0,1002.2,10.0,19.8,era5
2024-07-01 23:00:00,13.0,99,2.7,0.0,1001.4,8.5,19.1,era5
2024-07-02 00:00:00,12.7,99,2.5,0.0,1000.1,10.6,21.6,era5
2024-07-02 01:00:00,12.3,99,1.9,0.0,999.4,12.0,24.8,era5
2024-07-02 02:00:00,12.2,99,0.8,0.0,998.0,15.4,32.0,era5
2024-07-02 03:00:00,12.0,99,1.2,0.0,996.5,15.4,32.4,era5
2024-07-02 04:00:00,11.9,99,1.0,0.0,996.1,14.3,29.5,era5
2024-07-02 05:00:00,12.3,96,0.5,0.0,994.9,15.9,32.0,era5
2024-07-02 06:00:00,12.6,95,0.1,0.0,994.0,15.4,33.1,era5
2024-07-02 07:00:00,12.8,95,0.1,0.0,992.8,15.2,32.0,era5
2024-07-02 08:00:00,13.3,93,0.0,0.0,991.9,16.8,34.9,era5
2024-07-02 09:00:00,13.6,92,0.4,0.0,991.5,15.5,34.2,era5
2024-07-02 10:00:00,13.6,91,0.1,0.0,991.1,15.4,34.6,era5
2024-07-02 11:00:00,13.7,92,0.2,0.0,990.8,12.5,32.4,era5
2024-07-02 12:00:00,13.9,91,0.3,0.0,990.9,11.2,28.4,era5
2024-07-02 13:00:00,14.2,92,0.6,0.0,990.8,6.2,23.8,era5
2024-07-02 14:00:00,14.7,91,0.5,0.0,991.1,3.6,14.0,era5
2024-07-02 15:00:00,14.6,92,0.1,0.0,991.3,7.3,16.6,era5
2024-07-02 16:00:00,14.4,93,0.1,0.0,992.2,7.2,16.6,era5
2024-07-02 17:00:00,15.6,87,0.0,0.0,992.2,8.9,23.4,era5
2024-07-02 18:00:00,16.9,84,0.1,0.0,992.1,7.0,26.6,era5
2024-07-02 19:00:00,17.7,81,0.1,0.0,992.1,11.8,33.5,era5
2024-07-02 20:00:00,17.5,78,0.5,0.0,992.3,8.4,33.5,era5
2024-07-02 21:00:00,17.3,78,0.1,0.0,992.4,8.5,17.6,era5
2024-07-02 22:00:00,16.1,82,0.0,0.0,992.8,8.9,20.9,era5
2024-07-02 23:00:00,15.0,85,0.0,0.0,993.1,8.2,16.2,era5
2024-07-03 00:00:00,14.1,87,0.0,0.0,993.1,7.2,14.0,era5
2024-07-03 01:00:00,13.1,89,0.0,0.0,993.0,6.5,11.9,era5
2024-07-03 02:00:00,12.8,90,0.0,0.0,993.3,9.1,14.8,era5
2024-07-03 03:00:00,12.5,92,0.0,0.0,993.4,10.1,17.3,era5
2024-07-03 04:00:00,12.9,92,0.0,0.0,993.4,10.6,19.8,era5
2024-07-03 05:00:00,13.5,90,0.0,0.0,993.6,11.7,23.4,era5
2024-07-03 06:00:00,14.4,82,0.0,0.0,993.6,12.7,29.5,era5
2024-07-03 07:00:00,14.9,78,0.0,0.0,993.6,15.5,34.9,era5
2024-07-03 08:00:00,15.6,73,0.0,0.0,993.5,15.0,34.2,era5
2024-07-03 09:00:00,16.3,67,0.1,0.0,993.5,15.0,34.6,era5
2024-07-03 10:00:00,17.1,64,0.0,0.0,993.8,15.0,34.6,era5
2024-07-03 11:00:00,17.5,63,0.0,0.0,994.3,13.7,34.9,era5
2024-07-03 12:00:00,18.1,60,0.1,0.0,994.7,15.4,36.0,era5
2024-07-03 13:00:00,18.9,56,0.2,0.0,994.7,12.7,35.6,era5
2024-07-03 14:00:00,19.7,53,0.0,0.0,994.9,9.6,29.9,era5
2024-07-03 15:00:00,20.0,51,0.0,0.0,995.2,9.0,25.6,era5
2024-07-03 16:00:00,19.0,53,0.0,0.0,996.0,7.9,22.3,era5
2024-07-03 17:00:00,18.8,53,0.0,0.0,996.1,7.0,23.0,era5
2024-07-03 18:00:00,18.2,54,0.0,0.0,996.2,8.4,20.9,era5
2024-07-03 19:00:00,16.9,57,0.0,0.0,996.1,12.0,27.4,era5
2024-07-03 20:00:00,16.3,59,0.0,0.0,996.1,9.6,27.7,era5
2024-07-03 21:00:00,16.0,63,0.0,0.0,996.2,8.0,20.9,era5
2024-07-03 22:00:00,15.5,67,0.0,0.0,996.6,5.4,16.9,era5
2024-07-03 23:00:00,14.9,69,0.0,0.0,996.3,7.9,13.3,era5
2024-07-04 00:00:00,14.1,73,0.0,0.0,996.6,8.3,14.0,era5
2024-07-04 01:00:00,13.7,77,0.0,0.0,997.3,7.2,13.7,era5
2024-07-04 02:00:00,12.8,83,0.0,0.0,997.8,10.2,16.9,era5
2024-07-04 03:00:00,11.9,87,0.0,0.0,998.4,11.1,21.2,era5
2024-07-04 04:00:00,11.8,86,0.0,0.0,999.4,11.6,24.5,era5
2024-07-04 05:00:00,12.3,83,0.0,0.0,1000.3,9.7,23.0,era5
2024-07-04 06:00:00,12.8,74,0.0,0.0,1000.9,10.0,23.4,era5
2024-07-04 07:00:00,13.5,69,0.0,0.0,1001.7,9.2,23.4,era5
2024-07-04 08:00:00,14.4,64,0.0,0.0,1002.3,8.7,23.4,era5
2024-07-04 09:00:00,15.5,60,0.0,0.0,1002.7,8.7,23.8,era5
2024-07-04 10:00:00,16.9,54,0.0,0.0,1003.4,9.7,24.5,era5
2024-07-04 11:00:00,18.3,47,0.0,0.0,1003.7,13.7,34.2,era5
2024-07-04 12:00:00,18.0,49,0.0,0.0,1004.5,12.4,33.5,era5
2024-07-04 13:00:00,19.0,47,0.0,0.0,1004.7,10.2,29.2,era5
2024-07-04 14:00:00,19.1,49,0.0,0.0,1005.3,10.6,25.9,era5
2024-07-04 15:00:00,18.6,53,0.0,0.0,1005.9,9.5,26.3,era5
2024-07-04 16:00:00,19.3,49,0.0,0.0,1006.4,9.0,23.8,era5
2024-07-04 17:00:00,19.1,51,0.0,0.0,1006.6,7.2,21.6,era5
2024-07-04 18:00:00,19.3,51,0.0,0.0,1006.8,9.5,22.0,era5
2024-07-04 19:00:00,18.2,59,0.0,0.0,1007.0,14.5,32.0,era5
2024-07-04 20:00:00,17.1,70,0.0,0.0,1007.1,11.3,32.4,era5
2024-07-04 21:00:00,16.6,75,0.0,0.0,1007.0,13.4,27.4,era5
2024-07-04 22:00:00,15.8,80,0.0,0.0,1007.2,11.1,27.7,era5
2024-07-04 23:00:00,15.1,83,0.0,0.0,1007.3,8.3,22.0,era5
2024-07-05 00:00:00,14.8,84,0.0,0.0,1007.4,9.5,16.6,era5
2024-07-05 01:00:00,14.8,86,0.0,0.0,1007.5,8.9,17.3,era5
2024-07-05 02:00:00,15.0,88,0.1,0.0,1007.5,8.9,16.2,era5
2024-07-05 03:00:00,14.9,90,0.2,0.0,1007.5,10.9,20.5,era5
2024-07-05 04:00:00,15.2,91,0.3,0.0,1007.8,10.8,21.2,era5
2024-07-05 05:00:00,15.4,92,0.2,0.0,1007.4,8.7,20.5,era5
2024-07-05 06:00:00,16.3,89,0.0,0.0,1007.3,8.3,17.3,era5
2024-07-05 07:00:00,17.1,85,0.0,0.0,1006.9,10.5,22.0,era5
2024-07-05 08:00:00,18.5,77,0.0,0.0,1006.6,12.4,29.5,era5
2024-07-05 09:00:00,19.0,73,0.0,0.0,1006.3,15.2,34.6,era5
2024-07-05 10:00:00,20.0,68,0.0,0.0,1005.7,17.0,38.9,era5
2024-07-05 11:00:00,20.5,64,0.0,0.0,1005.2,17.6,40.3,era5
2024-07-05 12:00:00,18.8,73,0.1,0.0,1005.3,17.4,40.7,era5
2024-07-05 13:00:00,16.9,87,0.9,0.0,1004.8,15.3,38.5,era5
2024-07-05 14:00:00,17.1,85,0.3,0.0,1004.0,14.0,31.3,era5
2024-07-05 15:00:00,17.1,83,0.1,0.0,1002.8,14.4,30.2,era5
2024-07-05 16:00:00,18.0,79,0.0,0.0,1003.0,15.3,35.3,era5
2024-07-05 17:00:00,18.4,78,0.1,0.0,1001.8,17.1,38.9,era5
2024-07-05 18:00:00,19.5,76,0.0,0.0,1000.3,15.9,38.9,era5
2024-07-05 19:00:00,18.2,88,3.2,0.0,999.4,16.3,36.7,era5
2024-07-05 20:00:00,17.5,96,1.0,0.0,998.7,19.2,45.0,era5
2024-07-05 21:00:00,17.8,94,0.2,0.0,998.0,19.5,46.4,era5
2024-07-05 22:00:00,17.5,97,0.1,0.0,997.8,19.3,40.3,era5
2024-07-05 23:00:00,17.3,97,0.1,0.0,997.8,18.7,40.0,era5
2024-07-06 00:00:00,16.7,98,0.2,0.0,997.9,16.9,38.5,era5
2024-07-06 01:00:00,16.6,99,0.1,0.0,997.8,15.8,34.2,era5
2024-07-06 02:00:00,16.7,100,0.0,0.0,997.8,14.9,32.4,era5
2024-07-06 03:00:00,16.5,100,0.1,0.0,998.0,13.4,30.2,era5
2024-07-06 04:00:00,16.4,99,0.0,0.0,997.8,10.9,22.3,era5
2024-07-06 05:00:00,16.2,98,0.0,0.0,997.7,8.7,22.7,era5
2024-07-06 06:00:00,15.8,100,0.3,0.0,998.2,6.0,18.0,era5
2024-07-06 07:00:00,15.7,100,0.4,0.0,998.4,5.4,11.5,era5
2024-07-06 08:00:00,15.3,100,0.4,0.0,998.1,6.3,13.0,era5
2024-07-06 09:00:00,15.4,93,0.1,0.0,998.0,6.9,16.6,era5
2024-07-06 10:00:00,15.8,88,0.0,0.0,998.2,6.4,15.8,era5
2024-07-06 11:00:00,15.8,87,0.2,0.0,998.0,6.9,15.8,era5
2024-07-06 12:00:00,16.3,86,0.1,0.0,998.0,4.3,17.3,era5
2024-07-06 13:00:00,15.4,99,0.9,0.0,997.5,3.3,12.6,era5
2024-07-06 14:00:00,15.5,100,1.8,0.0,997.2,5.8,12.6,era5
2024-07-06 15:00:00,15.6,99,1.9,0.0,997.5,5.8,14.4,era5
2024-07-06 16:00:00,14.3,99,1.9,0.0,996.5,12.4,24.8,era5
2024-07-06 17:00:00,13.6,99,2.1,0.0,996.6,14.1,29.9,era5
2024-07-06 18:00:00,13.2,99,2.3,0.0,997.6,16.2,32.0,era5
2024-07-06 19:00:00,12.8,99,2.4,0.0,998.2,16.9,37.8,era5
2024-07-06 20:00:00,12.4,99,1.1,0.0,998.6,8.3,34.6,era5
2024-07-06 21:00:00,12.6,99,0.2,0.0,999.3,8.2,16.2,era5
2024-07-06 22:00:00,12.7,100,0.3,0.0,999.9,10.0,20.2,era5
2024-07-06 23:00:00,12.5,100,0.1,0.0,1000.6,9.8,20.2,era5
2024-07-07 00:00:00,12.2,99,0.1,0.0,1001.1,9.3,20.5,era5
2024-07-07 01:00:00,12.2,98,0.0,0.0,1001.9,10.3,19.8,era5
2024-07-07 02:00:00,12.1,98,0.0,0.0,1002.2,9.7,20.2,era5
2024-07-07 03:00:00,12.0,98,0.0,0.0,1002.7,10.0,18.7,era5
2024-07-07 04:00:00,11.9,96,0.0,0.0,1003.3,9.5,19.8,era5
2024-07-07 05:00:00,12.1,96,0.0,0.0,1003.6,11.9,23.4,era5
2024-07-07 06:00:00,12.9,96,0.0,0.0,1004.0,12.0,25.9,era5
2024-07-07 07:00:00,13.9,92,0.0,0.0,1004.2,16.1,37.8,era5
2024-07-07 08:00:00,14.8,85,0.0,0.0,1004.6,17.2,40.7,era5
2024-07-07 09:00:00,15.8,79,0.0,0.0,1005.0,18.8,46.4,era5
2024-07-07 10:00:00,17.0,64,0.0,0.0,1005.0,20.3,45.4,era5
2024-07-07 11:00:00,17.9,57,0.1,0.0,1005.3,23.8,52.2,era5
2024-07-07 12:00:00,17.5,64,0.1,0.0,1005.7,21.7,55.1,era5
2024-07-07 13:00:00,17.2,65,0.1,0.0,1006.0,24.1,54.4,era5
2024-07-07 14:00:00,16.5,72,0.4,0.0,1006.1,19.8,52.9,era5
2024-07-07 15:00:00,15.2,83,0.7,0.0,1006.0,18.2,42.5,era5
2024-07-07 16:00:00,15.3,82,0.5,0.0,1005.0,21.4,43.9,era5
2024-07-07 17:00:00,15.5,87,0.8,0.0,1004.1,23.7,49.0,era5
2024-07-07 18:00:00,15.9,89,0.8,0.0,1003.4,26.2,54.4,era5
2024-07-07 19:00:00,16.1,90,0.6,0.0,1003.0,25.0,54.7,era5
2024-07-07 20:00:00,15.5,99,3.6,0.0,1002.6,22.0,51.1,era5
2024-07-07 21:00:00,15.7,100,2.3,0.0,1002.8,20.3,52.6,era5
2024-07-07 22:00:00,16.0,100,1.2,0.0,1003.1,19.5,42.5,era5
2024-07-07 23:00:00,16.1,100,0.3,0.0,1003.1,18.1,41.0,era5
2024-07-08 00:00:00,16.1,100,0.3,0.0,1003.3,18.8,41.0,era5
2024-07-08 01:00:00,15.6,100,4.9,0.0,1003.6,14.8,40.7,era5
2024-07-08 02:00:00,16.2,99,0.5,0.0,1003.7,20.6,42.8,era5
2024-07-08 03:00:00,15.9,100,0.0,0.0,1004.3,16.1,42.8,era5
2024-07-08 04:00:00,15.4,99,0.0,0.0,1005.4,14.3,36.0,era5
2024-07-08 05:00:00,15.1,95,0.3,0.0,1005.7,17.7,35.3,era5
2024-07-08 06:00:00,15.5,97,0.5,0.0,1006.3,16.9,36.7,era5
2024-07-08 07:00:00,15.7,88,0.4,0.0,1006.2,21.4,44.6,era5
2024-07-08 08:00:00,15.8,86,0.4,0.0,1006.7,23.4,50.0,era5
2024-07-08 09:00:00,16.5,74,0.4,0.0,1007.2,23.3,48.6,era5
2024-07-08 10:00:00,17.3,69,0.1,0.0,1007.8,23.4,54.4,era5
2024-07-08 11:00:00,17.9,62,0.1,0.0,1008.2,23.8,53.3,era5
2024-07-08 12:00:00,18.4,61,0.1,0.0,1008.5,25.8,56.9,era5
2024-07-08 13:00:00,18.7,59,0.2,0.0,1009.2,25.4,56.9,era5
2024-07-08 14:00:00,18.9,58,0.1,0.0,1009.8,24.8,56.5,era5
2024-07-08 15:00:00,19.5,54,0.0,0.0,1010.1,22.9,55.1,era5
2024-07-08 16:00:00,19.1,57,0.0,0.0,1011.0,20.7,50.4,era5
2024-07-08 17:00:00,19.4,56,0.0,0.0,1011.2,20.8,47.2,era5
2024-07-08 18:00:00,19.2,57,0.0,0.0,1011.6,19.2,46.8,era5
2024-07-08 19:00:00,18.7,59,0.0,0.0,1012.0,18.2,42.8,era5
2024-07-08 20:00:00,18.2,63,0.0,0.0,1011.9,14.7,39.6,era5
2024-07-08 21:00:00,17.4,70,0.0,0.0,1012.1,12.3,31.7,era5
2024-07-08 22:00:00,16.4,75,0.0,0.0,1012.3,11.2,26.3,era5
2024-07-08 23:00:00,15.2,81,0.0,0.0,1012.7,8.5,22.3,era5
2024-07-09 00:00:00,14.8,83,0.0,0.0,1012.8,8.7,14.8,era5
2024-07-09 01:00:00,14.3,85,0.0,0.0,1013.0,9.0,15.1,era5
2024-07-09 02:00:00,13.5,89,0.0,0.0,1013.1,8.8,15.1,era5
2024-07-09 03:00:00,13.4,90,0.0,0.0,1013.2,8.0,14.4,era5
2024-07-09 04:00:00,13.4,92,0.0,0.0,1013.7,8.1,14.8,era5
2024-07-09 05:00:00,14.0,92,0.0,0.0,1013.7,8.6,16.2,era5
2024-07-09 06:00:00,14.8,88,0.0,0.0,1013.7,9.7,22.3,era5
2024-07-09 07:00:00,15.6,84,0.0,0.0,1013.5,10.2,28.1,era5
2024-07-09 08:00:00,16.4,80,0.0,0.0,1013.4,10.3,28.4,era5
2024-07-09 09:00:00,16.9,77,0.0,0.0,1013.3,10.9,30.2,era5
2024-07-09 10:00:00,17.8,72,0.0,0.0,1013.2,11.8,31.7,era5
2024-07-09 11:00:00,18.8,66,0.1,0.0,1013.0,12.7,33.1,era5
2024-07-09 12:00:00,19.1,62,0.1,0.0,1013.0,12.7,33.1,era5
2024-07-09 13:00:00,17.4,77,1.9,0.0,1013.4,10.2,31.3,era5
2024-07-09 14:00:00,16.0,81,4.4,0.0,1014.2,11.5,28.8,era5
2024-07-09 15:00:00,16.7,79,0.2,0.0,1014.1,5.1,27.7,era5
2024-07-09 16:00:00,18.0,64,0.1,0.0,1014.3,5.4,20.2,era5
2024-07-09 17:00:00,18.4,68,0.0,0.0,1014.1,6.9,21.6,era5
2024-07-09 18:00:00,18.5,66,0.0,0.0,1014.1,8.1,23.4,era5
2024-07-09 19:00:00,17.1,73,1.4,0.0,1014.5,7.5,22.7,era5
2024-07-09 20:00:00,14.5,90,4.6,0.0,1015.3,5.8,23.8,era5
2024-07-09 21:00:00,14.2,96,0.1,0.0,1015.6,0.0,13.7,era5
2024-07-09 22:00:00,13.9,99,0.0,0.0,1015.8,1.8,5.4,era5
2024-07-09 23:00:00,12.9,99,0.0,0.0,1016.0,4.1,7.2,era5
2024-07-10 00:00:00,13.4,96,0.0,0.0,1016.2,5.7,10.8,era5
2024-07-10 01:00:00,13.0,96,0.0,0.0,1016.6,5.9,10.1,era5
2024-07-10 02:00:00,11.9,97,0.0,0.0,1017.2,5.8,9.7,era5
2024-07-10 03:00:00,11.9,97,0.0,0.0,1017.6,5.5,9.4,era5
2024-07-10 04:00:00,12.9,96,0.0,0.0,1018.3,6.1,12.2,era5
2024-07-10 05:00:00,13.3,95,0.0,0.0,1018.8,4.8,10.1,era5
2024-07-10 06:00:00,14.5,90,0.0,0.0,1019.3,2.5,9.7,era5
2024-07-10 07:00:00,15.3,87,0.0,0.0,1019.5,2.4,10.8,era5
2024-07-10 08:00:00,16.2,79,0.3,0.0,1019.7,4.0,16.9,era5
2024-07-10 09:00:00,16.8,74,1.9,0.0,1019.9,5.4,18.7,era5
2024-07-10 10:00:00,17.2,77,1.8,0.0,1020.1,3.6,20.5,era5
2024-07-10 11:00:00,15.6,82,4.3,0.0,1020.6,4.9,24.5,era5
2024-07-10 12:00:00,16.8,73,0.1,0.0,1020.8,5.5,19.4,era5
2024-07-10 13:00:00,16.0,78,1.5,0.0,1021.4,2.1,18.4,era5
2024-07-10 14:00:00,16.6,77,0.0,0.0,1021.4,8.0,22.0,era5
2024-07-10 15:00:00,17.3,74,0.5,0.0,1021.4,4.6,25.6,era5
2024-07-10 16:00:00,16.3,78,0.1,0.0,1022.7,8.6,26.3,era5
2024-07-10 17:00:00,15.8,79,0.0,0.0,1022.4,1.9,27.0,era5
2024-07-10 18:00:00,15.7,80,0.0,0.0,1022.8,2.3,10.1,era5
2024-07-10 19:00:00,15.6,82,0.0,0.0,1022.9,1.9,10.8,era5
2024-07-10 20:00:00,15.2,79,0.0,0.0,1023.5,8.2,21.2,era5
2024-07-10 21:00:00,14.4,84,0.0,0.0,1023.8,4.2,19.4,era5
2024-07-10 22:00:00,13.7,91,0.0,0.0,1024.1,4.7,10.1,era5
2024-07-10 23:00:00,13.2,93,0.0,0.0,1024.3,4.3,9.4,era5
2024-07-11 00:00:00,11.5,97,0.0,0.0,1024.6,6.6,8.6,era5
2024-07-11 01:00:00,11.9,97,0.0,0.0,1024.8,4.9,8.6,era5
2024-07-11 02:00:00,12.2,99,0.0,0.0,1025.2,3.7,6.8,era5
2024-07-11 03:00:00,11.0,100,0.0,0.0,1025.4,3.1,5.0,era5
2024-07-11 04:00:00,10.9,100,0.0,0.0,1025.6,5.6,11.9,era5
2024-07-11 05:00:00,11.7,99,0.0,0.0,1025.8,3.9,11.2,era5
2024-07-11 06:00:00,12.6,98,0.0,0.0,1025.8,3.2,10.4,era5
2024-07-11 07:00:00,14.0,91,0.0,0.0,1025.8,5.2,15.5,era5
2024-07-11 08:00:00,14.8,87,0.0,0.0,1025.9,7.2,20.2,era5
2024-07-11 09:00:00,15.7,83,0.0,0.0,1025.6,8.3,23.8,era5
2024-07-11 10:00:00,16.9,75,0.0,0.0,1025.2,8.4,23.8,era5
2024-07-11 11:00:00,18.2,67,0.0,0.0,1024.8,8.7,23.8,era5
2024-07-11 12:00:00,18.8,62,0.0,0.0,1024.5,9.0,24.5,era5
2024-07-11 13:00:00,19.1,59,0.0,0.0,1024.2,9.0,24.8,era5
2024-07-11 14:00:00,19.4,57,0.0,0.0,1023.7,9.4,24.5,era5
2024-07-11 15:00:00,19.2,58,0.0,0.0,1023.0,10.0,25.2,era5
2024-07-11 16:00:00,19.5,53,0.0,0.0,1022.5,12.4,29.2,era5
2024-07-11 17:00:00,19.3,55,0.0,0.0,1021.8,12.8,30.6,era5
2024-07-11 18:00:00,18.1,63,0.0,0.0,1021.4,11.3,29.5,era5
2024-07-11 19:00:00,17.1,70,0.0,0.0,1020.8,11.8,25.2,era5
2024-07-11 20:00:00,16.6,72,0.0,0.0,1020.0,11.7,24.5,era5
2024-07-11 21:00:00,16.3,73,0.0,0.0,1019.6,12.4,25.6,era5
2024-07-11 22:00:00,16.0,76,0.0,0.0,1019.1,12.8,26.6,era5
2024-07-11 23:00:00,15.5,82,0.1,0.0,1018.8,13.1,27.7,era5
2024-07-12 00:00:00,15.1,83,0.3,0.0,1018.1,12.7,27.0,era5
2024-07-12 01:00:00,14.8,84,0.3,0.0,1017.3,13.8,26.6,era5
2024-07-12 02:00:00,14.4,88,0.4,0.0,1016.6,14.5,28.4,era5
2024-07-12 03:00:00,14.1,91,0.2,0.0,1015.6,14.0,28.1,era5
2024-07-12 04:00:00,13.3,100,0.6,0.0,1015.6,13.2,28.1,era5
2024-07-12 05:00:00,13.5,100,1.0,0.0,1015.2,13.6,27.4,era5
2024-07-12 06:00:00,13.8,99,1.3,0.0,1014.4,13.0,27.4,era5
2024-07-12 07:00:00,14.2,100,0.5,0.0,1013.6,12.8,26.3,era5
2024-07-12 08:00:00,15.1,95,0.3,0.0,1012.5,16.7,33.5,era5
2024-07-12 09:00:00,15.4,100,0.5,0.0,1011.8,16.1,35.3,era5
2024-07-12 10:00:00,15.3,100,0.7,0.0,1011.0,16.1,34.6,era5
2024-07-12 11:00:00,15.6,100,1.3,0.0,1010.4,16.3,34.2,era5
2024-07-12 12:00:00,15.5,100,2.0,0.0,1009.8,15.7,33.5,era5
2024-07-12 13:00:00,15.4,100,2.3,0.0,1009.2,16.0,33.8,era5
2024-07-12 14:00:00,15.4,100,1.1,0.0,1008.7,14.7,33.1,era5
2024-07-12 15:00:00,15.8,97,0.4,0.0,1008.2,15.1,31.7,era5
2024-07-12 16:00:00,15.8,97,0.1,0.0,1008.2,17.2,36.0,era5
2024-07-12 17:00:00,15.8,97,0.2,0.0,1007.8,14.1,34.9,era5
2024-07-12 18:00:00,15.6,100,0.3,0.0,1007.6,11.5,28.8,era5
2024-07-12 19:00:00,15.8,98,0.0,0.0,1007.3,8.7,22.3,era5
2024-07-12 20:00:00,16.0,98,0.0,0.0,1007.2,4.6,16.6,era5
2024-07-12 21:00:00,16.0,98,0.0,0.0,1007.2,1.3,10.4,era5
2024-07-12 22:00:00,15.8,99,0.1,0.0,1007.1,5.8,10.1,era5
2024-07-12 23:00:00,15.7,99,0.0,0.0,1007.3,8.7,16.6,era5
2024-07-13 00:00:00,15.5,99,0.0,0.0,1007.5,11.2,21.6,era5
2024-07-13 01:00:00,15.3,100,0.1,0.0,1007.7,11.2,23.4,era5
2024-07-13 02:00:00,15.2,100,0.1,0.0,1008.1,11.6,23.8,era5
2024-07-13 03:00:00,15.2,98,0.3,0.0,1008.6,13.8,27.7,era5
2024-07-13 04:00:00,15.2,97,0.0,0.0,1009.1,17.3,34.6,era5
2024-07-13 05:00:00,14.8,97,0.0,0.0,1010.0,20.3,41.4,era5
2024-07-13 06:00:00,13.8,94,0.0,0.0,1010.9,20.9,44.3,era5
2024-07-13 07:00:00,13.4,91,0.0,0.0,1011.4,21.6,45.7,era5
2024-07-13 08:00:00,13.6,87,0.0,0.0,1012.2,20.6,49.3,era5
2024-07-13 09:00:00,13.8,84,0.0,0.0,1012.8,22.1,49.0,era5
2024-07-13 10:00:00,13.7,82,0.0,0.0,1013.5,21.7,49.0,era5
2024-07-13 11:00:00,14.1,79,0.0,0.0,1014.2,22.4,49.7,era5
2024-07-13 12:00:00,14.9,74,0.0,0.0,1014.6,22.4,50.8,era5
2024-07-13 13:00:00,15.4,71,0.0,0.0,1015.0,21.0,49.0,era5
2024-07-13 14:00:00,16.0,68,0.0,0.0,1015.5,19.7,47.2,era5
2024-07-13 15:00:00,15.9,68,0.0,0.0,1016.0,17.9,44.3,era5
2024-07-13 16:00:00,15.8,64,0.0,0.0,1016.9,18.1,43.6,era5
2024-07-13 17:00:00,15.9,63,0.0,0.0,1017.0,16.3,40.7,era5
2024-07-13 18:00:00,16.0,63,0.0,0.0,1017.4,16.0,37.8,era5
2024-07-13 19:00:00,15.8,64,0.0,0.0,1017.5,14.8,35.6,era5
2024-07-13 20:00:00,15.3,64,0.0,0.0,1017.8,12.2,32.8,era5
2024-07-13 21:00:00,14.6,68,0.0,0.0,1017.7,9.9,27.0,era5
2024-07-13 22:00:00,13.6,73,0.0,0.0,1017.9,10.0,20.9,era5
2024-07-13 23:00:00,12.6,77,0.0,0.0,1018.2,10.8,20.5,era5
2024-07-14 00:00:00,11.6,79,0.0,0.0,1018.5,11.9,22.3,era5
2024-07-14 01:00:00,10.8,82,0.0,0.0,1018.7,10.3,22.3,era5
2024-07-14 02:00:00,10.2,88,0.0,0.0,1019.1,8.0,19.1,era5
2024-07-14 03:00:00,10.2,90,0.0,0.0,1019.3,5.4,13.0,era5
2024-07-14 04:00:00,9.5,95,0.0,0.0,1020.0,4.0,8.6,era5
2024-07-14 05:00:00,10.1,95,0.0,0.0,1020.1,4.8,9.0,era5
2024-07-14 06:00:00,11.2,84,0.0,0.0,1020.2,2.9,9.7,era5
2024-07-14 07:00:00,12.2,77,0.0,0.0,1020.2,3.3,11.5,era5
2024-07-14 08:00:00,13.4,72,0.0,0.0,1020.0,3.4,13.3,era5
2024-07-14 09:00:00,14.5,67,0.0,0.0,1019.7,3.1,13.7,era5
2024-07-14 10:00:00,15.4,65,0.0,0.0,1019.4,2.7,13.3,era5
2024-07-14 11:00:00,16.5,63,0.0,0.0,1019.1,3.4,15.1,era5
2024-07-14 12:00:00,17.5,60,0.0,0.0,1018.8,4.2,16.6,era5
2024-07-14 13:00:00,18.4,56,0.0,0.0,1018.5,4.2,16.9,era5
2024-07-14 14:00:00,19.1,54,0.0,0.0,1018.2,5.0,17.6,era5
2024-07-14 15:00:00,19.5,51,0.0,0.0,1018.0,6.2,19.1,era5
2024-07-14 16:00:00,19.0,48,0.0,0.0,1017.9,8.3,23.0,era5
2024-07-14 17:00:00,18.9,48,0.0,0.0,1017.8,8.6,23.4,era5
2024-07-14 18:00:00,18.6,51,0.0,0.0,1017.8,8.6,23.0,era5
2024-07-14 19:00:00,18.0,57,0.0,0.0,1017.7,8.3,21.2,era5
2024-07-14 20:00:00,17.4,65,0.0,0.0,1017.7,7.0,19.4,era5
2024-07-14 21:00:00,16.1,73,0.0,0.0,1017.8,7.8,14.4,era5
2024-07-14 22:00:00,14.4,78,0.0,0.0,1017.9,7.9,14.4,era5
2024-07-14 23:00:00,13.3,77,0.0,0.0,1018.2,9.1,14.0,era5
2024-07-15 00:00:00,12.6,76,0.0,0.0,1018.4,6.4,14.0,era5
2024-07-15 01:00:00,11.5,80,0.0,0.0,1018.3,6.2,12.6,era5
2024-07-15 02:00:00,11.1,80,0.0,0.0,1018.5,6.2,9.4,era5
2024-07-15 03:00:00,11.5,77,0.0,0.0,1018.6,5.8,9.7,era5
2024-07-15 04:00:00,10.8,82,0.0,0.0,1018.8,6.0,11.2,era5
2024-07-15 05:00:00,12.3,76,0.0,0.0,1018.8,5.7,9.4,era5
2024-07-15 06:00:00,13.4,76,0.0,0.0,1019.1,5.4,11.9,era5
2024-07-15 07:00:00,14.4,74,0.0,0.0,1019.1,5.0,14.0,era5
2024-07-15 08:00:00,15.7,72,0.0,0.0,1019.0,5.4,16.6,era5
2024-07-15 09:00:00,17.0,70,0.0,0.0,1018.7,5.5,17.3,era5
2024-07-15 10:00:00,18.2,67,0.0,0.0,1018.6,6.2,19.4,era5
2024-07-15 11:00:00,19.0,63,0.0,0.0,1018.3,6.9,20.9,era5
2024-07-15 12:00:00,19.7,60,0.0,0.0,1018.1,6.8,21.2,era5
2024-07-15 13:00:00,20.3,58,0.0,0.0,1017.9,7.6,22.7,era5
2024-07-15 14:00:00,20.6,57,0.0,0.0,1017.8,8.6,24.1,era5
2024-07-15 15:00:00,20.5,59,0.0,0.0,1017.7,9.4,25.9,era5
2024-07-15 16:00:00,19.8,59,0.0,0.0,1017.6,10.1,26.3,era5
2024-07-15 17:00:00,19.7,61,0.0,0.0,1017.2,9.6,25.9,era5
2024-07-15 18:00:00,19.0,61,0.0,0.0,1017.3,9.9,25.2,era5
2024-07-15 19:00:00,18.2,60,0.0,0.0,1017.3,8.4,24.1,era5
2024-07-15 20:00:00,17.1,67,0.0,0.0,1017.5,9.0,20.9,era5
2024-07-15 21:00:00,15.8,78,0.0,0.0,1017.4,6.9,20.2,era5
2024-07-15 22:00:00,14.5,85,0.0,0.0,1017.4,8.0,13.7,era5
2024-07-15 23:00:00,13.7,85,0.0,0.0,1017.5,5.9,13.3,era5
2024-07-16 00:00:00,11.9,88,0.0,0.0,1017.4,7.9,11.2,era5
2024-07-16 01:00:00,13.5,79,0.0,0.0,1017.3,5.0,10.4,era5
2024-07-16 02:00:00,12.9,81,0.0,0.0,1017.3,2.9,6.8,era5
2024-07-16 03:00:00,11.5,88,0.0,0.0,1017.4,2.3,4.3,era5
2024-07-16 04:00:00,10.6,93,0.0,0.0,1017.8,4.7,6.5,era5
2024-07-16 05:00:00,11.8,88,0.0,0.0,1017.5,2.2,6.5,era5
2024-07-16 06:00:00,13.6,85,0.0,0.0,1017.3,1.5,6.1,era5
2024-07-16 07:00:00,15.0,76,0.0,0.0,1017.0,1.0,6.8,era5
2024-07-16 08:00:00,16.4,69,0.0,0.0,1016.9,1.5,7.9,era5
2024-07-16 09:00:00,17.1,64,0.0,0.0,1016.9,6.8,18.7,era5
2024-07-16 10:00:00,17.1,66,0.0,0.0,1017.0,8.3,23.0,era5
2024-07-16 11:00:00,17.0,66,0.0,0.0,1016.9,6.5,22.7,era5
2024-07-16 12:00:00,17.4,63,0.0,0.0,1016.9,6.5,19.1,era5
2024-07-16 13:00:00,18.2,56,0.0,0.0,1016.7,6.2,19.4,era5
2024-07-16 14:00:00,18.2,55,0.0,0.0,1016.6,6.5,19.4,era5
2024-07-16 15:00:00,18.3,54,0.0,0.0,1016.4,6.6,19.4,era5
2024-07-16 16:00:00,20.3,50,0.0,0.0,1015.9,6.2,19.8,era5
2024-07-16 17:00:00,20.4,50,0.0,0.0,1015.6,5.8,18.0,era5
2024-07-16 18:00:00,19.9,54,0.0,0.0,1015.3,5.8,16.9,era5
2024-07-16 19:00:00,19.0,60,0.0,0.0,1015.5,5.9,15.5,era5
2024-07-16 20:00:00,17.6,71,0.0,0.0,1015.5,5.4,14.4,era5
2024-07-16 21:00:00,16.6,75,0.0,0.0,1015.4,4.5,11.5,era5
2024-07-16 22:00:00,16.0,77,0.0,0.0,1015.2,4.9,7.9,era5
2024-07-16 23:00:00,14.7,85,0.0,0.0,1015.3,6.0,7.6,era5
2024-07-17 00:00:00,13.9,85,0.0,0.0,1015.3,7.6,9.4,era5
2024-07-17 01:00:00,15.3,76,0.0,0.0,1015.4,5.9,9.4,era5
2024-07-17 02:00:00,15.3,77,0.0,0.0,1015.2,4.4,7.2,era5
2024-07-17 03:00:00,14.7,81,0.0,0.0,1015.1,6.3,8.3,era5
2024-07-17 04:00:00,12.7,94,0.0,0.0,1015.1,5.6,7.6,era5
2024-07-17 05:00:00,14.5,90,0.0,0.0,1015.4,4.5,7.9,era5
2024-07-17 06:00:00,16.0,86,0.0,0.0,1015.6,6.0,10.8,era5
2024-07-17 07:00:00,18.0,80,0.0,0.0,1015.5,4.0,11.2,era5
2024-07-17 08:00:00,19.8,72,0.0,0.0,1015.6,5.0,13.7,era5
2024-07-17 09:00:00,21.3,65,0.0,0.0,1015.5,6.0,16.9,era5
2024-07-17 10:00:00,22.5,59,0.0,0.0,1015.5,6.8,18.4,era5
2024-07-17 11:00:00,23.4,53,0.0,0.0,1015.3,6.8,18.7,era5
2024-07-17 12:00:00,24.1,49,0.0,0.0,1015.2,7.4,19.8,era5
2024-07-17 13:00:00,24.8,45,0.0,0.0,1015.3,7.8,21.2,era5
2024-07-17 14:00:00,24.6,46,0.0,0.0,1015.3,8.6,22.3,era5
2024-07-17 15:00:00,25.0,45,0.0,0.0,1015.1,8.8,23.4,era5
2024-07-17 16:00:00,25.5,43,0.0,0.0,1014.8,8.2,23.4,era5
2024-07-17 17:00:00,25.3,45,0.0,0.0,1014.8,6.8,21.2,era5
2024-07-17 18:00:00,24.9,47,0.0,0.0,1014.8,7.2,18.4,era5
2024-07-17 19:00:00,24.2,55,0.0,0.0,1014.7,5.7,17.6,era5
2024-07-17 20:00:00,22.9,69,0.0,0.0,1014.7,4.1,11.5,era5
2024-07-17 21:00:00,21.5,77,0.0,0.0,1014.8,4.7,9.0,era5
2024-07-17 22:00:00,19.9,76,0.0,0.0,1015.0,5.7,9.7,era5
2024-07-17 23:00:00,18.2,77,0.0,0.0,1015.1,5.7,10.1,era5
2024-07-18 00:00:00,17.3,80,0.0,0.0,1015.1,7.6,11.9,era5
2024-07-18 01:00:00,17.3,82,0.0,0.0,1015.2,10.3,17.6,era5
2024-07-18 02:00:00,16.8,87,0.0,0.0,1015.2,7.6,16.9,era5
2024-07-18 03:00:00,16.3,90,0.0,0.0,1015.6,7.9,13.0,era5
2024-07-18 04:00:00,16.2,93,0.0,0.0,1015.8,7.5,13.0,era5
2024-07-18 05:00:00,16.7,94,0.0,0.0,1015.9,6.9,13.3,era5
2024-07-18 06:00:00,18.1,89,0.0,0.0,1016.0,5.2,13.7,era5
2024-07-18 07:00:00,19.3,85,0.0,0.0,1015.9,3.4,12.6,era5
2024-07-18 08:00:00,20.5,80,0.0,0.0,1015.9,4.2,14.0,era5
2024-07-18 09:00:00,21.7,74,0.0,0.0,1015.9,5.5,16.6,era5
2024-07-18 10:00:00,22.6,70,0.0,0.0,1015.6,6.1,18.7,era5
2024-07-18 11:00:00,23.4,67,0.0,0.0,1015.5,6.6,20.5,era5
2024-07-18 12:00:00,24.0,64,0.1,0.0,1015.4,5.9,20.2,era5
2024-07-18 13:00:00,24.4,60,0.0,0.0,1015.3,6.3,20.5,era5
2024-07-18 14:00:00,23.5,64,1.3,0.0,1015.2,9.2,25.6,era5
2024-07-18 15:00:00,21.3,77,0.6,0.0,1015.3,4.0,26.3,era5
2024-07-18 16:00:00,22.8,73,0.1,0.0,1015.0,5.6,18.4,era5
2024-07-18 17:00:00,22.5,75,0.0,0.0,1015.1,7.8,22.0,era5
2024-07-18 18:00:00,20.9,80,0.9,0.0,1015.3,8.2,22.7,era5
2024-07-18 19:00:00,20.5,83,0.0,0.0,1015.2,3.6,21.2,era5
2024-07-18 20:00:00,20.1,84,0.0,0.0,1014.9,5.5,14.8,era5
2024-07-18 21:00:00,18.8,91,0.0,0.0,1015.1,5.1,14.4,era5
2024-07-18 22:00:00,18.2,92,0.0,0.0,1015.2,3.8,10.1,era5
2024-07-18 23:00:00,16.9,95,0.0,0.0,1015.2,4.4,6.8,era5
2024-07-19 00:00:00,16.2,94,0.0,0.0,1015.3,4.7,7.6,era5
2024-07-19 01:00:00,15.5,94,0.0,0.0,1015.4,5.1,8.3,era5
2024-07-19 02:00:00,15.6,93,0.0,0.0,1015.5,5.0,8.6,era5
2024-07-19 03:00:00,15.1,91,0.0,0.0,1015.3,4.6,8.6,era5
2024-07-19 04:00:00,15.6,92,0.0,0.0,1015.7,4.6,9.7,era5
2024-07-19 05:00:00,15.8,91,0.0,0.0,1015.7,1.5,6.5,era5
2024-07-19 06:00:00,16.1,95,0.1,0.0,1015.6,5.1,11.2,era5
2024-07-19 07:00:00,17.4,89,0.0,0.0,1015.5,6.9,17.3,era5
2024-07-19 08:00:00,18.6,82,0.0,0.0,1015.2,10.0,23.8,era5
2024-07-19 09:00:00,19.7,75,0.0,0.0,1015.2,8.7,23.8,era5
2024-07-19 10:00:00,20.3,69,0.0,0.0,1014.9,9.0,23.8,era5
2024-07-19 11:00:00,21.3,61,0.0,0.0,1014.7,9.2,24.8,era5
2024-07-19 12:00:00,22.3,57,0.0,0.0,1014.7,10.5,27.0,era5
2024-07-19 13:00:00,22.7,54,0.0,0.0,1014.6,11.8,29.2,era5
2024-07-19 14:00:00,23.0,53,0.0,0.0,1014.5,10.6,29.2,era5
2024-07-19 15:00:00,22.5,54,0.1,0.0,1014.4,8.7,26.6,era5
2024-07-19 16:00:00,22.0,58,0.3,0.0,1014.6,10.5,27.7,era5
2024-07-19 17:00:00,21.8,61,0.1,0.0,1014.6,9.5,25.9,era5
2024-07-19 18:00:00,21.5,62,0.2,0.0,1014.6,8.7,24.1,era5
2024-07-19 19:00:00,20.8,68,0.1,0.0,1014.7,6.0,21.2,era5
2024-07-19 20:00:00,20.1,77,0.0,0.0,1014.8,3.3,14.0,era5
2024-07-19 21:00:00,19.2,85,0.0,0.0,1014.9,3.6,7.6,era5
2024-07-19 22:00:00,18.1,89,0.0,0.0,1014.9,4.5,7.2,era5
2024-07-19 23:00:00,17.2,90,0.0,0.0,1014.8,6.6,10.8,era5
2024-07-20 00:00:00,16.4,92,0.0,0.0,1015.0,9.4,15.1,era5
2024-07-20 01:00:00,15.9,89,0.0,0.0,1015.5,12.3,23.4,era5
2024-07-20 02:00:00,14.7,92,0.0,0.0,1015.9,8.6,23.4,era5
2024-07-20 03:00:00,14.0,91,0.0,0.0,1016.3,7.4,15.1,era5
2024-07-20 04:00:00,12.9,92,0.0,0.0,1017.0,6.2,10.8,era5
2024-07-20 05:00:00,12.7,88,0.0,0.0,1017.3,5.6,13.7,era5
2024-07-20 06:00:00,13.0,85,0.0,0.0,1017.6,4.0,13.7,era5
2024-07-20 07:00:00,14.0,79,0.0,0.0,1017.6,2.9,11.9,era5
2024-07-20 08:00:00,15.3,71,0.0,0.0,1017.4,2.3,11.5,era5
2024-07-20 09:00:00,16.7,65,0.0,0.0,1017.2,2.9,12.2,era5
2024-07-20 10:00:00,18.2,60,0.0,0.0,1017.0,3.6,14.4,era5
2024-07-20 11:00:00,19.4,58,0.0,0.0,1016.9,3.6,15.1,era5
2024-07-20 12:00:00,20.5,53,0.0,0.0,1017.0,2.6,14.8,era5
2024-07-20 13:00:00,21.5,47,0.0,0.0,1017.0,2.9,14.0,era5
2024-07-20 14:00:00,22.1,44,0.0,0.0,1016.8,2.6,14.0,era5
2024-07-20 15:00:00,22.5,43,0.0,0.0,1016.6,3.4,14.4,era5
2024-07-20 16:00:00,22.2,48,0.0,0.0,1016.6,4.0,16.9,era5
2024-07-20 17:00:00,22.2,48,0.0,0.0,1016.4,4.0,15.1,era5
2024-07-20 18:00:00,21.8,51,0.0,0.0,1016.4,5.1,15.1,era5
2024-07-20 19:00:00,20.9,57,0.0,0.0,1016.6,7.1,17.6,era5
2024-07-20 20:00:00,19.5,63,0.0,0.0,1017.0,7.9,18.4,era5
2024-07-20 21:00:00,17.7,72,0.0,0.0,1017.1,5.1,15.8,era5
2024-07-20 22:00:00,16.4,77,0.0,0.0,1017.3,4.7,8.6,era5
2024-07-20 23:00:00,14.7,84,0.0,0.0,1017.5,7.7,10.1,era5
2024-07-21 00:00:00,15.1,77,0.0,0.0,1017.9,6.8,10.4,era5
2024-07-21 01:00:00,16.0,72,0.0,0.0,1017.9,5.0,8.6,era5
2024-07-21 02:00:00,15.8,72,0.0,0.0,1018.0,4.0,6.1,era5
2024-07-21 03:00:00,15.3,75,0.0,0.0,1018.3,1.8,5.0,era5
2024-07-21 04:00:00,14.0,82,0.0,0.0,1018.9,0.4,1.4,era5
2024-07-21 05:00:00,12.9,92,0.0,0.0,1018.9,1.1,2.9,era5
2024-07-21 06:00:00,14.2,91,0.0,0.0,1018.8,1.8,5.4,era5
2024-07-21 07:00:00,16.1,81,0.0,0.0,1018.9,0.4,6.1,era5
2024-07-21 08:00:00,18.1,66,0.0,0.0,1018.9,0.8,7.2,era5
2024-07-21 09:00:00,19.5,59,0.0,0.0,1018.8,1.8,10.1,era5
2024-07-21 10:00:00,20.6,56,0.0,0.0,1018.8,3.2,13.0,era5
2024-07-21 11:00:00,21.3,54,0.0,0.0,1018.8,4.7,15.5,era5
2024-07-21 12:00:00,21.7,54,0.0,0.0,1018.6,6.1,19.1,era5
2024-07-21 13:00:00,22.0,52,0.0,0.0,1018.5,7.2,21.6,era5
2024-07-21 14:00:00,22.4,51,0.0,0.0,1018.2,7.2,22.0,era5
2024-07-21 15:00:00,22.7,50,0.0,0.0,1018.0,7.2,21.2,era5
2024-07-21 16:00:00,23.5,46,0.0,0.0,1017.7,6.9,19.8,era5
2024-07-21 17:00:00,23.0,48,0.0,0.0,1017.4,9.0,23.4,era5
2024-07-21 18:00:00,21.9,53,0.0,0.0,1017.5,9.7,24.1,era5
2024-07-21 19:00:00,20.7,57,0.0,0.0,1017.7,9.7,24.1,era5
2024-07-21 20:00:00,19.5,56,0.0,0.0,1017.8,8.9,22.3,era5
2024-07-21 21:00:00,18.0,55,0.0,0.0,1017.9,8.0,18.7,era5
2024-07-21 22:00:00,16.6,55,0.0,0.0,1018.1,8.1,15.5,era5
2024-07-21 23:00:00,15.7,56,0.0,0.0,1018.3,7.3,14.4,era5
2024-07-22 00:00:00,14.3,65,0.0,0.0,1018.2,6.2,11.9,era5
2024-07-22 01:00:00,13.6,67,0.0,0.0,1018.4,7.2,10.4,era5
2024-07-22 02:00:00,13.2,67,0.0,0.0,1018.4,7.5,11.2,era5
2024-07-22 03:00:00,12.4,72,0.0,0.0,1018.5,8.2,11.9,era5
2024-07-22 04:00:00,11.9,77,0.0,0.0,1018.7,8.6,12.2,era5
2024-07-22 05:00:00,13.2,78,0.0,0.0,1018.8,5.2,11.5,era5
2024-07-22 06:00:00,14.5,78,0.0,0.0,1019.0,6.2,10.8,era5
2024-07-22 07:00:00,15.8,76,0.0,0.0,1019.2,4.7,13.3,era5
2024-07-22 08:00:00,17.2,71,0.0,0.0,1019.1,6.5,17.6,era5
2024-07-22 09:00:00,18.5,64,0.0,0.0,1018.9,6.5,19.1,era5
2024-07-22 10:00:00,19.7,55,0.0,0.0,1018.8,7.2,20.5,era5
2024-07-22 11:00:00,20.8,48,0.0,0.0,1018.8,8.0,22.3,era5
2024-07-22 12:00:00,21.7,42,0.0,0.0,1018.8,8.4,23.8,era5
2024-07-22 13:00:00,22.3,39,0.0,0.0,1018.7,9.3,25.2,era5
2024-07-22 14:00:00,22.7,38,0.0,0.0,1018.5,10.0,26.6,era5
2024-07-22 15:00:00,22.9,38,0.0,0.0,1018.3,10.0,26.6,era5
2024-07-22 16:00:00,23.7,38,0.0,0.0,1018.1,10.6,27.4,era5
2024-07-22 17:00:00,23.4,40,0.0,0.0,1018.0,10.5,26.6,era5
2024-07-22 18:00:00,22.8,46,0.0,0.0,1017.9,10.2,26.3,era5
2024-07-22 19:00:00,21.9,53,0.0,0.0,1018.1,10.0,24.5,era5
2024-07-22 20:00:00,20.5,60,0.0,0.0,1018.2,8.9,22.7,era5
2024-07-22 21:00:00,18.9,64,0.0,0.0,1018.3,8.6,18.4,era5
2024-07-22 22:00:00,17.4,66,0.0,0.0,1018.3,8.8,16.2,era5
2024-07-22 23:00:00,17.0,64,0.0,0.0,1018.5,9.0,14.4,era5
2024-07-23 00:00:00,15.6,71,0.0,0.0,1018.7,6.2,14.0,era5
2024-07-23 01:00:00,14.5,76,0.0,0.0,1018.6,8.1,11.2,era5
2024-07-23 02:00:00,13.8,80,0.0,0.0,1018.6,9.2,12.2,era5
2024-07-23 03:00:00,13.4,81,0.0,0.0,1018.6,9.2,12.2,era5
2024-07-23 04:00:00,13.1,83,0.0,0.0,1019.0,9.2,12.6,era5
2024-07-23 05:00:00,14.1,86,0.0,0.0,1019.0,8.0,12.2,era5
2024-07-23 06:00:00,16.5,78,0.0,0.0,1018.9,4.3,10.4,era5
2024-07-23 07:00:00,17.8,77,0.0,0.0,1018.9,4.4,11.5,era5
2024-07-23 08:00:00,19.3,72,0.0,0.0,1018.8,5.0,14.8,era5
2024-07-23 09:00:00,20.8,67,0.0,0.0,1018.4,5.8,17.3,era5
2024-07-23 10:00:00,22.3,59,0.0,0.0,1018.3,6.5,19.4,era5
2024-07-23 11:00:00,23.4,51,0.0,0.0,1018.1,7.6,22.0,era5
2024-07-23 12:00:00,24.2,49,0.0,0.0,1017.9,8.7,24.1,era5
2024-07-23 13:00:00,24.9,48,0.0,0.0,1017.6,9.0,24.8,era5
2024-07-23 14:00:00,25.3,46,0.0,0.0,1017.3,9.7,26.3,era5
2024-07-23 15:00:00,25.6,45,0.0,0.0,1017.1,10.1,27.0,era5
2024-07-23 16:00:00,25.8,41,0.0,0.0,1016.8,11.2,28.4,era5
2024-07-23 17:00:00,25.5,42,0.0,0.0,1016.5,10.9,28.4,era5
2024-07-23 18:00:00,24.8,45,0.0,0.0,1016.3,11.4,27.4,era5
2024-07-23 19:00:00,23.8,50,0.0,0.0,1016.4,11.2,27.4,era5
2024-07-23 20:00:00,22.5,54,0.0,0.0,1016.4,8.4,24.8,era5
2024-07-23 21:00:00,20.8,54,0.0,0.0,1016.1,8.7,17.3,era5
2024-07-23 22:00:00,19.2,56,0.0,0.0,1016.0,7.8,16.2,era5
2024-07-23 23:00:00,18.1,59,0.0,0.0,1016.1,6.6,13.0,era5
2024-07-24 00:00:00,16.7,66,0.0,0.0,1016.1,7.1,10.8,era5
2024-07-24 01:00:00,15.7,71,0.0,0.0,1016.1,8.7,11.5,era5
2024-07-24 02:00:00,15.1,73,0.0,0.0,1016.1,9.7,12.6,era5
2024-07-24 03:00:00,14.8,74,0.0,0.0,1016.1,9.7,13.0,era5
2024-07-24 04:00:00,14.3,78,0.0,0.0,1016.1,9.1,13.7,era5
2024-07-24 05:00:00,15.1,81,0.0,0.0,1016.1,6.3,11.5,era5
2024-07-24 06:00:00,17.0,75,0.0,0.0,1016.1,5.1,8.6,era5
2024-07-24 07:00:00,18.6,73,0.0,0.0,1016.1,3.4,10.1,era5
2024-07-24 08:00:00,20.6,67,0.0,0.0,1015.9,4.0,13.0,era5
2024-07-24 09:00:00,22.4,61,0.0,0.0,1015.7,4.7,15.1,era5
2024-07-24 10:00:00,23.8,55,0.0,0.0,1015.2,6.1,18.7,era5
2024-07-24 11:00:00,24.9,50,0.0,0.0,1015.3,7.2,21.6,era5
2024-07-24 12:00:00,25.8,46,0.0,0.0,1015.3,8.3,23.8,era5
2024-07-24 13:00:00,26.3,43,0.0,0.0,1015.1,9.0,25.2,era5
2024-07-24 14:00:00,26.6,43,0.0,0.0,1014.9,10.1,27.4,era5
2024-07-24 15:00:00,26.6,43,0.0,0.0,1014.6,10.2,27.4,era5
2024-07-24 16:00:00,26.8,41,0.0,0.0,1014.4,8.5,26.3,era5
2024-07-24 17:00:00,26.7,42,0.0,0.0,1014.2,7.6,22.3,era5
2024-07-24 18:00:00,26.2,47,0.0,0.0,1014.3,10.7,25.9,era5
2024-07-24 19:00:00,25.1,50,0.0,0.0,1014.4,9.4,25.9,era5
2024-07-24 20:00:00,23.6,56,0.0,0.0,1014.4,8.4,21.2,era5
2024-07-24 21:00:00,22.0,63,0.0,0.0,1014.2,6.7,17.6,era5
2024-07-24 22:00:00,20.7,67,0.0,0.0,1014.4,9.0,13.0,era5
2024-07-24 23:00:00,19.7,69,0.0,0.0,1014.7,8.7,15.1,era5
2024-07-25 00:00:00,17.7,79,0.0,0.0,1014.8,7.7,13.7,era5
2024-07-25 01:00:00,17.2,80,0.0,0.0,1014.9,7.9,10.8,era5
2024-07-25 02:00:00,16.7,81,0.0,0.0,1014.8,8.0,11.2,era5
2024-07-25 03:00:00,18.0,74,0.0,0.0,1015.0,6.4,10.8,era5
2024-07-25 04:00:00,15.3,88,0.0,0.0,1015.5,5.9,11.9,era5
2024-07-25 05:00:00,16.4,85,0.0,0.0,1015.4,5.4,9.0,era5
2024-07-25 06:00:00,17.4,83,0.0,0.0,1015.5,5.7,11.5,era5
2024-07-25 07:00:00,18.7,76,0.0,0.0,1015.4,5.0,13.7,era5
2024-07-25 08:00:00,20.1,67,0.0,0.0,1015.5,6.5,18.0,era5
2024-07-25 09:00:00,21.4,61,0.0,0.0,1015.2,7.6,20.9,era5
2024-07-25 10:00:00,22.6,55,0.0,0.0,1015.0,8.3,23.4,era5
2024-07-25 11:00:00,23.5,51,0.0,0.0,1015.0,9.4,25.6,era5
2024-07-25 12:00:00,24.3,48,0.0,0.0,1014.8,10.5,28.1,era5
2024-07-25 13:00:00,24.6,45,0.0,0.0,1014.7,11.6,30.2,era5
2024-07-25 14:00:00,24.9,40,0.0,0.0,1014.4,12.4,31.7,era5
2024-07-25 15:00:00,25.0,38,0.0,0.0,1014.2,12.1,31.7,era5
2024-07-25 16:00:00,25.2,38,0.0,0.0,1013.8,11.8,29.9,era5
2024-07-25 17:00:00,24.7,41,0.0,0.0,1013.6,11.6,29.9,era5
2024-07-25 18:00:00,24.0,45,0.0,0.0,1013.7,11.2,28.8,era5
2024-07-25 19:00:00,23.1,48,0.0,0.0,1013.7,10.6,26.6,era5
2024-07-25 20:00:00,22.0,53,0.0,0.0,1013.6,9.0,24.1,era5
2024-07-25 21:00:00,20.4,59,0.0,0.0,1013.6,8.7,18.4,era5
2024-07-25 22:00:00,18.9,63,0.0,0.0,1013.7,8.8,15.8,era5
2024-07-25 23:00:00,18.1,65,0.0,0.0,1013.8,10.0,16.6,era5
2024-07-26 00:00:00,17.7,66,0.0,0.0,1014.0,10.2,16.6,era5
2024-07-26 01:00:00,17.1,69,0.0,0.0,1014.2,10.1,17.3,era5
2024-07-26 02:00:00,16.6,73,0.0,0.0,1014.2,10.2,16.9,era5
2024-07-26 03:00:00,16.1,78,0.0,0.0,1014.2,10.2,16.9,era5
2024-07-26 04:00:00,15.4,84,0.0,0.0,1014.6,10.1,18.0,era5
2024-07-26 05:00:00,15.7,84,0.0,0.0,1014.6,9.3,17.3,era5
2024-07-26 06:00:00,16.6,81,0.0,0.0,1014.5,8.2,17.6,era5
2024-07-26 07:00:00,17.9,72,0.0,0.0,1014.3,8.4,20.2,era5
2024-07-26 08:00:00,19.1,64,0.0,0.0,1014.2,8.6,22.3,era5
2024-07-26 09:00:00,20.3,57,0.0,0.0,1014.0,9.0,23.8,era5
2024-07-26 10:00:00,21.6,51,0.0,0.0,1013.8,9.5,25.2,era5
2024-07-26 11:00:00,22.6,45,0.0,0.0,1013.5,10.2,27.7,era5
2024-07-26 12:00:00,23.5,41,0.0,0.0,1013.5,11.1,29.5,era5
2024-07-26 13:00:00,24.1,38,0.0,0.0,1013.3,12.1,31.7,era5
2024-07-26 14:00:00,24.4,35,0.0,0.0,1013.0,12.9,33.5,era5
2024-07-26 15:00:00,24.6,33,0.0,0.0,1012.7,12.9,33.5,era5
2024-07-26 16:00:00,24.3,34,0.0,0.0,1012.8,13.7,34.2,era5
2024-07-26 17:00:00,24.1,34,0.0,0.0,1012.6,13.3,33.5,era5
2024-07-26 18:00:00,23.5,36,0.0,0.0,1012.5,13.7,32.4,era5
2024-07-26 19:00:00,22.5,40,0.0,0.0,1012.7,12.8,31.7,era5
2024-07-26 20:00:00,21.4,46,0.0,0.0,1012.6,10.0,28.4,era5
2024-07-26 21:00:00,19.9,52,0.0,0.0,1012.7,8.9,20.9,era5
2024-07-26 22:00:00,18.7,56,0.0,0.0,1012.8,9.2,16.9,era5
2024-07-26 23:00:00,17.9,60,0.0,0.0,1013.0,9.7,15.8,era5
2024-07-27 00:00:00,17.4,64,0.0,0.0,1013.2,9.8,16.2,era5
2024-07-27 01:00:00,16.8,70,0.0,0.0,1013.3,10.0,16.9,era5
2024-07-27 02:00:00,16.2,77,0.0,0.0,1013.7,10.9,18.4,era5
2024-07-27 03:00:00,15.5,84,0.0,0.0,1013.8,11.4,20.2,era5
2024-07-27 04:00:00,14.7,90,0.0,0.0,1014.3,12.3,22.7,era5
2024-07-27 05:00:00,15.1,87,0.0,0.0,1014.3,11.5,22.7,era5
2024-07-27 06:00:00,16.1,81,0.0,0.0,1014.4,9.7,22.7,era5
2024-07-27 07:00:00,17.2,72,0.0,0.0,1014.3,9.6,22.7,era5
2024-07-27 08:00:00,18.4,64,0.0,0.0,1014.1,10.6,26.3,era5
2024-07-27 09:00:00,19.6,58,0.0,0.0,1014.1,11.5,28.8,era5
2024-07-27 10:00:00,20.7,53,0.0,0.0,1014.1,13.0,32.4,era5
2024-07-27 11:00:00,21.5,47,0.0,0.0,1014.2,14.5,35.6,era5
2024-07-27 12:00:00,22.3,42,0.0,0.0,1014.1,15.3,37.4,era5
2024-07-27 13:00:00,22.8,39,0.0,0.0,1013.9,15.6,38.2,era5
2024-07-27 14:00:00,23.2,37,0.0,0.0,1013.7,15.5,38.2,era5
2024-07-27 15:00:00,23.4,39,0.0,0.0,1013.5,14.8,38.2,era5
2024-07-27 16:00:00,23.2,41,0.0,0.0,1013.4,13.7,34.2,era5
2024-07-27 17:00:00,22.9,42,0.0,0.0,1013.5,14.4,34.2,era5
2024-07-27 18:00:00,22.1,43,0.0,0.0,1013.6,13.8,34.9,era5
2024-07-27 19:00:00,21.2,43,0.0,0.0,1013.5,13.0,32.4,era5
2024-07-27 20:00:00,20.2,45,0.0,0.0,1013.4,11.2,29.2,era5
2024-07-27 21:00:00,18.8,47,0.0,0.0,1013.5,10.5,23.0,era5
2024-07-27 22:00:00,17.4,51,0.0,0.0,1013.5,10.5,20.9,era5
2024-07-27 23:00:00,16.6,52,0.0,0.0,1013.5,10.1,19.8,era5
2024-07-28 00:00:00,16.2,52,0.0,0.0,1013.5,9.7,18.4,era5
2024-07-28 01:00:00,15.7,53,0.0,0.0,1013.5,10.9,19.1,era5
2024-07-28 02:00:00,15.1,58,0.0,0.0,1013.8,11.6,21.2,era5
2024-07-28 03:00:00,14.4,66,0.0,0.0,1013.6,11.3,22.3,era5
2024-07-28 04:00:00,14.2,72,0.0,0.0,1014.3,10.0,22.3,era5
2024-07-28 05:00:00,14.3,72,0.0,0.0,1014.2,9.4,18.4,era5
2024-07-28 06:00:00,15.3,71,0.0,0.0,1014.4,6.9,17.6,era5
2024-07-28 07:00:00,16.5,66,0.0,0.0,1014.2,7.4,18.4,era5
2024-07-28 08:00:00,17.6,64,0.0,0.0,1013.9,7.7,20.9,era5
2024-07-28 09:00:00,18.6,62,0.0,0.0,1013.5,8.5,23.4,era5
2024-07-28 10:00:00,19.4,58,0.0,0.0,1013.3,9.2,25.6,era5
2024-07-28 11:00:00,19.9,54,0.0,0.0,1013.1,9.0,25.6,era5
2024-07-28 12:00:00,21.1,47,0.0,0.0,1012.7,8.7,25.9,era5
2024-07-28 13:00:00,21.9,43,0.0,0.0,1012.2,8.4,25.2,era5
2024-07-28 14:00:00,22.5,42,0.0,0.0,1011.9,9.2,25.9,era5
2024-07-28 15:00:00,22.5,42,0.0,0.0,1011.6,9.4,26.6,era5
2024-07-28 16:00:00,21.8,46,0.0,0.0,1012.0,9.1,24.8,era5
2024-07-28 17:00:00,21.8,45,0.0,0.0,1011.4,6.5,24.5,era5
2024-07-28 18:00:00,21.7,45,0.0,0.0,1011.2,6.5,18.7,era5
2024-07-28 19:00:00,21.3,46,0.0,0.0,1010.9,7.5,18.7,era5
2024-07-28 20:00:00,20.3,51,0.0,0.0,1010.6,5.8,18.7,era5
2024-07-28 21:00:00,19.0,71,0.0,0.0,1010.3,3.3,10.8,era5
2024-07-28 22:00:00,18.9,54,0.0,0.0,1010.3,0.8,4.7,era5
2024-07-28 23:00:00,17.3,61,0.0,0.0,1010.3,2.5,3.6,era5
2024-07-29 00:00:00,15.1,75,0.0,0.0,1010.3,5.1,6.8,era5
2024-07-29 01:00:00,14.9,73,0.0,0.0,1010.3,4.8,8.3,era5
2024-07-29 02:00:00,15.2,75,0.0,0.0,1010.1,6.1,9.4,era5
2024-07-29 03:00:00,14.8,80,0.0,0.0,1010.2,7.7,13.0,era5
2024-07-29 04:00:00,13.6,82,0.0,0.0,1010.5,8.2,13.3,era5
2024-07-29 05:00:00,13.6,85,0.0,0.0,1010.5,7.8,15.1,era5
2024-07-29 06:00:00,14.7,83,0.0,0.0,1010.7,4.6,13.3,era5
2024-07-29 07:00:00,16.3,76,0.0,0.0,1010.7,0.0,9.4,era5
2024-07-29 08:00:00,17.9,68,0.0,0.0,1010.6,0.7,7.9,era5
2024-07-29 09:00:00,19.5,61,0.0,0.0,1010.5,3.3,13.0,era5
2024-07-29 10:00:00,20.9,54,0.0,0.0,1010.7,5.7,18.4,era5
2024-07-29 11:00:00,21.7,49,0.0,0.0,1010.7,7.9,23.0,era5
2024-07-29 12:00:00,22.4,45,0.0,0.0,1010.5,10.8,28.4,era5
2024-07-29 13:00:00,22.7,38,0.0,0.0,1010.2,12.8,33.1,era5
2024-07-29 14:00:00,22.9,38,0.0,0.0,1010.2,13.8,34.2,era5
2024-07-29 15:00:00,22.4,42,0.0,0.0,1010.3,15.9,37.8,era5
2024-07-29 16:00:00,21.8,43,0.0,0.0,1010.4,17.8,43.6,era5
2024-07-29 17:00:00,21.5,43,0.0,0.0,1010.5,17.9,41.0,era5
2024-07-29 18:00:00,21.2,45,0.0,0.0,1010.7,18.0,41.4,era5
2024-07-29 19:00:00,20.4,49,0.0,0.0,1010.9,18.4,40.3,era5
2024-07-29 20:00:00,18.9,56,0.0,0.0,1011.0,16.3,40.3,era5
2024-07-29 21:00:00,18.1,60,0.0,0.0,1011.3,15.8,34.9,era5
2024-07-29 22:00:00,17.1,63,0.0,0.0,1011.4,15.4,33.5,era5
2024-07-29 23:00:00,16.2,68,0.0,0.0,1011.5,15.1,32.8,era5
2024-07-30 00:00:00,15.5,72,0.0,0.0,1011.7,14.1,31.3,era5
2024-07-30 01:00:00,15.0,77,0.0,0.0,1011.7,15.1,32.0,era5
2024-07-30 02:00:00,14.6,79,0.0,0.0,1011.7,15.3,32.4,era5
2024-07-30 03:00:00,14.6,79,0.0,0.0,1011.7,16.2,34.2,era5
2024-07-30 04:00:00,14.4,83,0.0,0.0,1011.9,15.7,36.4,era5
2024-07-30 05:00:00,14.4,83,0.0,0.0,1011.6,16.8,36.0,era5
2024-07-30 06:00:00,14.3,83,0.0,0.0,1011.2,18.1,38.5,era5
2024-07-30 07:00:00,14.4,82,0.1,0.0,1011.1,20.3,46.1,era5
2024-07-30 08:00:00,14.4,82,0.1,0.0,1010.9,21.1,49.0,era5
2024-07-30 09:00:00,14.6,82,0.0,0.0,1010.4,22.5,48.6,era5
2024-07-30 10:00:00,15.2,78,0.0,0.0,1010.2,24.8,54.0,era5
2024-07-30 11:00:00,15.8,74,0.0,0.0,1009.8,24.6,54.7,era5
2024-07-30 12:00:00,17.0,66,0.0,0.0,1009.4,25.0,56.9,era5
2024-07-30 13:00:00,18.5,55,0.0,0.0,1009.2,24.5,59.0,era5
2024-07-30 14:00:00,19.2,53,0.0,0.0,1008.9,21.6,54.7,era5
2024-07-30 15:00:00,19.9,50,0.0,0.0,1008.5,20.8,49.3,era5
2024-07-30 16:00:00,20.0,51,0.0,0.0,1007.8,19.8,45.0,era5
2024-07-30 17:00:00,20.0,50,0.0,0.0,1007.6,20.0,45.4,era5
2024-07-30 18:00:00,19.8,51,0.0,0.0,1007.6,19.4,44.6,era5
2024-07-30 19:00:00,18.6,61,0.4,0.0,1007.6,14.9,42.5,era5
2024-07-30 20:00:00,17.9,68,0.0,0.0,1007.4,15.7,32.8,era5
2024-07-30 21:00:00,16.9,73,0.0,0.0,1007.4,16.1,33.8,era5
2024-07-30 22:00:00,15.9,77,0.0,0.0,1007.4,16.8,36.0,era5
2024-07-30 23:00:00,15.3,80,0.0,0.0,1007.3,16.5,35.6,era5
2024-07-31 00:00:00,14.4,85,0.1,0.0,1006.9,17.3,36.4,era5
2024-07-31 01:00:00,13.7,90,0.4,0.0,1006.6,17.4,36.7,era5
2024-07-31 02:00:00,13.3,92,0.2,0.0,1006.6,18.0,37.1,era5
2024-07-31 03:00:00,13.1,93,0.0,0.0,1006.3,17.7,37.1,era5
2024-07-31 04:00:00,12.9,96,0.2,0.0,1005.7,14.5,32.4,era5
2024-07-31 05:00:00,12.9,96,0.2,0.0,1005.9,13.5,29.5,era5
2024-07-31 06:00:00,13.0,96,0.2,0.0,1005.7,13.4,27.0,era5
2024-07-31 07:00:00,13.3,95,0.1,0.0,1005.4,13.1,27.4,era5
2024-07-31 08:00:00,13.6,93,0.0,0.0,1005.4,12.7,26.6,era5
2024-07-31 09:00:00,14.0,92,0.0,0.0,1005.4,12.4,25.6,era5
2024-07-31 10:00:00,14.3,91,0.2,0.0,1005.4,12.2,25.9,era5
2024-07-31 11:00:00,14.7,90,0.1,0.0,1005.6,11.5,25.2,era5
2024-07-31 12:00:00,15.2,88,0.1,0.0,1005.7,11.0,24.5,era5
2024-07-31 13:00:00,15.7,85,0.1,0.0,1005.6,10.2,25.6,era5
2024-07-31 14:00:00,16.3,81,0.1,0.0,1005.5,9.9,23.4,era5
2024-07-31 15:00:00,16.3,84,0.6,0.0,1005.3,8.7,22.3,era5
2024-07-31 16:00:00,15.3,92,0.4,0.0,1005.4,9.0,23.4,era5
2024-07-31 17:00:00,16.0,88,0.0,0.0,1004.8,10.8,22.0,era5
2024-07-31 18:00:00,17.5,80,0.0,0.0,1004.4,13.1,27.7,era5
2024-07-31 19:00:00,18.3,76,0.0,0.0,1004.0,13.2,27.7,era5
2024-07-31 20:00:00,18.4,76,0.0,0.0,1003.6,13.7,27.4,era5
2024-07-31 21:00:00,17.0,80,0.0,0.0,1003.3,17.3,34.6,era5
2024-07-31 22:00:00,15.7,84,0.0,0.0,1003.2,18.8,38.9,era5
2024-07-31 23:00:00,14.8,88,0.0,0.0,1002.9,18.8,38.9,era5
2024-08-01 00:00:00,14.4,88,0.0,0.0,1002.4,18.9,39.2,era5
2024-08-01 01:00:00,14.1,87,0.2,0.0,1002.3,20.3,42.5,era5
2024-08-01 02:00:00,13.3,92,0.2,0.0,1002.1,20.2,43.2,era5
2024-08-01 03:00:00,13.0,91,0.0,0.0,1001.9,18.8,41.8,era5
2024-08-01 04:00:00,12.8,94,0.0,0.0,1001.5,17.3,38.9,era5
2024-08-01 05:00:00,13.0,93,0.0,0.0,1001.1,15.6,36.4,era5
2024-08-01 06:00:00,13.2,94,0.2,0.0,1001.1,16.5,33.8,era5
2024-08-01 07:00:00,13.5,94,0.1,0.0,1001.1,13.5,33.5,era5
2024-08-01 08:00:00,14.2,90,0.1,0.0,1001.3,12.2,28.1,era5
2024-08-01 09:00:00,14.2,90,0.1,0.0,1001.7,14.3,30.2,era5
2024-08-01 10:00:00,14.4,87,0.0,0.0,1002.4,14.4,35.6,era5
2024-08-01 11:00:00,15.6,80,0.0,0.0,1002.8,17.6,38.9,era5
2024-08-01 12:00:00,16.8,75,0.0,0.0,1003.1,18.1,40.7,era5
2024-08-01 13:00:00,17.8,71,0.0,0.0,1003.6,17.7,41.4,era5
2024-08-01 14:00:00,18.6,67,0.0,0.0,1003.8,17.0,40.3,era5
2024-08-01 15:00:00,18.4,68,0.0,0.0,1004.3,14.4,38.9,era5
2024-08-01 16:00:00,17.5,69,0.0,0.0,1004.9,14.5,35.6,era5
2024-08-01 17:00:00,17.5,69,0.0,0.0,1005.3,12.7,32.8,era5
2024-08-01 18:00:00,17.5,69,0.0,0.0,1005.6,12.0,28.8,era5
2024-08-01 19:00:00,17.4,69,0.0,0.0,1005.9,9.6,26.6,era5
2024-08-01 20:00:00,17.3,72,0.0,0.0,1005.9,4.0,21.6,era5
2024-08-01 21:00:00,16.3,83,0.0,0.0,1005.9,2.9,8.6,era5
2024-08-01 22:00:00,15.1,84,0.0,0.0,1006.0,2.6,5.0,era5
2024-08-01 23:00:00,15.1,85,0.0,0.0,1006.2,7.9,11.5,era5
2024-08-02 00:00:00,15.4,86,0.0,0.0,1006.5,10.1,19.1,era5
2024-08-02 01:00:00,15.8,89,0.0,0.0,1006.6,10.2,20.2,era5
2024-08-02 02:00:00,14.9,97,0.0,0.0,1006.9,10.4,20.2,era5
2024-08-02 03:00:00,14.5,98,0.0,0.0,1007.0,11.0,21.2,era5
2024-08-02 04:00:00,14.3,99,0.0,0.0,1007.6,11.7,23.4,era5
2024-08-02 05:00:00,14.6,96,0.0,0.0,1007.7,13.1,27.0,era5
2024-08-02 06:00:00,15.1,92,0.0,0.0,1007.8,14.2,29.5,era5
2024-08-02 07:00:00,15.7,87,0.0,0.0,1007.9,15.6,34.2,era5
2024-08-02 08:00:00,16.7,81,0.0,0.0,1007.9,16.3,36.7,era5
2024-08-02 09:00:00,17.8,76,0.0,0.0,1007.6,16.0,37.1,era5
2024-08-02 10:00:00,18.8,71,0.0,0.0,1007.5,15.6,36.7,era5
2024-08-02 11:00:00,19.9,66,0.0,0.0,1007.6,16.8,40.3,era5
2024-08-02 12:00:00,20.8,62,0.0,0.0,1007.7,19.2,44.6,era5
2024-08-02 13:00:00,21.9,56,0.0,0.0,1007.7,18.5,45.0,era5
2024-08-02 14:00:00,22.0,53,0.1,0.0,1007.6,18.8,43.6,era5
2024-08-02 15:00:00,21.7,57,0.2,0.0,1007.7,19.1,43.6,era5
2024-08-02 16:00:00,19.5,69,0.0,0.0,1008.7,18.3,43.2,era5
2024-08-02 17:00:00,19.0,71,0.0,0.0,1009.1,14.9,41.4,era5
2024-08-02 18:00:00,18.8,71,0.0,0.0,1009.4,15.7,33.8,era5
2024-08-02 19:00:00,18.9,71,0.0,0.0,1009.5,15.5,35.6,era5
2024-08-02 20:00:00,18.8,72,0.0,0.0,1009.7,12.4,33.5,era5
2024-08-02 21:00:00,17.7,79,0.0,0.0,1009.8,11.3,26.6,era5
2024-08-02 22:00:00,16.3,86,0.1,0.0,1010.0,12.1,24.8,era5
2024-08-02 23:00:00,15.8,88,0.1,0.0,1010.5,11.3,24.5,era5
2024-08-03 00:00:00,15.5,90,0.3,0.0,1010.8,11.9,24.1,era5
2024-08-03 01:00:00,15.1,91,0.1,0.0,1011.2,11.0,24.5,era5
2024-08-03 02:00:00,14.8,92,0.1,0.0,1011.4,11.6,23.4,era5
2024-08-03 03:00:00,14.1,93,0.0,0.0,1011.4,13.1,26.3,era5
2024-08-03 04:00:00,13.8,90,0.0,0.0,1011.6,16.1,32.4,era5
2024-08-03 05:00:00,13.6,87,0.0,0.0,1011.8,15.9,34.2,era5
2024-08-03 06:00:00,13.8,84,0.0,0.0,1011.9,15.3,34.2,era5
2024-08-03 07:00:00,14.3,82,0.0,0.0,1011.9,15.2,34.6,era5
2024-08-03 08:00:00,15.5,76,0.0,0.0,1011.6,16.6,37.8,era5
2024-08-03 09:00:00,16.8,70,0.0,0.0,1011.8,16.8,39.2,era5
2024-08-03 10:00:00,17.9,65,0.0,0.0,1012.0,16.3,39.2,era5
2024-08-03 11:00:00,19.0,60,0.0,0.0,1012.0,15.8,38.9,era5
2024-08-03 12:00:00,20.1,55,0.0,0.0,1012.0,15.0,38.2,era5
2024-08-03 13:00:00,20.9,52,0.0,0.0,1011.8,14.8,37.1,era5
2024-08-03 14:00:00,21.4,49,0.0,0.0,1011.4,14.5,37.1,era5
2024-08-03 15:00:00,21.9,45,0.0,0.0,1011.0,14.7,36.4,era5
2024-08-03 16:00:00,22.1,42,0.0,0.0,1011.7,15.8,36.4,era5
2024-08-03 17:00:00,21.9,44,0.0,0.0,1011.4,18.4,41.4,era5
2024-08-03 18:00:00,21.0,48,0.0,0.0,1011.4,14.8,41.4,era5
2024-08-03 19:00:00,20.3,52,0.0,0.0,1011.2,13.1,32.8,era5
2024-08-03 20:00:00,19.4,58,0.0,0.0,1011.2,11.0,29.2,era5
2024-08-03 21:00:00,18.3,63,0.0,0.0,1011.4,9.4,24.1,era5
2024-08-03 22:00:00,16.9,70,0.0,0.0,1011.8,10.2,21.2,era5
2024-08-03 23:00:00,15.7,79,1.3,0.0,1012.1,11.7,24.5,era5
2024-08-04 00:00:00,14.2,91,1.4,0.0,1012.7,12.2,23.0,era5
2024-08-04 01:00:00,13.7,94,0.1,0.0,1013.0,13.0,26.3,era5
2024-08-04 02:00:00,13.0,95,0.0,0.0,1012.9,11.4,25.9,era5
2024-08-04 03:00:00,12.3,95,0.0,0.0,1012.9,10.0,22.3,era5
2024-08-04 04:00:00,12.4,96,0.0,0.0,1013.1,9.8,21.6,era5
2024-08-04 05:00:00,12.7,97,0.0,0.0,1013.2,10.5,20.2,era5
2024-08-04 06:00:00,13.5,94,0.0,0.0,1013.2,12.2,24.8,era5
2024-08-04 07:00:00,14.6,88,0.0,0.0,1013.1,10.9,25.6,era5
2024-08-04 08:00:00,16.0,79,0.0,0.0,1013.0,10.3,25.2,era5
2024-08-04 09:00:00,17.2,71,0.0,0.0,1012.8,10.4,26.3,era5
2024-08-04 10:00:00,18.5,64,0.0,0.0,1012.7,10.2,26.6,era5
2024-08-04 11:00:00,19.6,58,0.0,0.0,1012.7,10.2,27.4,era5
2024-08-04 12:00:00,20.6,53,0.0,0.0,1012.6,11.7,29.9,era5
2024-08-04 13:00:00,21.4,47,0.0,0.0,1012.3,12.3,31.7,era5
2024-08-04 14:00:00,21.9,42,0.0,0.0,1012.1,12.5,32.0,era5
2024-08-04 15:00:00,22.2,39,0.0,0.0,1012.0,12.7,32.0,era5
2024-08-04 16:00:00,21.9,40,0.0,0.0,1012.4,12.6,31.7,era5
2024-08-04 17:00:00,21.6,40,0.0,0.0,1012.2,12.6,30.6,era5
2024-08-04 18:00:00,21.0,43,0.0,0.0,1012.3,12.9,30.2,era5
2024-08-04 19:00:00,20.2,49,0.0,0.0,1012.4,12.0,29.5,era5
2024-08-04 20:00:00,19.0,56,0.0,0.0,1012.3,9.8,26.6,era5
2024-08-04 21:00:00,17.2,63,0.0,0.0,1012.4,9.5,20.2,era5
2024-08-04 22:00:00,15.6,68,0.0,0.0,1012.7,11.3,19.8,era5
2024-08-04 23:00:00,14.5,72,0.0,0.0,1013.3,11.3,20.9,era5
2024-08-05 00:00:00,13.6,75,0.0,0.0,1013.7,10.4,20.5,era5
2024-08-05 01:00:00,12.6,78,0.0,0.0,1014.1,9.5,19.1,era5
2024-08-05 02:00:00,11.8,79,0.0,0.0,1014.5,7.1,16.2,era5
2024-08-05 03:00:00,11.0,81,0.0,0.0,1014.5,7.4,12.2,era5
2024-08-05 04:00:00,9.0,86,0.0,0.0,1015.1,8.4,14.4,era5
2024-08-05 05:00:00,9.2,85,0.0,0.0,1015.0,7.8,15.8,era5
2024-08-05 06:00:00,10.8,81,0.0,0.0,1015.1,7.6,16.9,era5
2024-08-05 07:00:00,12.2,82,0.0,0.0,1015.2,7.6,18.4,era5
2024-08-05 08:00:00,13.5,78,0.0,0.0,1015.1,6.3,19.1,era5
2024-08-05 09:00:00,14.9,71,0.0,0.0,1014.9,6.3,18.7,era5
2024-08-05 10:00:00,16.3,66,0.0,0.0,1014.7,6.4,20.2,era5
2024-08-05 11:00:00,17.5,61,0.0,0.0,1014.9,6.3,20.5,era5
2024-08-05 12:00:00,18.6,57,0.0,0.0,1014.8,6.1,20.5,era5
2024-08-05 13:00:00,19.5,53,0.0,0.0,1014.8,5.9,20.2,era5
2024-08-05 14:00:00,20.2,50,0.0,0.0,1014.6,6.1,19.8,era5
2024-08-05 15:00:00,20.6,48,0.0,0.0,1014.5,6.6,20.9,era5
2024-08-05 16:00:00,20.3,48,0.0,0.0,1014.8,8.5,24.1,era5
2024-08-05 17:00:00,20.3,47,0.0,0.0,1014.8,8.7,23.8,era5
2024-08-05 18:00:00,20.1,48,0.0,0.0,1014.8,7.9,22.7,era5
2024-08-05 19:00:00,19.5,51,0.0,0.0,1015.0,7.4,20.2,era5
2024-08-05 20:00:00,18.3,60,0.0,0.0,1015.3,6.4,16.9,era5
2024-08-05 21:00:00,16.8,66,0.0,0.0,1015.5,8.6,13.7,era5
2024-08-05 22:00:00,15.2,69,0.0,0.0,1015.9,7.9,15.5,era5
2024-08-05 23:00:00,14.2,72,0.0,0.0,1016.5,10.0,13.7,era5
2024-08-06 00:00:00,13.2,76,0.0,0.0,1016.9,10.0,16.6,era5
2024-08-06 01:00:00,12.2,80,0.0,0.0,1017.3,10.2,16.9,era5
2024-08-06 02:00:00,11.1,84,0.0,0.0,1017.3,9.5,16.9,era5
2024-08-06 03:00:00,10.2,86,0.0,0.0,1017.5,8.7,15.8,era5
2024-08-06 04:00:00,8.8,90,0.0,0.0,1018.1,8.6,15.1,era5
2024-08-06 05:00:00,8.7,89,0.0,0.0,1018.0,6.6,13.7,era5
2024-08-06 06:00:00,9.5,85,0.0,0.0,1018.1,5.9,11.5,era5
2024-08-06 07:00:00,11.2,75,0.0,0.0,1018.2,3.4,11.9,era5
2024-08-06 08:00:00,13.2,63,0.0,0.0,1018.1,3.3,11.5,era5
2024-08-06 09:00:00,15.2,52,0.0,0.0,1018.0,3.9,14.0,era5
2024-08-06 10:00:00,16.9,43,0.0,0.0,1017.7,4.6,15.8,era5
2024-08-06 11:00:00,18.4,38,0.0,0.0,1017.5,5.4,17.6,era5
2024-08-06 12:00:00,19.6,36,0.0,0.0,1017.3,6.1,19.4,era5
2024-08-06 13:00:00,20.5,36,0.0,0.0,1017.2,7.1,21.2,era5
2024-08-06 14:00:00,21.1,35,0.0,0.0,1016.9,7.6,22.7,era5
2024-08-06 15:00:00,21.5,33,0.0,0.0,1016.8,8.4,23.4,era5
2024-08-06 16:00:00,21.4,30,0.0,0.0,1016.7,7.7,23.0,era5
2024-08-06 17:00:00,21.3,31,0.0,0.0,1016.5,7.5,21.6,era5
2024-08-06 18:00:00,20.9,33,0.0,0.0,1016.7,7.0,19.8,era5
2024-08-06 19:00:00,20.1,39,0.0,0.0,1016.8,6.4,17.6,era5
2024-08-06 20:00:00,18.7,50,0.0,0.0,1016.9,6.7,13.3,era5
2024-08-06 21:00:00,17.3,57,0.0,0.0,1017.1,5.2,12.2,era5
2024-08-06 22:00:00,14.5,71,0.0,0.0,1017.1,5.8,8.6,era5
2024-08-06 23:00:00,13.6,73,0.0,0.0,1017.4,4.7,8.6,era5
2024-08-07 00:00:00,13.6,70,0.0,0.0,1017.8,5.8,10.4,era5
2024-08-07 01:00:00,13.6,68,0.0,0.0,1018.0,8.0,13.3,era5
2024-08-07 02:00:00,12.2,75,0.0,0.0,1018.0,5.8,13.3,era5
2024-08-07 03:00:00,12.0,77,0.0,0.0,1018.0,6.3,13.0,era5
2024-08-07 04:00:00,8.7,90,0.0,0.0,1018.7,6.4,9.7,era5
2024-08-07 05:00:00,10.1,89,0.0,0.0,1018.8,4.9,9.4,era5
2024-08-07 06:00:00,11.3,85,0.0,0.0,1018.9,5.4,8.3,era5
2024-08-07 07:00:00,13.0,80,0.0,0.0,1018.8,3.4,9.7,era5
2024-08-07 08:00:00,14.7,72,0.0,0.0,1018.9,2.3,9.7,era5
2024-08-07 09:00:00,16.2,66,0.0,0.0,1019.0,1.8,10.4,era5
2024-08-07 10:00:00,17.5,59,0.0,0.0,1018.8,1.9,11.9,era5
2024-08-07 11:00:00,18.7,52,0.0,0.0,1018.7,2.7,13.7,era5
2024-08-07 12:00:00,19.7,46,0.0,0.0,1018.5,3.9,15.5,era5
2024-08-07 13:00:00,20.6,41,0.0,0.0,1018.3,4.9,17.6,era5
2024-08-07 14:00:00,21.1,39,0.0,0.0,1018.0,5.9,19.4,era5
2024-08-07 15:00:00,21.3,37,0.0,0.0,1017.7,6.8,20.9,era5
2024-08-07 16:00:00,21.7,37,0.0,0.0,1017.3,6.5,19.8,era5
2024-08-07 17:00:00,21.4,37,0.0,0.0,1017.2,7.6,20.9,era5
2024-08-07 18:00:00,20.7,38,0.0,0.0,1017.1,8.1,20.9,era5
2024-08-07 19:00:00,19.7,41,0.0,0.0,1017.1,7.5,20.5,era5
2024-08-07 20:00:00,18.1,50,0.0,0.0,1017.2,5.4,16.9,era5
2024-08-07 21:00:00,16.7,55,0.0,0.0,1017.2,5.8,9.4,era5
2024-08-07 22:00:00,14.1,69,0.0,0.0,1017.5,7.6,10.4,era5
2024-08-07 23:00:00,13.6,67,0.0,0.0,1017.6,8.0,11.5,era5
2024-08-08 00:00:00,14.9,60,0.0,0.0,1017.8,6.6,10.4,era5
2024-08-08 01:00:00,14.8,62,0.0,0.0,1017.9,5.7,9.0,era5
2024-08-08 02:00:00,14.4,65,0.0,0.0,1017.9,5.3,7.9,era5
2024-08-08 03:00:00,14.1,67,0.0,0.0,1018.0,5.1,7.2,era5
2024-08-08 04:00:00,11.6,81,0.0,0.0,1018.3,5.8,8.6,era5
2024-08-08 05:00:00,9.1,93,0.0,0.0,1018.1,5.4,7.9,era5
2024-08-08 06:00:00,10.5,86,0.0,0.0,1018.2,3.3,7.2,era5
2024-08-08 07:00:00,12.2,81,0.0,0.0,1018.2,3.0,8.3,era5
2024-08-08 08:00:00,13.9,74,0.0,0.0,1018.2,2.9,11.2,era5
2024-08-08 09:00:00,15.8,64,0.0,0.0,1018.2,4.7,15.5,era5
2024-08-08 10:00:00,17.4,54,0.0,0.0,1017.9,6.2,19.1,era5
2024-08-08 11:00:00,18.7,49,0.0,0.0,1017.9,7.0,21.2,era5
2024-08-08 12:00:00,19.8,44,0.0,0.0,1017.8,7.6,22.7,era5
2024-08-08 13:00:00,20.5,41,0.0,0.0,1017.3,8.6,25.2,era5
2024-08-08 14:00:00,20.9,39,0.0,0.0,1016.9,9.4,26.3,era5
2024-08-08 15:00:00,21.2,37,0.0,0.0,1016.4,9.5,26.3,era5
2024-08-08 16:00:00,21.4,35,0.0,0.0,1016.2,9.6,26.3,era5
2024-08-08 17:00:00,21.1,35,0.0,0.0,1015.9,10.0,25.9,era5
2024-08-08 18:00:00,20.4,38,0.0,0.0,1015.7,10.5,26.3,era5
2024-08-08 19:00:00,19.4,43,0.0,0.0,1015.6,10.0,25.6,era5
2024-08-08 20:00:00,17.8,51,0.0,0.0,1015.5,9.2,22.7,era5
2024-08-08 21:00:00,15.7,58,0.0,0.0,1015.7,9.3,18.4,era5
2024-08-08 22:00:00,14.6,63,0.0,0.0,1015.6,9.8,16.2,era5
2024-08-08 23:00:00,14.1,64,0.0,0.0,1015.7,10.1,16.6,era5
2024-08-09 00:00:00,13.7,65,0.0,0.0,1015.7,9.5,16.2,era5
2024-08-09 01:00:00,13.2,69,0.0,0.0,1015.6,8.0,15.1,era5
2024-08-09 02:00:00,11.9,78,0.0,0.0,1015.6,6.0,13.0,era5
2024-08-09 03:00:00,10.9,83,0.0,0.0,1015.5,6.3,10.1,era5
2024-08-09 04:00:00,8.6,92,0.0,0.0,1015.6,8.2,12.2,era5
2024-08-09 05:00:00,9.8,93,0.0,0.0,1015.5,6.6,11.5,era5
2024-08-09 06:00:00,10.5,95,0.0,0.0,1015.6,7.0,13.3,era5
2024-08-09 07:00:00,11.8,90,0.0,0.0,1015.5,5.5,14.8,era5
2024-08-09 08:00:00,13.4,82,0.0,0.0,1015.3,7.4,19.1,era5
2024-08-09 09:00:00,15.2,73,0.0,0.0,1015.1,8.0,22.0,era5
2024-08-09 10:00:00,16.9,65,0.0,0.0,1014.9,9.4,25.6,era5
2024-08-09 11:00:00,18.1,59,0.0,0.0,1014.7,11.7,29.9,era5
2024-08-09 12:00:00,19.1,54,0.0,0.0,1014.3,12.3,32.0,era5
2024-08-09 13:00:00,19.7,50,0.0,0.0,1013.9,12.8,33.1,era5
2024-08-09 14:00:00,19.9,48,0.0,0.0,1013.7,13.4,33.8,era5
2024-08-09 15:00:00,20.0,48,0.0,0.0,1013.4,13.3,33.8,era5
2024-08-09 16:00:00,20.6,47,0.0,0.0,1013.1,12.2,33.1,era5
2024-08-09 17:00:00,20.5,49,0.0,0.0,1012.8,11.9,30.2,era5
2024-08-09 18:00:00,20.3,50,0.0,0.0,1012.6,12.0,29.2,era5
2024-08-09 19:00:00,19.5,52,0.0,0.0,1012.5,12.5,29.2,era5
2024-08-09 20:00:00,18.4,57,0.0,0.0,1012.5,10.5,28.4,era5
2024-08-09 21:00:00,16.9,63,0.0,0.0,1012.2,10.6,21.6,era5
2024-08-09 22:00:00,15.7,66,0.0,0.0,1012.1,11.5,21.2,era5
2024-08-09 23:00:00,15.2,68,0.0,0.0,1012.2,11.8,22.0,era5
2024-08-10 00:00:00,14.8,75,0.0,0.0,1012.2,11.5,22.0,era5
2024-08-10 01:00:00,14.5,80,0.0,0.0,1012.1,11.7,22.0,era5
2024-08-10 02:00:00,14.3,80,0.0,0.0,1011.6,11.9,22.7,era5
2024-08-10 03:00:00,14.1,81,0.0,0.0,1011.3,11.6,22.3,era5
2024-08-10 04:00:00,14.6,80,0.0,0.0,1011.4,12.2,25.2,era5
2024-08-10 05:00:00,14.5,81,0.0,0.0,1011.1,11.9,23.4,era5
2024-08-10 06:00:00,15.3,79,0.0,0.0,1010.8,12.4,25.2,era5
2024-08-10 07:00:00,16.1,77,0.0,0.0,1010.6,10.0,25.6,era5
2024-08-10 08:00:00,17.2,71,0.0,0.0,1010.2,13.1,30.2,era5
2024-08-10 09:00:00,18.4,66,0.0,0.0,1009.8,14.1,33.5,era5
2024-08-10 10:00:00,19.8,59,0.0,0.0,1009.4,15.3,36.7,era5
2024-08-10 11:00:00,20.9,53,0.0,0.0,1009.0,17.3,41.0,era5
2024-08-10 12:00:00,21.7,48,0.0,0.0,1008.3,18.9,44.3,era5
2024-08-10 13:00:00,21.8,46,0.0,0.0,1007.6,20.1,46.1,era5
2024-08-10 14:00:00,22.0,44,0.0,0.0,1007.1,20.2,46.8,era5
2024-08-10 15:00:00,22.1,42,0.0,0.0,1006.4,20.2,47.2,era5
2024-08-10 16:00:00,22.3,40,0.0,0.0,1005.7,19.5,46.8,era5
2024-08-10 17:00:00,21.9,40,0.0,0.0,1005.2,19.5,44.6,era5
2024-08-10 18:00:00,21.2,44,0.0,0.0,1005.0,19.4,44.3,era5
2024-08-10 19:00:00,19.9,54,0.0,0.0,1004.9,17.4,42.8,era5
2024-08-10 20:00:00,18.8,61,0.0,0.0,1004.5,16.3,37.8,era5
2024-08-10 21:00:00,17.6,66,0.0,0.0,1004.0,15.6,35.3,era5
2024-08-10 22:00:00,16.5,71,0.0,0.0,1003.8,14.4,32.4,era5
2024-08-10 23:00:00,15.7,75,0.0,0.0,1003.4,13.8,29.5,era5
2024-08-11 00:00:00,15.1,80,0.0,0.0,1003.0,13.9,28.4,era5
2024-08-11 01:00:00,14.5,84,0.0,0.0,1002.7,13.4,27.7,era5
2024-08-11 02:00:00,14.0,88,0.0,0.0,1002.4,13.0,26.6,era5
2024-08-11 03:00:00,13.5,92,0.0,0.0,1001.9,13.0,25.9,era5
2024-08-11 04:00:00,13.7,95,0.0,0.0,1001.8,13.7,26.3,era5
2024-08-11 05:00:00,13.8,95,0.0,0.0,1001.8,14.8,30.2,era5
2024-08-11 06:00:00,14.5,92,0.0,0.0,1001.4,14.4,31.3,era5
2024-08-11 07:00:00,14.9,88,0.0,0.0,1001.5,13.8,32.0,era5
2024-08-11 08:00:00,15.4,84,0.0,0.0,1001.5,15.4,33.5,era5
2024-08-11 09:00:00,16.2,79,0.2,0.0,1001.2,15.0,34.2,era5
2024-08-11 10:00:00,17.1,76,0.3,0.0,1001.1,15.6,43.2,era5
2024-08-11 11:00:00,19.2,66,0.0,0.0,1000.7,12.6,43.2,era5
2024-08-11 12:00:00,20.6,59,0.0,0.0,1000.5,17.8,46.8,era5
2024-08-11 13:00:00,21.2,52,0.1,0.0,1000.5,20.6,49.3,era5
2024-08-11 14:00:00,21.3,49,0.0,0.0,1000.6,20.9,49.0,era5
2024-08-11 15:00:00,21.7,45,0.0,0.0,1000.5,19.1,52.2,era5
2024-08-11 16:00:00,21.5,46,0.0,0.0,1000.7,18.7,45.0,era5
2024-08-11 17:00:00,21.0,47,0.0,0.0,1001.0,18.1,42.5,era5
2024-08-11 18:00:00,20.4,49,0.0,0.0,1001.4,16.9,41.4,era5
2024-08-11 19:00:00,19.5,54,0.0,0.0,1001.8,12.9,37.4,era5
2024-08-11 20:00:00,18.7,58,0.0,0.0,1001.9,7.9,27.7,era5
2024-08-11 21:00:00,16.8,70,0.0,0.0,1002.0,4.9,16.2,era5
2024-08-11 22:00:00,15.3,73,0.0,0.0,1002.2,4.8,9.4,era5
2024-08-11 23:00:00,15.6,68,0.0,0.0,1002.4,7.6,13.3,era5
2024-08-12 00:00:00,15.3,68,0.0,0.0,1002.4,10.2,16.9,era5
2024-08-12 01:00:00,14.5,71,0.0,0.0,1002.8,11.8,20.5,era5
2024-08-12 02:00:00,14.2,71,0.0,0.0,1003.2,12.1,23.0,era5
2024-08-12 03:00:00,13.7,72,0.0,0.0,1003.5,12.9,25.2,era5
2024-08-12 04:00:00,13.2,80,0.0,0.0,1003.8,14.2,27.7,era5
2024-08-12 05:00:00,13.1,80,0.0,0.0,1004.3,14.2,28.1,era5
2024-08-12 06:00:00,13.7,78,0.0,0.0,1004.6,12.9,28.1,era5
2024-08-12 07:00:00,14.9,74,0.0,0.0,1005.0,10.7,26.6,era5
2024-08-12 08:00:00,16.6,68,0.0,0.0,1005.5,10.5,25.2,era5
2024-08-12 09:00:00,18.3,61,0.0,0.0,1005.8,11.8,28.4,era5
2024-08-12 10:00:00,19.8,56,0.0,0.0,1006.1,11.3,29.5,era5
2024-08-12 11:00:00,20.8,51,0.1,0.0,1006.3,12.5,30.6,era5
2024-08-12 12:00:00,20.9,50,0.2,0.0,1006.9,11.8,30.6,era5
2024-08-12 13:00:00,21.4,50,0.6,0.0,1007.4,9.5,28.4,era5
2024-08-12 14:00:00,21.9,54,0.0,0.0,1007.7,6.9,25.9,era5
2024-08-12 15:00:00,20.2,68,3.1,0.0,1008.2,9.7,25.9,era5
2024-08-12 16:00:00,18.4,76,0.8,0.0,1009.2,3.6,20.5,era5
2024-08-12 17:00:00,19.3,71,0.0,0.0,1009.4,6.1,17.6,era5
2024-08-12 18:00:00,19.9,63,0.0,0.0,1009.8,5.2,17.6,era5
2024-08-12 19:00:00,20.0,62,0.0,0.0,1010.1,4.5,13.7,era5
2024-08-12 20:00:00,19.1,70,0.0,0.0,1010.4,3.2,11.5,era5
2024-08-12 21:00:00,17.7,77,0.0,0.0,1010.9,4.5,7.6,era5
2024-08-12 22:00:00,16.1,83,0.0,0.0,1011.3,5.2,8.6,era5
2024-08-12 23:00:00,15.1,86,0.0,0.0,1011.7,5.2,8.6,era5
2024-08-13 00:00:00,14.4,88,0.0,0.0,1012.0,6.2,10.1,era5
2024-08-13 01:00:00,14.0,89,0.0,0.0,1012.4,6.3,10.4,era5
2024-08-13 02:00:00,13.8,89,0.0,0.0,1012.7,6.7,11.2,era5
2024-08-13 03:00:00,13.8,90,0.0,0.0,1013.1,9.1,12.6,era5
2024-08-13 04:00:00,13.9,91,0.0,0.0,1013.8,9.5,17.6,era5
2024-08-13 05:00:00,13.8,95,0.0,0.0,1014.2,9.2,15.8,era5
2024-08-13 06:00:00,14.4,95,0.0,0.0,1014.5,9.3,17.6,era5
2024-08-13 07:00:00,16.0,86,0.0,0.0,1014.7,7.3,18.0,era5
2024-08-13 08:00:00,17.5,74,0.0,0.0,1014.9,5.8,16.6,era5
2024-08-13 09:00:00,19.1,64,0.0,0.0,1014.9,5.4,15.8,era5
2024-08-13 10:00:00,20.6,57,0.0,0.0,1014.9,4.6,16.2,era5
2024-08-13 11:00:00,21.8,53,0.0,0.0,1015.1,4.2,16.2,era5
2024-08-13 12:00:00,22.5,52,0.0,0.0,1015.1,5.4,18.4,era5
2024-08-13 13:00:00,23.0,51,0.0,0.0,1015.1,6.8,20.9,era5
2024-08-13 14:00:00,22.5,53,0.6,0.0,1015.2,10.2,27.4,era5
2024-08-13 15:00:00,21.5,55,0.9,0.0,1015.2,6.5,26.6,era5
2024-08-13 16:00:00,22.7,45,0.0,0.0,1015.0,8.8,24.1,era5
2024-08-13 17:00:00,22.7,43,0.0,0.0,1014.8,8.2,24.1,era5
2024-08-13 18:00:00,22.2,46,0.0,0.0,1015.0,8.4,20.9,era5
2024-08-13 19:00:00,21.6,52,0.0,0.0,1015.0,7.2,20.2,era5
2024-08-13 20:00:00,19.9,65,0.0,0.0,1015.0,8.8,16.2,era5
2024-08-13 21:00:00,18.0,76,0.0,0.0,1015.3,10.1,19.1,era5
2024-08-13 22:00:00,16.8,85,0.0,0.0,1015.4,10.1,19.1,era5
2024-08-13 23:00:00,15.9,91,0.0,0.0,1015.5,8.3,18.4,era5
2024-08-14 00:00:00,15.1,91,0.0,0.0,1015.8,5.4,13.0,era5
2024-08-14 01:00:00,14.2,85,0.0,0.0,1016.0,4.6,10.4,era5
2024-08-14 02:00:00,13.6,80,0.0,0.0,1016.3,3.8,7.9,era5
2024-08-14 03:00:00,13.3,80,0.0,0.0,1016.6,3.8,9.4,era5
2024-08-14 04:00:00,10.8,90,0.0,0.0,1017.1,3.3,6.8,era5
2024-08-14 05:00:00,10.4,93,0.0,0.0,1017.3,3.1,6.5,era5
2024-08-14 06:00:00,12.0,92,0.0,0.0,1017.3,3.7,6.1,era5
2024-08-14 07:00:00,14.0,85,0.0,0.0,1017.3,3.8,8.6,era5
2024-08-14 08:00:00,15.7,74,0.0,0.0,1017.3,1.9,9.0,era5
2024-08-14 09:00:00,17.1,67,0.0,0.0,1017.1,2.9,11.9,era5
2024-08-14 10:00:00,18.6,58,0.0,0.0,1016.9,4.8,15.8,era5
2024-08-14 11:00:00,19.9,47,0.0,0.0,1016.7,5.9,18.7,era5
2024-08-14 12:00:00,20.9,40,0.0,0.0,1016.6,7.1,21.6,era5
2024-08-14 13:00:00,21.5,36,0.0,0.0,1016.7,8.0,23.0,era5
2024-08-14 14:00:00,22.0,34,0.0,0.0,1016.3,8.1,23.4,era5
2024-08-14 15:00:00,22.2,32,0.0,0.0,1016.1,7.6,23.0,era5
2024-08-14 16:00:00,21.9,32,0.0,0.0,1016.3,5.8,18.0,era5
2024-08-14 17:00:00,21.7,32,0.0,0.0,1016.1,5.2,18.0,era5
2024-08-14 18:00:00,21.4,33,0.0,0.0,1015.9,4.8,15.1,era5
2024-08-14 19:00:00,20.5,41,0.0,0.0,1015.6,4.3,13.0,era5
2024-08-14 20:00:00,18.7,55,0.0,0.0,1015.7,3.8,8.6,era5
2024-08-14 21:00:00,17.0,62,0.0,0.0,1015.7,5.6,9.0,era5
2024-08-14 22:00:00,16.2,72,0.0,0.0,1015.9,7.8,13.0,era5
2024-08-14 23:00:00,15.6,76,0.0,0.0,1016.0,7.0,13.0,era5
2024-08-15 00:00:00,15.0,77,0.0,0.0,1015.9,6.5,11.5,era5
2024-08-15 01:00:00,14.7,78,0.0,0.0,1015.9,7.3,11.9,era5
2024-08-15 02:00:00,14.3,79,0.0,0.0,1015.8,7.9,12.6,era5
2024-08-15 03:00:00,13.9,82,0.0,0.0,1015.7,7.9,13.0,era5
2024-08-15 04:00:00,12.6,86,0.0,0.0,1016.3,7.9,13.0,era5
2024-08-15 05:00:00,12.2,90,0.0,0.0,1016.3,9.3,15.5,era5
2024-08-15 06:00:00,12.7,90,0.0,0.0,1016.0,8.8,15.1,era5
2024-08-15 07:00:00,14.0,85,0.0,0.0,1015.8,7.7,16.6,era5
2024-08-15 08:00:00,15.4,82,0.0,0.0,1015.8,7.6,18.7,era5
2024-08-15 09:00:00,16.8,79,0.0,0.0,1015.5,8.3,22.3,era5
2024-08-15 10:00:00,18.5,72,0.0,0.0,1015.1,8.7,23.4,era5
2024-08-15 11:00:00,20.0,66,0.0,0.0,1014.9,9.8,25.9,era5
2024-08-15 12:00:00,21.0,62,0.0,0.0,1014.7,10.2,27.4,era5
2024-08-15 13:00:00,21.6,61,0.0,0.0,1014.4,11.2,28.4,era5
2024-08-15 14:00:00,22.5,56,0.0,0.0,1014.0,11.5,29.5,era5
2024-08-15 15:00:00,23.2,52,0.0,0.0,1013.5,11.5,29.5,era5
2024-08-15 16:00:00,23.7,49,0.0,0.0,1013.4,11.3,29.5,era5
2024-08-15 17:00:00,23.6,48,0.0,0.0,1013.0,11.9,28.1,era5
2024-08-15 18:00:00,22.2,55,0.0,0.0,1012.7,14.7,32.8,era5
2024-08-15 19:00:00,21.0,60,0.0,0.0,1012.3,12.6,33.5,era5
2024-08-15 20:00:00,19.8,64,0.3,0.0,1012.2,10.8,27.0,era5
2024-08-15 21:00:00,18.3,71,0.2,0.0,1012.1,10.9,20.9,era5
2024-08-15 22:00:00,17.5,75,0.0,0.0,1011.9,11.1,20.9,era5
2024-08-15 23:00:00,17.4,77,0.0,0.0,1011.7,9.6,22.0,era5
2024-08-16 00:00:00,16.7,81,0.0,0.0,1011.2,9.2,18.0,era5
2024-08-16 01:00:00,16.6,81,0.0,0.0,1010.9,9.7,16.2,era5
2024-08-16 02:00:00,16.2,82,0.0,0.0,1010.7,9.4,16.2,era5
2024-08-16 03:00:00,15.9,85,0.0,0.0,1010.3,9.5,15.8,era5
2024-08-16 04:00:00,15.4,93,0.0,0.0,1010.7,11.4,21.2,era5
2024-08-16 05:00:00,15.2,97,0.0,0.0,1010.6,11.4,22.0,era5
2024-08-16 06:00:00,15.9,94,0.0,0.0,1009.9,10.7,22.0,era5
2024-08-16 07:00:00,16.8,89,0.0,0.0,1009.4,9.6,22.3,era5
2024-08-16 08:00:00,17.5,86,0.0,0.0,1009.0,11.3,24.5,era5
2024-08-16 09:00:00,18.7,80,0.0,0.0,1008.2,11.4,26.6,era5
2024-08-16 10:00:00,19.7,75,0.0,0.0,1007.6,13.1,30.2,era5
2024-08-16 11:00:00,20.9,70,0.0,0.0,1007.1,16.9,38.5,era5
2024-08-16 12:00:00,21.9,65,0.0,0.0,1006.5,18.7,43.2,era5
2024-08-16 13:00:00,22.4,62,0.0,0.0,1005.8,20.3,46.4,era5
2024-08-16 14:00:00,22.7,59,0.0,0.0,1005.3,19.8,46.8,era5
2024-08-16 15:00:00,22.1,51,0.0,0.0,1004.8,18.7,45.7,era5
2024-08-16 16:00:00,22.0,54,0.0,0.0,1004.4,19.4,43.2,era5
2024-08-16 17:00:00,22.3,54,0.0,0.0,1003.9,21.2,46.8,era5
2024-08-16 18:00:00,20.8,66,0.1,0.0,1003.6,18.0,47.2,era5
2024-08-16 19:00:00,18.4,81,1.1,0.0,1003.1,17.5,39.6,era5
2024-08-16 20:00:00,16.6,99,1.9,0.0,1002.5,13.3,39.6,era5
2024-08-16 21:00:00,16.6,100,1.5,0.0,1002.2,16.3,33.8,era5
2024-08-16 22:00:00,16.3,100,2.6,0.0,1001.8,14.4,34.9,era5
2024-08-16 23:00:00,16.3,100,1.7,0.0,1001.6,14.0,29.5,era5
2024-08-17 00:00:00,16.1,100,1.2,0.0,1001.0,13.7,29.2,era5
2024-08-17 01:00:00,15.8,100,0.2,0.0,1000.7,12.6,27.7,era5
2024-08-17 02:00:00,15.9,100,0.1,0.0,1000.2,11.9,25.6,era5
2024-08-17 03:00:00,15.9,99,0.0,0.0,999.9,11.4,24.5,era5
2024-08-17 04:00:00,15.3,100,0.0,0.0,1000.4,8.4,21.2,era5
2024-08-17 05:00:00,14.9,100,0.0,0.0,1000.5,8.6,16.9,era5
2024-08-17 06:00:00,14.7,98,0.0,0.0,1000.6,8.7,17.3,era5
2024-08-17 07:00:00,14.8,97,0.0,0.0,1000.4,7.9,17.3,era5
2024-08-17 08:00:00,15.3,92,0.1,0.0,1000.2,10.5,23.4,era5
2024-08-17 09:00:00,16.2,83,0.0,0.0,1000.0,11.5,25.9,era5
2024-08-17 10:00:00,17.3,74,0.0,0.0,999.9,12.8,30.2,era5
2024-08-17 11:00:00,17.7,69,0.0,0.0,1000.2,12.9,30.6,era5
2024-08-17 12:00:00,17.1,72,0.1,0.0,1000.5,14.5,32.4,era5
2024-08-17 13:00:00,17.4,73,0.1,0.0,1000.8,13.8,33.5,era5
2024-08-17 14:00:00,17.7,72,0.1,0.0,1000.9,15.5,33.8,era5
2024-08-17 15:00:00,18.2,71,0.1,0.0,1001.0,16.5,37.1,era5
2024-08-17 16:00:00,17.2,73,0.0,0.0,1001.9,14.8,33.1,era5
2024-08-17 17:00:00,17.8,71,0.0,0.0,1002.0,14.6,33.8,era5
2024-08-17 18:00:00,18.1,69,0.0,0.0,1002.0,14.0,32.8,era5
2024-08-17 19:00:00,17.6,72,0.0,0.0,1002.2,12.7,31.3,era5
2024-08-17 20:00:00,16.7,79,0.0,0.0,1002.3,9.8,28.1,era5
2024-08-17 21:00:00,15.5,85,0.0,0.0,1002.5,9.7,20.2,era5
2024-08-17 22:00:00,14.9,88,0.0,0.0,1002.7,11.2,20.9,era5
2024-08-17 23:00:00,14.9,88,0.0,0.0,1002.8,10.9,21.6,era5
2024-08-18 00:00:00,15.0,89,0.0,0.0,1003.0,11.5,23.4,era5
2024-08-18 01:00:00,14.8,90,0.0,0.0,1003.4,10.4,23.0,era5
2024-08-18 02:00:00,14.5,91,0.0,0.0,1003.5,9.4,20.9,era5
2024-08-18 03:00:00,14.2,92,0.0,0.0,1003.7,7.7,19.1,era5
2024-08-18 04:00:00,12.9,95,0.0,0.0,1004.2,9.6,20.5,era5
2024-08-18 05:00:00,12.6,97,0.0,0.0,1004.5,9.7,18.4,era5
2024-08-18 06:00:00,12.8,96,0.0,0.0,1004.7,9.4,19.8,era5
2024-08-18 07:00:00,13.6,89,0.0,0.0,1004.8,10.7,23.4,era5
2024-08-18 08:00:00,14.6,81,0.0,0.0,1004.9,11.6,25.9,era5
2024-08-18 09:00:00,15.4,75,0.0,0.0,1005.0,11.9,27.7,era5
2024-08-18 10:00:00,16.4,69,0.0,0.0,1005.4,10.5,27.7,era5
2024-08-18 11:00:00,17.3,63,0.0,0.0,1005.8,9.7,26.3,era5
2024-08-18 12:00:00,17.9,60,0.0,0.0,1005.9,9.0,25.6,era5
2024-08-18 13:00:00,18.6,58,0.0,0.0,1006.1,9.0,24.8,era5
2024-08-18 14:00:00,19.0,56,0.0,0.0,1006.2,9.0,24.5,era5
2024-08-18 15:00:00,19.6,52,0.0,0.0,1006.3,8.6,24.8,era5
2024-08-18 16:00:00,20.3,46,0.0,0.0,1006.3,7.6,22.7,era5
2024-08-18 17:00:00,20.3,46,0.0,0.0,1006.5,7.2,20.2,era5
2024-08-18 18:00:00,19.8,49,0.0,0.0,1006.7,6.2,18.0,era5
2024-08-18 19:00:00,18.7,59,0.0,0.0,1006.8,6.1,15.5,era5
2024-08-18 20:00:00,17.2,66,0.0,0.0,1006.9,7.8,13.3,era5
2024-08-18 21:00:00,15.5,70,0.0,0.0,1007.0,6.5,13.7,era5
2024-08-18 22:00:00,14.7,71,0.0,0.0,1006.9,6.3,10.4,era5
2024-08-18 23:00:00,14.4,72,0.0,0.0,1007.1,5.5,11.9,era5
2024-08-19 00:00:00,13.6,75,0.0,0.0,1007.1,5.9,9.4,era5
2024-08-19 01:00:00,13.6,75,0.0,0.0,1007.3,6.3,10.1,era5
2024-08-19 02:00:00,13.5,79,0.0,0.0,1007.1,7.4,14.8,era5
2024-08-19 03:00:00,13.2,83,0.0,0.0,1007.2,8.1,13.0,era5
2024-08-19 04:00:00,12.2,89,0.0,0.0,1007.2,9.7,15.5,era5
2024-08-19 05:00:00,12.2,91,0.0,0.0,1006.9,8.9,15.5,era5
2024-08-19 06:00:00,12.1,95,0.0,0.0,1006.5,8.7,15.1,era5
2024-08-19 07:00:00,13.3,93,0.0,0.0,1006.2,7.9,17.6,era5
2024-08-19 08:00:00,14.6,90,0.0,0.0,1005.5,9.3,20.2,era5
2024-08-19 09:00:00,16.0,83,0.0,0.0,1004.8,11.6,28.1,era5
2024-08-19 10:00:00,16.8,79,0.0,0.0,1004.4,12.1,28.4,era5
2024-08-19 11:00:00,17.7,72,0.0,0.0,1003.7,15.8,36.0,era5
2024-08-19 12:00:00,18.3,65,0.1,0.0,1002.9,18.8,41.8,era5
2024-08-19 13:00:00,18.6,66,0.6,0.0,1002.6,21.6,49.0,era5
2024-08-19 14:00:00,18.2,71,0.4,0.0,1002.1,20.5,49.7,era5
2024-08-19 15:00:00,18.8,62,0.1,0.0,1002.0,19.1,46.1,era5
2024-08-19 16:00:00,18.6,57,0.1,0.0,1001.7,16.8,42.1,era5
2024-08-19 17:00:00,17.9,63,0.0,0.0,1001.5,13.4,37.8,era5
2024-08-19 18:00:00,17.8,63,0.0,0.0,1001.3,14.8,34.9,era5
2024-08-19 19:00:00,14.5,90,2.5,0.0,1002.1,8.2,32.8,era5
2024-08-19 20:00:00,14.1,92,0.0,0.0,1001.4,9.4,20.2,era5
2024-08-19 21:00:00,13.4,94,0.0,0.0,1001.5,7.9,18.0,era5
2024-08-19 22:00:00,13.3,93,0.0,0.0,1001.7,8.6,14.0,era5
2024-08-19 23:00:00,13.1,94,0.0,0.0,1002.0,8.1,14.4,era5
2024-08-20 00:00:00,12.7,93,0.0,0.0,1002.6,8.2,13.7,era5
2024-08-20 01:00:00,12.1,94,0.0,0.0,1003.0,10.5,18.7,era5
2024-08-20 02:00:00,11.4,94,0.0,0.0,1003.7,12.0,23.4,era5
2024-08-20 03:00:00,11.1,93,0.0,0.0,1004.2,13.9,27.4,era5
2024-08-20 04:00:00,11.2,92,0.0,0.0,1004.8,13.4,26.6,era5
2024-08-20 05:00:00,11.4,89,0.0,0.0,1005.7,15.2,30.2,era5
2024-08-20 06:00:00,12.0,85,0.0,0.0,1006.4,15.5,32.0,era5
2024-08-20 07:00:00,12.5,80,0.0,0.0,1007.1,16.7,35.3,era5
2024-08-20 08:00:00,13.1,77,0.0,0.0,1007.8,17.8,37.4,era5
2024-08-20 09:00:00,14.0,71,0.0,0.0,1008.6,19.2,42.5,era5
2024-08-20 10:00:00,15.4,62,0.0,0.0,1009.3,18.6,43.2,era5
2024-08-20 11:00:00,16.4,57,0.0,0.0,1010.0,16.8,41.4,era5
2024-08-20 12:00:00,17.5,52,0.0,0.0,1010.5,17.3,39.6,era5
2024-08-20 13:00:00,18.2,48,0.0,0.0,1011.0,16.1,40.7,era5
2024-08-20 14:00:00,18.8,45,0.0,0.0,1011.3,14.6,38.2,era5
2024-08-20 15:00:00,19.1,41,0.0,0.0,1011.8,13.1,34.2,era5
2024-08-20 16:00:00,19.1,42,0.0,0.0,1012.4,11.8,31.7,era5
2024-08-20 17:00:00,19.1,41,0.0,0.0,1012.6,9.4,27.7,era5
2024-08-20 18:00:00,18.9,42,0.0,0.0,1012.8,6.8,21.6,era5
2024-08-20 19:00:00,17.9,53,0.0,0.0,1013.1,4.7,14.8,era5
2024-08-20 20:00:00,16.0,62,0.0,0.0,1013.5,5.3,9.0,era5
2024-08-20 21:00:00,14.0,70,0.0,0.0,1013.7,7.1,10.1,era5
2024-08-20 22:00:00,13.2,71,0.0,0.0,1013.9,6.9,10.4,era5
2024-08-20 23:00:00,12.9,73,0.0,0.0,1014.3,8.0,11.5,era5
2024-08-21 00:00:00,13.6,69,0.0,0.0,1014.6,6.0,10.8,era5
2024-08-21 01:00:00,12.6,78,0.0,0.0,1014.8,5.4,8.3,era5
2024-08-21 02:00:00,13.3,75,0.0,0.0,1014.8,5.3,9.7,era5
2024-08-21 03:00:00,13.6,75,0.0,0.0,1014.8,7.3,11.5,era5
2024-08-21 04:00:00,12.3,84,0.0,0.0,1015.1,9.2,15.5,era5
2024-08-21 05:00:00,12.2,86,0.0,0.0,1015.3,9.8,16.9,era5
2024-08-21 06:00:00,12.9,88,0.0,0.0,1015.4,9.4,17.6,era5
2024-08-21 07:00:00,13.8,87,0.0,0.0,1015.0,10.0,20.9,era5
2024-08-21 08:00:00,14.6,86,0.0,0.0,1014.5,11.3,23.8,era5
2024-08-21 09:00:00,16.2,77,0.0,0.0,1014.4,12.2,28.8,era5
2024-08-21 10:00:00,17.5,71,0.0,0.0,1014.2,13.3,31.7,era5
2024-08-21 11:00:00,18.6,65,0.0,0.0,1014.0,14.5,34.9,era5
2024-08-21 12:00:00,19.7,60,0.0,0.0,1013.7,15.4,36.7,era5
2024-08-21 13:00:00,20.3,58,0.1,0.0,1013.4,18.0,40.7,era5
2024-08-21 14:00:00,20.2,59,0.1,0.0,1013.0,19.1,42.1,era5
2024-08-21 15:00:00,20.7,56,0.0,0.0,1012.6,19.5,44.3,era5
2024-08-21 16:00:00,21.0,52,0.0,0.0,1012.7,18.3,42.5,era5
2024-08-21 17:00:00,21.1,51,0.0,0.0,1012.2,18.9,42.8,era5
2024-08-21 18:00:00,20.6,54,0.0,0.0,1012.1,16.1,41.8,era5
2024-08-21 19:00:00,19.7,56,0.0,0.0,1012.1,15.1,35.3,era5
2024-08-21 20:00:00,18.2,60,0.0,0.0,1011.9,14.5,32.8,era5
2024-08-21 21:00:00,16.8,65,0.0,0.0,1011.7,12.7,29.9,era5
2024-08-21 22:00:00,15.7,72,0.0,0.0,1011.8,11.4,25.2,era5
2024-08-21 23:00:00,14.9,78,0.0,0.0,1012.0,10.4,22.0,era5
2024-08-22 00:00:00,14.4,82,0.0,0.0,1012.1,9.7,19.4,era5
2024-08-22 01:00:00,14.0,84,0.0,0.0,1011.9,9.7,17.3,era5
2024-08-22 02:00:00,13.7,86,0.0,0.0,1011.9,9.9,16.6,era5
2024-08-22 03:00:00,13.3,87,0.0,0.0,1011.7,9.8,17.3,era5
2024-08-22 04:00:00,12.7,91,0.0,0.0,1011.5,10.2,17.6,era5
2024-08-22 05:00:00,12.4,92,0.0,0.0,1011.4,9.8,18.0,era5
2024-08-22 06:00:00,12.6,94,0.0,0.0,1011.4,10.0,18.4,era5
2024-08-22 07:00:00,13.6,92,0.0,0.0,1011.5,8.6,19.1,era5
2024-08-22 08:00:00,14.9,88,0.0,0.0,1011.2,9.8,22.7,era5
2024-08-22 09:00:00,16.2,82,0.0,0.0,1010.6,10.5,25.2,era5
2024-08-22 10:00:00,17.3,76,0.0,0.0,1010.2,13.6,32.4,era5
2024-08-22 11:00:00,18.4,69,0.0,0.0,1009.9,16.2,37.8,era5
2024-08-22 12:00:00,19.3,64,0.0,0.0,1009.6,18.4,42.5,era5
2024-08-22 13:00:00,20.3,56,0.0,0.0,1009.1,20.9,47.2,era5
2024-08-22 14:00:00,20.5,58,0.0,0.0,1008.7,18.8,47.5,era5
2024-08-22 15:00:00,21.0,54,0.0,0.0,1008.5,20.9,46.1,era5
2024-08-22 16:00:00,21.1,58,0.0,0.0,1008.2,20.0,46.8,era5
2024-08-22 17:00:00,20.8,59,0.0,0.0,1007.6,18.0,44.3,era5
2024-08-22 18:00:00,20.1,63,0.0,0.0,1007.5,15.9,40.0,era5
2024-08-22 19:00:00,19.2,69,0.0,0.0,1007.1,15.5,34.2,era5
2024-08-22 20:00:00,18.1,75,0.0,0.0,1006.5,15.5,32.4,era5
2024-08-22 21:00:00,17.3,75,0.0,0.0,1006.1,15.7,31.7,era5
2024-08-22 22:00:00,17.1,73,0.0,0.0,1005.9,15.9,32.4,era5
2024-08-22 23:00:00,16.9,75,0.0,0.0,1005.8,16.6,33.5,era5
2024-08-23 00:00:00,17.4,75,0.0,0.0,1005.7,16.5,35.3,era5
2024-08-23 01:00:00,17.1,78,0.0,0.0,1005.6,15.5,34.6,era5
2024-08-23 02:00:00,17.1,80,0.0,0.0,1005.4,14.4,32.8,era5
2024-08-23 03:00:00,16.9,82,0.1,0.0,1005.3,13.7,30.2,era5
2024-08-23 04:00:00,15.9,86,0.0,0.0,1005.5,13.3,29.9,era5
2024-08-23 05:00:00,16.2,87,0.0,0.0,1005.2,13.2,27.4,era5
2024-08-23 06:00:00,16.1,90,0.0,0.0,1005.1,12.0,27.4,era5
2024-08-23 07:00:00,16.4,90,0.1,0.0,1005.1,13.4,28.1,era5
2024-08-23 08:00:00,16.7,89,0.1,0.0,1005.3,13.7,33.8,era5
2024-08-23 09:00:00,16.7,91,0.1,0.0,1005.2,13.5,31.7,era5
2024-08-23 10:00:00,17.2,90,0.1,0.0,1005.1,14.3,31.7,era5
2024-08-23 11:00:00,17.9,88,0.1,0.0,1005.3,17.3,37.4,era5
2024-08-23 12:00:00,18.6,85,0.1,0.0,1005.4,18.0,38.5,era5
2024-08-23 13:00:00,18.9,84,0.1,0.0,1005.3,18.0,39.6,era5
2024-08-23 14:00:00,19.2,83,0.0,0.0,1005.2,15.5,38.5,era5
2024-08-23 15:00:00,19.7,81,0.0,0.0,1005.0,15.5,34.6,era5
2024-08-23 16:00:00,19.7,77,0.1,0.0,1005.1,16.0,34.9,era5
2024-08-23 17:00:00,19.9,76,0.2,0.0,1004.9,16.7,37.8,era5
2024-08-23 18:00:00,19.8,76,0.0,0.0,1004.8,13.0,35.6,era5
2024-08-23 19:00:00,19.3,80,0.0,0.0,1004.7,13.2,28.4,era5
2024-08-23 20:00:00,18.5,83,0.0,0.0,1004.4,13.2,28.1,era5
2024-08-23 21:00:00,18.0,85,0.0,0.0,1004.1,14.7,29.5,era5
2024-08-23 22:00:00,18.0,86,0.0,0.0,1003.8,15.9,32.8,era5
2024-08-23 23:00:00,17.9,88,0.0,0.0,1003.7,16.6,34.2,era5
2024-08-24 00:00:00,17.3,92,0.0,0.0,1003.5,15.9,34.6,era5
2024-08-24 01:00:00,16.9,95,0.0,0.0,1003.3,14.5,32.4,era5
2024-08-24 02:00:00,16.4,97,0.0,0.0,1003.0,14.7,29.5,era5
2024-08-24 03:00:00,16.2,98,0.0,0.0,1002.5,14.2,29.5,era5
2024-08-24 04:00:00,16.0,99,0.0,0.0,1001.9,15.0,30.6,era5
2024-08-24 05:00:00,16.0,97,0.1,0.0,1001.5,18.0,38.2,era5
2024-08-24 06:00:00,15.0,95,0.1,0.0,1001.5,19.4,40.3,era5
2024-08-24 07:00:00,14.5,90,0.1,0.0,1001.4,20.4,42.8,era5
2024-08-24 08:00:00,14.4,82,0.1,0.0,1001.1,20.5,47.9,era5
2024-08-24 09:00:00,14.4,82,0.0,0.0,1000.6,17.7,48.6,era5
2024-08-24 10:00:00,15.1,78,0.1,0.0,1000.0,24.2,52.2,era5
2024-08-24 11:00:00,15.4,76,0.1,0.0,999.6,24.3,52.2,era5
2024-08-24 12:00:00,15.8,78,0.2,0.0,999.4,23.2,51.8,era5
2024-08-24 13:00:00,15.4,85,0.5,0.0,999.0,19.5,50.0,era5
2024-08-24 14:00:00,16.9,77,0.1,0.0,998.5,24.9,51.8,era5
2024-08-24 15:00:00,16.7,80,0.1,0.0,997.8,17.9,52.9,era5
2024-08-24 16:00:00,16.0,84,0.4,0.0,997.2,18.0,45.0,era5
2024-08-24 17:00:00,14.9,99,1.5,0.0,996.9,19.6,40.3,era5
2024-08-24 18:00:00,15.3,97,0.7,0.0,996.3,17.9,41.4,era5
2024-08-24 19:00:00,15.6,92,0.4,0.0,996.1,18.0,40.3,era5
2024-08-24 20:00:00,14.9,98,0.2,0.0,996.2,19.2,42.5,era5
2024-08-24 21:00:00,14.8,97,0.5,0.0,996.3,16.8,45.0,era5
2024-08-24 22:00:00,13.9,94,0.1,0.0,996.7,16.6,34.6,era5
2024-08-24 23:00:00,13.5,90,0.0,0.0,997.3,17.2,34.6,era5
2024-08-25 00:00:00,13.2,84,0.0,0.0,998.1,19.6,40.0,era5
2024-08-25 01:00:00,13.3,78,0.0,0.0,999.0,18.9,41.8,era5
2024-08-25 02:00:00,13.4,76,0.0,0.0,1000.3,18.2,40.0,era5
2024-08-25 03:00:00,13.3,72,0.0,0.0,1001.2,17.3,38.9,era5
2024-08-25 04:00:00,12.8,72,0.0,0.0,1001.9,15.5,34.2,era5
2024-08-25 05:00:00,12.3,73,0.0,0.0,1002.9,14.9,32.4,era5
2024-08-25 06:00:00,12.1,72,0.0,0.0,1004.3,14.1,31.0,era5
2024-08-25 07:00:00,12.5,70,0.0,0.0,1005.3,11.6,28.8,era5
2024-08-25 08:00:00,13.3,67,0.0,0.0,1006.3,12.5,27.7,era5
2024-08-25 09:00:00,14.1,64,0.0,0.0,1006.9,13.9,32.0,era5
2024-08-25 10:00:00,15.0,62,0.0,0.0,1007.5,13.2,32.4,era5
2024-08-25 11:00:00,15.1,63,0.0,0.0,1008.2,11.7,31.7,era5
2024-08-25 12:00:00,14.8,66,0.0,0.0,1008.6,10.9,27.7,era5
2024-08-25 13:00:00,15.0,69,0.0,0.0,1008.9,10.9,25.6,era5
2024-08-25 14:00:00,14.7,74,0.3,0.0,1008.4,10.2,24.1,era5
2024-08-25 15:00:00,14.2,85,0.3,0.0,1008.0,13.0,25.9,era5
2024-08-25 16:00:00,16.3,65,0.0,0.0,1006.6,15.8,35.3,era5
2024-08-25 17:00:00,16.0,66,0.0,0.0,1005.6,15.5,35.6,era5
2024-08-25 18:00:00,16.2,65,0.0,0.0,1004.3,17.6,37.1,era5
2024-08-25 19:00:00,17.2,59,0.0,0.0,1003.3,22.2,47.9,era5
2024-08-25 20:00:00,17.6,63,0.0,0.0,1002.3,23.8,51.5,era5
2024-08-25 21:00:00,17.1,68,0.1,0.0,1001.2,22.0,51.5,era5
2024-08-25 22:00:00,17.3,66,0.0,0.0,1000.1,21.5,46.4,era5
2024-08-25 23:00:00,17.5,67,0.0,0.0,999.5,21.4,46.8,era5
2024-08-26 00:00:00,17.6,71,0.0,0.0,998.3,20.8,46.1,era5
2024-08-26 01:00:00,17.1,76,0.0,0.0,997.1,20.5,45.0,era5
2024-08-26 02:00:00,16.0,91,1.4,0.0,996.7,23.1,58.3,era5
2024-08-26 03:00:00,15.9,97,1.1,0.0,996.4,20.7,53.6,era5
2024-08-26 04:00:00,15.9,97,0.2,0.0,997.3,22.9,50.4,era5
2024-08-26 05:00:00,15.3,96,0.0,0.0,998.6,21.2,47.5,era5
2024-08-26 06:00:00,14.0,94,0.0,0.0,1000.5,18.1,43.6,era5
2024-08-26 07:00:00,13.9,91,0.0,0.0,1002.2,13.8,37.1,era5
2024-08-26 08:00:00,14.8,83,0.0,0.0,1003.5,16.4,35.3,era5
2024-08-26 09:00:00,15.6,78,0.0,0.0,1004.5,16.4,34.6,era5
2024-08-26 10:00:00,16.6,71,0.0,0.0,1005.5,15.7,37.4,era5
2024-08-26 11:00:00,17.5,64,0.0,0.0,1006.3,16.9,37.8,era5
2024-08-26 12:00:00,18.2,58,0.1,0.0,1007.0,17.7,49.3,era5
2024-08-26 13:00:00,18.8,55,0.0,0.0,1007.6,17.6,41.4,era5
2024-08-26 14:00:00,19.2,52,0.0,0.0,1007.9,17.6,41.0,era5
2024-08-26 15:00:00,19.5,49,0.0,0.0,1008.4,18.2,46.4,era5
2024-08-26 16:00:00,19.3,48,0.0,0.0,1008.6,18.1,46.4,era5
2024-08-26 17:00:00,19.1,47,0.0,0.0,1008.5,19.2,45.0,era5
2024-08-26 18:00:00,18.2,54,0.0,0.0,1008.8,17.1,42.5,era5
2024-08-26 19:00:00,17.4,60,0.0,0.0,1008.7,15.2,37.1,era5
2024-08-26 20:00:00,16.4,65,0.0,0.0,1008.7,13.4,32.8,era5
2024-08-26 21:00:00,15.7,68,0.0,0.0,1008.7,15.1,31.3,era5
2024-08-26 22:00:00,15.1,71,0.0,0.0,1008.7,14.6,31.7,era5
2024-08-26 23:00:00,14.8,73,0.0,0.0,1008.6,13.2,30.2,era5
2024-08-27 00:00:00,13.9,76,0.0,0.0,1008.3,14.5,28.8,era5
2024-08-27 01:00:00,13.8,75,0.0,0.0,1008.1,16.9,34.6,era5
2024-08-27 02:00:00,13.7,73,0.0,0.0,1007.8,16.7,35.3,era5
2024-08-27 03:00:00,13.6,72,0.0,0.0,1007.2,17.6,37.4,era5
2024-08-27 04:00:00,13.9,70,0.0,0.0,1005.7,21.2,44.6,era5
2024-08-27 05:00:00,14.3,68,0.0,0.0,1005.0,22.0,47.2,era5
2024-08-27 06:00:00,14.6,68,0.0,0.0,1004.2,24.0,51.5,era5
2024-08-27 07:00:00,13.9,80,0.8,0.0,1004.3,23.7,53.3,era5
2024-08-27 08:00:00,14.5,78,0.1,0.0,1004.6,21.2,49.7,era5
2024-08-27 09:00:00,15.4,70,0.0,0.0,1004.5,23.8,51.8,era5
2024-08-27 10:00:00,15.9,62,0.0,0.0,1004.7,23.9,53.6,era5
2024-08-27 11:00:00,16.3,59,0.0,0.0,1005.3,23.5,53.6,era5
2024-08-27 12:00:00,16.7,56,0.0,0.0,1005.6,26.2,58.3,era5
2024-08-27 13:00:00,17.2,51,0.0,0.0,1005.8,24.9,58.7,era5
2024-08-27 14:00:00,17.6,47,0.0,0.0,1006.1,28.5,62.6,era5
2024-08-27 15:00:00,17.1,48,0.0,0.0,1006.1,27.5,63.0,era5
2024-08-27 16:00:00,16.9,47,0.0,0.0,1006.4,26.2,63.7,era5
2024-08-27 17:00:00,16.5,47,0.0,0.0,1006.4,28.3,65.2,era5
2024-08-27 18:00:00,15.9,53,0.0,0.0,1006.9,22.1,65.5,era5
2024-08-27 19:00:00,15.2,57,0.0,0.0,1007.6,19.2,47.5,era5
2024-08-27 20:00:00,14.4,61,0.0,0.0,1007.5,18.2,41.8,era5
2024-08-27 21:00:00,13.4,66,0.0,0.0,1008.0,16.5,38.9,era5
2024-08-27 22:00:00,13.1,66,0.0,0.0,1008.4,15.4,34.6,era5
2024-08-27 23:00:00,12.8,65,0.0,0.0,1008.5,14.6,32.0,era5
2024-08-28 00:00:00,12.5,64,0.0,0.0,1008.6,13.9,31.0,era5
2024-08-28 01:00:00,12.3,63,0.0,0.0,1009.0,14.7,30.2,era5
2024-08-28 02:00:00,12.1,62,0.0,0.0,1009.4,15.4,32.4,era5
2024-08-28 03:00:00,11.8,63,0.0,0.0,1010.0,14.6,32.4,era5
2024-08-28 04:00:00,10.7,68,0.0,0.0,1010.5,13.0,30.6,era5
2024-08-28 05:00:00,10.2,70,0.0,0.0,1011.0,11.7,25.9,era5
2024-08-28 06:00:00,10.0,72,0.0,0.0,1011.6,11.4,23.4,era5
2024-08-28 07:00:00,10.7,71,0.0,0.0,1012.4,11.9,25.2,era5
2024-08-28 08:00:00,11.7,69,0.0,0.0,1013.1,11.3,25.2,era5
2024-08-28 09:00:00,12.8,66,0.0,0.0,1013.9,12.6,29.2,era5
2024-08-28 10:00:00,14.0,62,0.0,0.0,1014.1,12.6,30.2,era5
2024-08-28 11:00:00,14.9,60,0.0,0.0,1014.7,13.0,31.7,era5
2024-08-28 12:00:00,15.6,58,0.0,0.0,1014.9,12.3,31.7,era5
2024-08-28 13:00:00,16.2,55,0.0,0.0,1015.2,12.9,31.7,era5
2024-08-28 14:00:00,16.3,55,0.0,0.0,1015.4,13.4,31.7,era5
2024-08-28 15:00:00,16.4,54,0.0,0.0,1015.8,12.9,32.0,era5
2024-08-28 16:00:00,16.9,50,0.0,0.0,1016.0,13.9,34.2,era5
2024-08-28 17:00:00,16.7,49,0.0,0.0,1016.1,11.8,31.3,era5
2024-08-28 18:00:00,15.9,55,0.0,0.0,1016.3,9.4,26.6,era5
2024-08-28 19:00:00,15.3,62,0.0,0.0,1016.2,7.5,20.5,era5
2024-08-28 20:00:00,14.7,67,0.0,0.0,1016.1,5.8,15.1,era5
2024-08-28 21:00:00,14.4,69,0.0,0.0,1016.2,8.7,16.2,era5
2024-08-28 22:00:00,14.4,74,0.0,0.0,1016.3,10.6,22.3,era5
2024-08-28 23:00:00,14.2,81,0.3,0.0,1016.5,8.2,22.0,era5
2024-08-29 00:00:00,13.9,84,0.0,0.0,1016.4,6.3,15.8,era5
2024-08-29 01:00:00,12.6,90,0.0,0.0,1016.7,7.9,13.7,era5
2024-08-29 02:00:00,11.8,93,0.0,0.0,1017.1,5.4,13.7,era5
2024-08-29 03:00:00,10.5,94,0.0,0.0,1017.5,7.1,10.8,era5
2024-08-29 04:00:00,12.4,90,0.0,0.0,1018.3,3.2,6.1,era5
2024-08-29 05:00:00,12.1,91,0.0,0.0,1018.9,5.4,8.3,era5
2024-08-29 06:00:00,11.7,93,0.0,0.0,1019.0,3.9,8.3,era5
2024-08-29 07:00:00,11.4,96,0.0,0.0,1019.2,3.6,6.5,era5
2024-08-29 08:00:00,12.5,98,0.0,0.0,1019.9,4.1,11.9,era5
2024-08-29 09:00:00,14.1,91,0.0,0.0,1020.2,3.4,13.0,era5
2024-08-29 10:00:00,15.7,83,0.0,0.0,1020.3,4.2,14.4,era5
2024-08-29 11:00:00,17.4,72,0.0,0.0,1020.5,7.6,20.2,era5
2024-08-29 12:00:00,18.8,64,0.0,0.0,1020.4,7.6,21.2,era5
2024-08-29 13:00:00,19.3,61,0.0,0.0,1020.7,7.9,19.8,era5
2024-08-29 14:00:00,19.8,58,0.1,0.0,1020.9,7.4,21.2,era5
2024-08-29 15:00:00,20.0,58,0.0,0.0,1021.2,6.4,19.1,era5
2024-08-29 16:00:00,19.3,61,0.0,0.0,1021.7,5.6,17.6,era5
2024-08-29 17:00:00,19.2,61,0.0,0.0,1021.7,3.0,15.8,era5
2024-08-29 18:00:00,18.9,63,0.0,0.0,1021.6,0.4,9.4,era5
2024-08-29 19:00:00,17.6,79,0.0,0.0,1021.5,3.2,5.4,era5
2024-08-29 20:00:00,16.0,85,0.0,0.0,1021.8,4.6,7.2,era5
2024-08-29 21:00:00,15.4,84,0.0,0.0,1022.1,6.9,11.2,era5
2024-08-29 22:00:00,14.8,86,0.0,0.0,1022.0,7.4,12.2,era5
2024-08-29 23:00:00,14.2,87,0.0,0.0,1022.1,7.3,14.4,era5
2024-08-30 00:00:00,14.0,88,0.0,0.0,1022.0,9.3,14.4,era5
2024-08-30 01:00:00,13.6,89,0.0,0.0,1022.0,9.2,15.1,era5
2024-08-30 02:00:00,13.3,91,0.0,0.0,1021.9,9.2,15.1,era5
2024-08-30 03:00:00,13.1,93,0.0,0.0,1021.9,9.0,15.1,era5
2024-08-30 04:00:00,12.5,96,0.0,0.0,1022.1,8.9,14.8,era5
2024-08-30 05:00:00,12.5,98,0.0,0.0,1021.8,9.0,15.1,era5
2024-08-30 06:00:00,12.6,98,0.0,0.0,1021.6,9.2,15.8,era5
2024-08-30 07:00:00,13.4,98,0.0,0.0,1021.3,9.5,18.7,era5
2024-08-30 08:00:00,14.5,94,0.0,0.0,1021.2,10.4,22.7,era5
2024-08-30 09:00:00,15.7,90,0.0,0.0,1021.0,11.3,25.6,era5
2024-08-30 10:00:00,17.0,86,0.0,0.0,1020.6,14.4,32.8,era5
2024-08-30 11:00:00,18.7,79,0.0,0.0,1020.3,15.7,35.6,era5
2024-08-30 12:00:00,19.7,75,0.0,0.0,1019.7,15.5,36.0,era5
2024-08-30 13:00:00,20.4,71,0.1,0.0,1019.5,16.0,38.2,era5
2024-08-30 14:00:00,21.1,68,0.0,0.0,1018.9,15.7,36.4,era5
2024-08-30 15:00:00,21.5,65,0.0,0.0,1018.4,17.1,38.2,era5
2024-08-30 16:00:00,21.6,61,0.0,0.0,1018.1,18.5,41.8,era5
2024-08-30 17:00:00,21.4,60,0.0,0.0,1017.7,17.7,41.4,era5
2024-08-30 18:00:00,21.0,62,0.0,0.0,1017.5,15.9,38.5,era5
2024-08-30 19:00:00,19.9,68,0.0,0.0,1016.8,13.4,33.8,era5
2024-08-30 20:00:00,18.8,73,0.0,0.0,1016.8,14.3,29.2,era5
2024-08-30 21:00:00,18.2,73,0.0,0.0,1017.1,13.9,29.9,era5
2024-08-30 22:00:00,17.3,77,0.0,0.0,1016.8,13.0,28.1,era5
2024-08-30 23:00:00,16.6,80,0.0,0.0,1016.4,12.4,25.9,era5
2024-08-31 00:00:00,16.2,83,0.0,0.0,1016.0,12.2,24.5,era5
2024-08-31 01:00:00,15.8,85,0.0,0.0,1015.9,12.2,24.1,era5
2024-08-31 02:00:00,15.5,86,0.0,0.0,1015.7,12.1,24.1,era5
2024-08-31 03:00:00,15.2,88,0.0,0.0,1015.4,11.1,23.4,era5
2024-08-31 04:00:00,15.2,90,0.0,0.0,1015.0,12.2,25.6,era5
2024-08-31 05:00:00,15.0,90,0.0,0.0,1014.6,13.4,26.3,era5
2024-08-31 06:00:00,15.2,91,0.3,0.0,1014.6,15.4,31.0,era5
2024-08-31 07:00:00,14.6,100,1.2,0.0,1013.8,13.2,31.3,era5
2024-08-31 08:00:00,15.0,100,0.5,0.0,1013.6,13.8,28.1,era5
2024-08-31 09:00:00,15.2,100,1.1,0.0,1013.0,14.9,33.1,era5
2024-08-31 10:00:00,15.4,98,0.6,0.0,1012.8,14.0,38.2,era5
2024-08-31 11:00:00,16.0,97,0.2,0.0,1012.9,14.7,30.2,era5
2024-08-31 12:00:00,16.6,93,0.2,0.0,1012.8,14.2,33.8,era5
2024-08-31 13:00:00,17.6,92,0.1,0.0,1013.2,14.4,32.0,era5
2024-08-31 14:00:00,18.3,91,0.3,0.0,1013.4,12.0,32.4,era5
2024-08-31 15:00:00,18.3,93,0.1,0.0,1013.8,8.2,28.1,era5
2024-08-31 16:00:00,17.8,99,0.1,0.0,1014.3,6.4,18.7,era5
2024-08-31 17:00:00,18.6,93,0.1,0.0,1014.5,5.3,17.3,era5
2024-08-31 18:00:00,18.4,95,0.0,0.0,1014.7,3.3,13.3,era5
2024-08-31 19:00:00,18.1,89,0.1,0.0,1015.0,2.5,8.6,era5
2024-08-31 20:00:00,17.0,96,0.0,0.0,1015.3,7.3,12.2,era5
2024-08-31 21:00:00,16.0,99,0.0,0.0,1015.7,9.0,16.2,era5
2024-08-31 22:00:00,15.9,99,0.0,0.0,1016.2,13.7,25.2,era5
2024-08-31 23:00:00,14.4,97,0.0,0.0,1016.9,18.3,38.2,era5
2024-09-01 00:00:00,13.8,98,0.0,0.0,1017.2,17.6,36.7,era5
2024-09-01 01:00:00,13.7,97,0.0,0.0,1017.7,17.7,36.7,era5
2024-09-01 02:00:00,13.6,96,0.2,0.0,1018.0,17.5,37.1,era5
2024-09-01 03:00:00,13.2,97,2.0,0.0,1018.5,17.8,35.6,era5
2024-09-01 04:00:00,12.8,92,0.0,0.0,1019.7,16.1,32.8,era5
2024-09-01 05:00:00,12.6,90,0.0,0.0,1019.9,16.9,35.6,era5
2024-09-01 06:00:00,12.7,90,0.0,0.0,1020.0,15.6,35.3,era5
2024-09-01 07:00:00,13.2,87,0.0,0.0,1020.3,14.0,32.8,era5
2024-09-01 08:00:00,13.6,86,0.0,0.0,1020.8,12.2,30.6,era5
2024-09-01 09:00:00,14.4,81,0.0,0.0,1021.5,16.1,34.6,era5
2024-09-01 10:00:00,14.5,79,0.0,0.0,1021.8,15.6,35.6,era5
2024-09-01 11:00:00,15.9,73,0.0,0.0,1022.5,13.6,35.6,era5
2024-09-01 12:00:00,16.5,71,0.0,0.0,1023.0,14.2,33.5,era5
2024-09-01 13:00:00,16.3,69,0.0,0.0,1023.6,13.2,33.5,era5
2024-09-01 14:00:00,17.3,65,0.0,0.0,1023.6,13.0,32.0,era5
2024-09-01 15:00:00,17.6,63,0.0,0.0,1024.0,13.2,31.7,era5
2024-09-01 16:00:00,16.4,68,0.0,0.0,1025.1,11.6,27.0,era5
2024-09-01 17:00:00,16.2,67,0.0,0.0,1025.5,9.7,27.0,era5
2024-09-01 18:00:00,16.2,67,0.0,0.0,1025.9,10.0,23.0,era5
2024-09-01 19:00:00,15.6,69,0.0,0.0,1026.2,9.7,22.0,era5
2024-09-01 20:00:00,14.5,71,0.0,0.0,1026.9,9.9,20.5,era5
2024-09-01 21:00:00,14.3,71,0.0,0.0,1027.1,9.0,20.2,era5
2024-09-01 22:00:00,14.0,74,0.0,0.0,1027.6,9.3,19.1,era5
2024-09-01 23:00:00,13.9,76,0.0,0.0,1028.0,7.8,19.1,era5
2024-09-02 00:00:00,13.5,81,0.0,0.0,1028.4,7.3,15.5,era5
2024-09-02 01:00:00,13.0,85,0.0,0.0,1028.9,6.7,13.7,era5
2024-09-02 02:00:00,12.6,89,0.0,0.0,1029.2,6.0,12.2,era5
2024-09-02 03:00:00,12.5,91,0.0,0.0,1029.6,5.3,10.8,era5
2024-09-02 04:00:00,11.2,95,0.0,0.0,1030.7,3.8,7.2,era5
2024-09-02 05:00:00,10.6,97,0.0,0.0,1031.2,4.2,6.8,era5
2024-09-02 06:00:00,10.7,94,0.0,0.0,1031.2,5.5,6.8,era5
2024-09-02 07:00:00,11.7,90,0.0,0.0,1031.5,3.1,7.2,era5
2024-09-02 08:00:00,13.0,87,0.0,0.0,1031.8,1.1,6.1,era5
2024-09-02 09:00:00,14.2,81,0.0,0.0,1032.1,3.0,10.8,era5
2024-09-02 10:00:00,15.2,75,0.0,0.0,1032.4,3.7,13.3,era5
2024-09-02 11:00:00,16.2,69,0.0,0.0,1032.7,5.1,16.2,era5
2024-09-02 12:00:00,16.6,66,0.0,0.0,1032.7,5.9,18.0,era5
2024-09-02 13:00:00,17.0,64,0.0,0.0,1032.4,4.7,18.0,era5
2024-09-02 14:00:00,17.2,62,0.0,0.0,1032.1,4.0,15.5,era5
2024-09-02 15:00:00,17.6,61,0.0,0.0,1032.0,4.8,15.5,era5
2024-09-02 16:00:00,16.9,66,0.0,0.0,1032.4,5.5,15.8,era5
2024-09-02 17:00:00,16.7,67,0.0,0.0,1032.4,5.8,15.8,era5
2024-09-02 18:00:00,16.0,69,0.0,0.0,1032.4,5.8,15.5,era5
2024-09-02 19:00:00,14.7,77,0.0,0.0,1032.4,5.8,13.7,era5
2024-09-02 20:00:00,12.9,84,0.0,0.0,1032.5,4.6,10.4,era5
2024-09-02 21:00:00,12.3,86,0.0,0.0,1032.6,6.9,10.1,era5
2024-09-02 22:00:00,11.6,88,0.0,0.0,1032.7,4.8,11.2,era5
2024-09-02 23:00:00,10.8,89,0.0,0.0,1032.7,6.2,9.0,era5
2024-09-03 00:00:00,10.4,90,0.0,0.0,1032.7,6.2,8.6,era5
2024-09-03 01:00:00,10.3,89,0.0,0.0,1032.6,6.8,9.0,era5
2024-09-03 02:00:00,9.8,90,0.0,0.0,1032.6,6.9,10.1,era5
2024-09-03 03:00:00,9.6,91,0.0,0.0,1032.6,6.9,10.1,era5
2024-09-03 04:00:00,9.2,96,0.0,0.0,1033.1,4.2,8.6,era5
2024-09-03 05:00:00,9.6,96,0.0,0.0,1033.0,4.2,6.8,era5
2024-09-03 06:00:00,9.6,97,0.0,0.0,1033.1,4.5,7.6,era5
2024-09-03 07:00:00,10.3,96,0.0,0.0,1033.4,5.6,11.9,era5
2024-09-03 08:00:00,12.0,91,0.0,0.0,1033.2,7.5,16.6,era5
2024-09-03 09:00:00,13.1,83,0.0,0.0,1033.0,9.2,22.0,era5
2024-09-03 10:00:00,14.3,76,0.0,0.0,1032.7,11.4,27.0,era5
2024-09-03 11:00:00,15.3,70,0.0,0.0,1032.5,17.1,37.8,era5
2024-09-03 12:00:00,15.8,69,0.0,0.0,1032.2,17.6,40.0,era5
2024-09-03 13:00:00,16.3,68,0.0,0.0,1031.6,15.9,40.3,era5
2024-09-03 14:00:00,16.4,68,0.0,0.0,1031.2,15.6,38.9,era5
2024-09-03 15:00:00,16.7,68,0.0,0.0,1030.8,14.8,37.1,era5
2024-09-03 16:00:00,16.5,70,0.0,0.0,1030.8,13.4,33.1,era5
2024-09-03 17:00:00,16.2,72,0.0,0.0,1030.6,13.9,31.7,era5
2024-09-03 18:00:00,15.8,73,0.0,0.0,1030.4,13.0,31.7,era5
2024-09-03 19:00:00,14.9,76,0.0,0.0,1029.9,12.3,28.4,era5
2024-09-03 20:00:00,13.8,80,0.0,0.0,1030.0,13.0,25.9,era5
2024-09-03 21:00:00,13.2,83,0.0,0.0,1030.1,15.1,30.2,era5
2024-09-03 22:00:00,13.1,85,0.0,0.0,1030.0,16.3,33.1,era5
2024-09-03 23:00:00,12.8,86,0.0,0.0,1029.9,15.8,32.8,era5
2024-09-04 00:00:00,12.5,88,0.0,0.0,1029.9,14.4,31.7,era5
2024-09-04 01:00:00,12.5,88,0.0,0.0,1029.8,14.0,29.2,era5
2024-09-04 02:00:00,12.6,89,0.0,0.0,1029.6,13.0,28.1,era5
2024-09-04 03:00:00,12.6,90,0.0,0.0,1029.7,12.2,25.6,era5
2024-09-04 04:00:00,12.3,93,0.0,0.0,1029.9,11.3,23.0,era5
2024-09-04 05:00:00,12.0,96,0.0,0.0,1029.8,11.2,22.7,era5
2024-09-04 06:00:00,12.1,97,0.0,0.0,1029.9,10.1,21.6,era5
2024-09-04 07:00:00,12.7,96,0.0,0.0,1029.8,9.8,20.2,era5
2024-09-04 08:00:00,13.9,92,0.0,0.0,1030.0,10.8,24.1,era5
2024-09-04 09:00:00,14.0,93,0.0,0.0,1030.1,7.6,23.8,era5
2024-09-04 10:00:00,14.9,91,0.0,0.0,1030.0,8.3,19.8,era5
2024-09-04 11:00:00,16.1,87,0.0,0.0,1030.2,10.2,24.8,era5
2024-09-04 12:00:00,17.1,83,0.0,0.0,1030.2,11.9,27.4,era5
2024-09-04 13:00:00,18.2,75,0.0,0.0,1029.7,14.6,33.1,era5
2024-09-04 14:00:00,19.4,70,0.0,0.0,1029.4,16.1,37.4,era5
2024-09-04 15:00:00,19.6,70,0.0,0.0,1028.9,16.4,38.2,era5
2024-09-04 16:00:00,20.0,67,0.0,0.0,1028.8,16.8,38.2,era5
2024-09-04 17:00:00,19.9,69,0.0,0.0,1028.3,15.9,37.4,era5
2024-09-04 18:00:00,19.5,72,0.0,0.0,1028.1,13.0,35.3,era5
2024-09-04 19:00:00,18.5,78,0.0,0.0,1027.9,13.0,28.1,era5
2024-09-04 20:00:00,17.3,84,0.0,0.0,1027.9,12.0,26.3,era5
2024-09-04 21:00:00,16.9,87,0.0,0.0,1028.2,10.2,23.4,era5
2024-09-04 22:00:00,16.1,91,0.0,0.0,1028.2,9.4,19.4,era5
2024-09-04 23:00:00,15.8,91,0.0,0.0,1027.7,9.7,16.6,era5
2024-09-05 00:00:00,15.3,93,0.0,0.0,1027.5,10.5,18.4,era5
2024-09-05 01:00:00,15.0,95,0.0,0.0,1027.6,10.9,20.2,era5
2024-09-05 02:00:00,14.6,97,0.0,0.0,1027.1,11.7,21.6,era5
2024-09-05 03:00:00,14.3,98,0.0,0.0,1026.9,11.7,22.3,era5
2024-09-05 04:00:00,14.2,99,0.0,0.0,1027.1,12.0,24.1,era5
2024-09-05 05:00:00,14.2,99,0.0,0.0,1026.7,11.3,23.4,era5
2024-09-05 06:00:00,14.1,100,0.0,0.0,1026.5,10.2,22.0,era5
2024-09-05 07:00:00,14.8,100,0.0,0.0,1026.3,10.0,19.8,era5
2024-09-05 08:00:00,15.7,99,0.0,0.0,1025.7,11.2,22.7,era5
2024-09-05 09:00:00,17.1,92,0.0,0.0,1026.2,8.0,24.1,era5
2024-09-05 10:00:00,16.9,96,0.4,0.0,1025.5,11.9,25.6,era5
2024-09-05 11:00:00,18.2,86,0.2,0.0,1025.2,12.7,29.9,era5
2024-09-05 12:00:00,19.6,78,0.2,0.0,1025.1,14.0,32.0,era5
2024-09-05 13:00:00,20.4,74,0.1,0.0,1025.0,11.5,31.7,era5
2024-09-05 14:00:00,20.8,70,0.0,0.0,1024.6,12.0,26.6,era5
2024-09-05 15:00:00,21.2,68,0.0,0.0,1024.7,11.7,27.0,era5
2024-09-05 16:00:00,21.2,64,0.0,0.0,1024.7,12.0,30.6,era5
2024-09-05 17:00:00,21.2,65,0.0,0.0,1024.6,10.9,27.4,era5
2024-09-05 18:00:00,20.5,70,0.0,0.0,1024.7,9.8,24.1,era5
2024-09-05 19:00:00,19.0,77,0.0,0.0,1024.9,8.1,20.5,era5
2024-09-05 20:00:00,17.1,84,0.0,0.0,1024.8,5.4,14.4,era5
2024-09-05 21:00:00,16.3,86,0.0,0.0,1024.9,5.6,9.4,era5
2024-09-05 22:00:00,15.7,87,0.0,0.0,1025.0,5.5,9.7,era5
2024-09-05 23:00:00,15.1,89,0.0,0.0,1025.2,5.2,9.0,era5
2024-09-06 00:00:00,14.2,92,0.0,0.0,1025.2,6.3,9.7,era5
2024-09-06 01:00:00,13.4,94,0.0,0.0,1025.1,7.3,10.4,era5
2024-09-06 02:00:00,12.8,95,0.0,0.0,1025.1,7.8,11.2,era5
2024-09-06 03:00:00,12.6,95,0.0,0.0,1025.1,8.3,12.2,era5
2024-09-06 04:00:00,14.4,92,0.0,0.0,1024.9,6.1,11.5,era5
2024-09-06 05:00:00,14.0,95,0.0,0.0,1024.8,4.1,9.0,era5
2024-09-06 06:00:00,12.8,99,0.0,0.0,1024.8,5.4,7.6,era5
2024-09-06 07:00:00,12.7,100,0.0,0.0,1024.8,5.1,8.3,era5
2024-09-06 08:00:00,13.2,99,0.0,0.0,1024.5,4.7,12.2,era5
2024-09-06 09:00:00,14.5,95,0.0,0.0,1024.7,6.1,16.2,era5
2024-09-06 10:00:00,16.2,87,0.0,0.0,1024.3,8.8,21.6,era5
2024-09-06 11:00:00,17.8,79,0.0,0.0,1023.9,9.3,23.8,era5
2024-09-06 12:00:00,19.1,73,0.0,0.0,1023.4,10.0,25.6,era5
2024-09-06 13:00:00,20.1,69,0.0,0.0,1022.7,11.2,26.6,era5
2024-09-06 14:00:00,21.0,62,0.0,0.0,1022.2,13.8,33.8,era5
2024-09-06 15:00:00,21.5,60,0.0,0.0,1021.6,14.0,32.8,era5
2024-09-06 16:00:00,21.8,59,0.0,0.0,1020.8,15.5,37.8,era5
2024-09-06 17:00:00,21.6,63,0.0,0.0,1020.5,12.1,34.2,era5
2024-09-06 18:00:00,20.7,68,0.0,0.0,1020.2,10.6,26.6,era5
2024-09-06 19:00:00,18.8,76,0.0,0.0,1019.9,8.9,22.0,era5
2024-09-06 20:00:00,17.2,83,0.0,0.0,1019.8,10.2,16.9,era5
2024-09-06 21:00:00,16.3,85,0.0,0.0,1019.6,10.4,17.3,era5
2024-09-06 22:00:00,15.6,87,0.0,0.0,1019.5,9.7,17.3,era5
2024-09-06 23:00:00,15.1,90,0.0,0.0,1019.4,9.7,16.6,era5
2024-09-07 00:00:00,14.7,92,0.0,0.0,1019.2,9.9,16.6,era5
2024-09-07 01:00:00,14.2,94,0.0,0.0,1019.0,9.4,16.9,era5
2024-09-07 02:00:00,13.9,95,0.0,0.0,1018.8,8.4,16.2,era5
2024-09-07 03:00:00,13.5,96,0.0,0.0,1018.5,8.9,14.8,era5
2024-09-07 04:00:00,13.7,97,0.0,0.0,1018.1,9.9,17.6,era5
2024-09-07 05:00:00,14.3,99,0.0,0.0,1017.7,10.3,20.2,era5
2024-09-07 06:00:00,14.7,99,0.0,0.0,1017.5,10.8,21.2,era5
2024-09-07 07:00:00,14.8,99,0.0,0.0,1017.0,10.9,22.0,era5
2024-09-07 08:00:00,15.5,96,0.0,0.0,1016.6,11.5,23.4,era5
2024-09-07 09:00:00,16.5,92,0.7,0.0,1016.5,14.2,30.6,era5
2024-09-07 10:00:00,17.2,88,0.9,0.0,1016.3,16.1,34.6,era5
2024-09-07 11:00:00,18.5,82,0.0,0.0,1015.8,13.5,36.0,era5
2024-09-07 12:00:00,20.0,77,0.0,0.0,1015.3,13.2,31.7,era5
2024-09-07 13:00:00,21.3,72,0.0,0.0,1014.7,14.6,34.2,era5
2024-09-07 14:00:00,22.5,65,0.0,0.0,1014.4,16.7,36.4,era5
2024-09-07 15:00:00,23.1,63,0.0,0.0,1014.4,17.4,48.6,era5
2024-09-07 16:00:00,21.8,67,0.2,0.0,1014.7,15.9,43.9,era5
2024-09-07 17:00:00,21.5,68,0.1,0.0,1015.1,16.0,33.5,era5
2024-09-07 18:00:00,19.4,79,0.1,0.0,1016.3,13.2,39.6,era5
2024-09-07 19:00:00,18.4,83,0.0,0.0,1017.1,10.2,28.4,era5
2024-09-07 20:00:00,17.1,83,0.0,0.0,1017.8,11.2,22.7,era5
2024-09-07 21:00:00,15.3,88,0.0,0.0,1018.6,10.0,21.6,era5
2024-09-07 22:00:00,14.3,92,0.0,0.0,1019.3,9.3,18.4,era5
2024-09-07 23:00:00,13.3,95,0.0,0.0,1019.8,4.3,15.8,era5
2024-09-08 00:00:00,12.8,96,0.0,0.0,1020.4,3.4,8.3,era5
2024-09-08 01:00:00,12.8,97,0.0,0.0,1020.5,3.1,5.0,era5
2024-09-08 02:00:00,11.5,100,0.0,0.0,1020.7,3.3,4.3,era5
2024-09-08 03:00:00,10.5,100,0.0,0.0,1021.0,4.5,5.8,era5
2024-09-08 04:00:00,9.3,99,0.0,0.0,1021.6,5.0,10.1,era5
2024-09-08 05:00:00,10.8,94,0.0,0.0,1021.9,7.7,12.6,era5
2024-09-08 06:00:00,11.0,97,0.0,0.0,1021.9,9.7,16.2,era5
2024-09-08 07:00:00,11.9,97,0.0,0.0,1021.8,11.2,21.6,era5
2024-09-08 08:00:00,13.3,93,0.0,0.0,1021.8,12.1,24.8,era5
2024-09-08 09:00:00,14.6,92,0.0,0.0,1021.7,14.8,32.4,era5
2024-09-08 10:00:00,15.2,93,0.0,0.0,1021.4,14.3,32.4,era5
2024-09-08 11:00:00,15.7,93,0.0,0.0,1021.4,13.1,31.7,era5
2024-09-08 12:00:00,16.5,91,0.0,0.0,1021.2,13.0,29.9,era5
2024-09-08 13:00:00,17.9,83,0.0,0.0,1020.6,13.5,30.6,era5
2024-09-08 14:00:00,18.7,78,0.0,0.0,1020.1,14.2,32.4,era5
2024-09-08 15:00:00,19.2,76,0.0,0.0,1020.1,14.8,33.8,era5
2024-09-08 16:00:00,19.8,71,0.0,0.0,1019.5,14.0,33.8,era5
2024-09-08 17:00:00,19.8,71,0.0,0.0,1019.0,11.9,31.3,era5
2024-09-08 18:00:00,19.0,77,0.0,0.0,1018.7,12.0,26.6,era5
2024-09-08 19:00:00,17.7,85,0.0,0.0,1018.4,12.5,25.6,era5
2024-09-08 20:00:00,16.3,93,0.0,0.0,1018.4,11.0,25.2,era5
2024-09-08 21:00:00,15.9,95,0.0,0.0,1018.1,10.5,21.2,era5
2024-09-08 22:00:00,15.7,96,0.0,0.0,1017.9,10.2,19.8,era5
2024-09-08 23:00:00,15.5,95,0.0,0.0,1017.5,8.6,18.7,era5
2024-09-09 00:00:00,15.2,94,0.0,0.0,1017.4,8.9,15.1,era5
2024-09-09 01:00:00,14.9,95,0.0,0.0,1017.1,9.1,14.8,era5
2024-09-09 02:00:00,14.3,96,0.0,0.0,1016.8,8.8,14.8,era5
2024-09-09 03:00:00,13.9,96,0.0,0.0,1016.8,8.8,14.4,era5
2024-09-09 04:00:00,13.4,96,0.0,0.0,1016.8,10.2,14.8,era5
2024-09-09 05:00:00,13.0,97,0.0,0.0,1016.6,10.0,16.6,era5
2024-09-09 06:00:00,12.9,98,0.0,0.0,1016.6,10.0,17.6,era5
2024-09-09 07:00:00,13.6,99,0.0,0.0,1016.6,11.2,21.6,era5
2024-09-09 08:00:00,14.7,98,0.0,0.0,1016.7,11.7,23.0,era5
2024-09-09 09:00:00,16.0,93,0.0,0.0,1016.4,10.8,24.8,era5
2024-09-09 10:00:00,17.3,87,0.0,0.0,1016.3,13.1,29.5,era5
2024-09-09 11:00:00,18.6,82,0.0,0.0,1016.1,14.7,33.1,era5
2024-09-09 12:00:00,19.8,77,0.0,0.0,1015.9,13.6,33.8,era5
2024-09-09 13:00:00,20.7,75,0.0,0.0,1015.5,13.8,32.4,era5
2024-09-09 14:00:00,21.2,72,0.0,0.0,1015.0,15.2,35.6,era5
2024-09-09 15:00:00,21.6,68,0.0,0.0,1014.6,16.3,37.4,era5
2024-09-09 16:00:00,21.8,64,0.0,0.0,1014.6,16.4,36.7,era5
2024-09-09 17:00:00,21.5,64,0.0,0.0,1014.4,14.9,36.4,era5
2024-09-09 18:00:00,20.6,68,0.0,0.0,1013.9,14.8,32.8,era5
2024-09-09 19:00:00,19.3,73,0.0,0.0,1013.8,14.1,31.7,era5
2024-09-09 20:00:00,18.0,78,0.0,0.0,1014.1,13.7,29.2,era5
2024-09-09 21:00:00,17.1,82,0.0,0.0,1014.0,13.0,27.7,era5
2024-09-09 22:00:00,16.4,85,0.0,0.0,1013.9,12.6,25.9,era5
2024-09-09 23:00:00,16.0,85,0.0,0.0,1013.9,12.7,24.5,era5
2024-09-10 00:00:00,15.5,85,0.0,0.0,1013.8,12.3,24.5,era5
2024-09-10 01:00:00,15.1,86,0.0,0.0,1013.9,12.0,23.8,era5
2024-09-10 02:00:00,14.6,88,0.0,0.0,1013.6,11.4,22.7,era5
2024-09-10 03:00:00,14.1,90,0.0,0.0,1013.3,12.2,23.4,era5
2024-09-10 04:00:00,13.6,92,0.0,0.0,1014.0,12.1,22.3,era5
2024-09-10 05:00:00,13.3,93,0.0,0.0,1013.8,11.9,22.3,era5
2024-09-10 06:00:00,12.9,94,0.0,0.0,1013.9,12.2,23.0,era5
2024-09-10 07:00:00,13.2,93,0.0,0.0,1013.8,13.2,25.2,era5
2024-09-10 08:00:00,14.2,91,0.0,0.0,1013.5,11.9,28.1,era5
2024-09-10 09:00:00,15.4,87,0.0,0.0,1013.4,14.3,32.0,era5
2024-09-10 10:00:00,16.6,82,0.0,0.0,1012.9,15.4,34.9,era5
2024-09-10 11:00:00,18.0,76,0.0,0.0,1012.6,16.7,38.2,era5
2024-09-10 12:00:00,19.5,68,0.0,0.0,1012.3,18.5,41.4,era5
2024-09-10 13:00:00,20.4,63,0.0,0.0,1011.8,20.0,44.3,era5
2024-09-10 14:00:00,20.9,61,0.0,0.0,1011.2,20.5,45.7,era5
2024-09-10 15:00:00,21.1,60,0.0,0.0,1010.9,20.5,45.7,era5
2024-09-10 16:00:00,21.0,59,0.0,0.0,1010.0,19.7,45.7,era5
2024-09-10 17:00:00,20.6,59,0.0,0.0,1009.4,20.6,44.6,era5
2024-09-10 18:00:00,19.9,60,0.0,0.0,1009.1,20.1,44.3,era5
2024-09-10 19:00:00,19.0,62,0.0,0.0,1008.7,20.4,43.2,era5
2024-09-10 20:00:00,18.5,64,0.0,0.0,1008.6,21.3,44.6,era5
2024-09-10 21:00:00,18.1,65,0.0,0.0,1008.6,21.5,45.4,era5
2024-09-10 22:00:00,17.7,68,0.0,0.0,1008.6,21.1,45.4,era5
2024-09-10 23:00:00,17.3,70,0.0,0.0,1008.8,20.5,44.3,era5
2024-09-11 00:00:00,16.9,72,0.0,0.0,1008.9,19.2,42.8,era5
2024-09-11 01:00:00,16.5,74,0.0,0.0,1009.1,17.5,40.0,era5
2024-09-11 02:00:00,16.0,76,0.0,0.0,1008.8,16.6,36.4,era5
2024-09-11 03:00:00,15.7,77,0.0,0.0,1008.8,16.4,34.2,era5
2024-09-11 04:00:00,16.1,78,0.0,0.0,1008.6,16.1,33.8,era5
2024-09-11 05:00:00,16.1,78,0.0,0.0,1008.5,16.7,34.9,era5
2024-09-11 06:00:00,16.0,79,0.0,0.0,1008.5,17.2,36.0,era5
2024-09-11 07:00:00,16.2,79,0.0,0.0,1008.4,17.6,36.7,era5
2024-09-11 08:00:00,16.8,78,0.0,0.0,1008.6,17.6,37.4,era5
2024-09-11 09:00:00,17.6,77,0.0,0.0,1008.7,15.5,37.8,era5
2024-09-11 10:00:00,18.5,74,0.0,0.0,1008.5,18.4,40.3,era5
2024-09-11 11:00:00,19.4,70,0.0,0.0,1008.5,18.9,42.8,era5
2024-09-11 12:00:00,20.4,66,0.0,0.0,1008.5,18.6,42.8,era5
2024-09-11 13:00:00,21.1,64,0.0,0.0,1008.3,18.1,42.5,era5
2024-09-11 14:00:00,21.5,63,0.0,0.0,1008.2,16.9,40.7,era5
2024-09-11 15:00:00,21.7,63,0.0,0.0,1007.9,16.6,38.9,era5
2024-09-11 16:00:00,21.5,65,0.0,0.0,1008.1,16.9,41.0,era5
2024-09-11 17:00:00,21.1,67,0.0,0.0,1008.2,13.7,36.7,era5
2024-09-11 18:00:00,20.2,68,0.0,0.0,1008.4,18.4,38.5,era5
2024-09-11 19:00:00,19.2,70,0.0,0.0,1008.7,17.4,38.9,era5
2024-09-11 20:00:00,18.6,72,0.0,0.0,1009.3,15.9,37.1,era5
2024-09-11 21:00:00,18.1,73,0.0,0.0,1009.7,14.4,33.1,era5
2024-09-11 22:00:00,17.8,76,0.1,0.0,1009.9,15.2,34.2,era5
2024-09-11 23:00:00,17.5,79,0.0,0.0,1010.0,15.3,31.3,era5
2024-09-12 00:00:00,17.4,80,0.2,0.0,1010.4,15.7,33.1,era5
2024-09-12 01:00:00,16.6,88,0.4,0.0,1010.5,13.0,32.0,era5
2024-09-12 02:00:00,16.2,88,0.0,0.0,1010.8,10.6,25.6,era5
2024-09-12 03:00:00,15.5,88,0.0,0.0,1010.9,15.1,28.4,era5
2024-09-12 04:00:00,15.8,86,0.0,0.0,1010.9,13.9,27.0,era5
2024-09-12 05:00:00,15.4,87,0.0,0.0,1011.2,13.4,27.4,era5
2024-09-12 06:00:00,15.4,88,0.0,0.0,1011.5,13.2,25.9,era5
2024-09-12 07:00:00,15.9,87,0.0,0.0,1011.9,14.7,29.2,era5
2024-09-12 08:00:00,16.7,87,0.0,0.0,1012.3,15.5,32.4,era5
2024-09-12 09:00:00,17.8,83,0.0,0.0,1012.4,14.5,33.1,era5
2024-09-12 10:00:00,18.6,79,0.0,0.0,1012.4,17.2,38.2,era5
2024-09-12 11:00:00,19.2,76,0.0,0.0,1012.7,17.9,40.0,era5
2024-09-12 12:00:00,20.1,73,0.0,0.0,1012.8,18.1,41.8,era5
2024-09-12 13:00:00,20.7,71,0.0,0.0,1012.9,18.8,42.1,era5
2024-09-12 14:00:00,20.9,72,0.0,0.0,1012.9,18.8,42.8,era5
2024-09-12 15:00:00,20.8,71,0.0,0.0,1012.9,18.8,43.2,era5
2024-09-12 16:00:00,20.4,73,0.0,0.0,1013.6,17.2,41.8,era5
2024-09-12 17:00:00,20.1,74,0.0,0.0,1014.2,15.7,38.5,era5
2024-09-12 18:00:00,19.1,78,0.1,0.0,1014.8,15.9,34.2,era5
2024-09-12 19:00:00,17.7,85,0.0,0.0,1015.1,12.7,34.2,era5
2024-09-12 20:00:00,16.8,88,0.0,0.0,1015.4,11.8,25.9,era5
2024-09-12 21:00:00,16.7,89,0.0,0.0,1016.0,9.9,24.1,era5
2024-09-12 22:00:00,16.3,91,0.2,0.0,1016.5,9.3,19.1,era5
2024-09-12 23:00:00,16.2,94,0.3,0.0,1016.6,10.4,19.1,era5
2024-09-13 00:00:00,16.0,97,0.5,0.0,1017.1,13.7,26.3,era5
2024-09-13 01:00:00,15.9,99,0.2,0.0,1017.2,11.8,27.4,era5
2024-09-13 02:00:00,15.2,100,0.0,0.0,1017.5,7.2,23.4,era5
2024-09-13 03:00:00,14.7,100,0.0,0.0,1018.0,6.5,14.0,era5
2024-09-13 04:00:00,14.8,100,0.0,0.0,1018.7,6.0,10.8,era5
2024-09-13 05:00:00,15.1,100,0.0,0.0,1019.1,6.6,12.6,era5
2024-09-13 06:00:00,14.8,100,0.0,0.0,1019.0,6.1,13.0,era5
2024-09-13 07:00:00,15.1,100,0.0,0.0,1019.2,6.7,13.0,era5
2024-09-13 08:00:00,16.2,97,0.0,0.0,1019.1,7.0,14.8,era5
2024-09-13 09:00:00,17.1,95,0.0,0.0,1019.1,7.9,17.6,era5
2024-09-13 10:00:00,17.5,92,0.0,0.0,1019.0,12.1,27.7,era5
2024-09-13 11:00:00,18.0,89,0.0,0.0,1018.8,14.6,31.7,era5
2024-09-13 12:00:00,18.6,87,0.0,0.0,1018.6,17.7,37.8,era5
2024-09-13 13:00:00,19.4,82,0.0,0.0,1018.1,15.6,39.2,era5
2024-09-13 14:00:00,19.9,77,0.1,0.0,1017.8,15.8,37.1,era5
2024-09-13 15:00:00,20.3,75,0.1,0.0,1017.6,15.1,35.6,era5
2024-09-13 16:00:00,20.3,74,0.0,0.0,1017.7,15.6,34.9,era5
2024-09-13 17:00:00,19.4,78,0.0,0.0,1017.7,16.4,34.6,era5
2024-09-13 18:00:00,18.5,82,0.0,0.0,1018.0,15.9,36.7,era5
2024-09-13 19:00:00,17.1,88,0.0,0.0,1018.3,14.0,32.8,era5
2024-09-13 20:00:00,16.3,91,0.0,0.0,1018.0,11.1,28.1,era5
2024-09-13 21:00:00,16.1,93,0.0,0.0,1017.7,7.4,22.0,era5
2024-09-13 22:00:00,16.2,92,0.4,0.0,1017.5,7.1,21.6,era5
2024-09-13 23:00:00,15.9,96,0.7,0.0,1017.2,11.0,25.9,era5
2024-09-14 00:00:00,16.0,98,0.2,0.0,1017.1,13.6,28.1,era5
2024-09-14 01:00:00,15.8,98,0.0,0.0,1017.3,8.3,26.6,era5
2024-09-14 02:00:00,16.0,99,0.0,0.0,1017.3,7.6,16.9,era5
2024-09-14 03:00:00,16.2,100,0.3,0.0,1017.2,7.1,15.1,era5
2024-09-14 04:00:00,16.7,100,0.1,0.0,1017.1,9.7,20.2,era5
2024-09-14 05:00:00,16.6,100,0.1,0.0,1017.4,5.5,19.4,era5
2024-09-14 06:00:00,16.4,100,0.1,0.0,1017.4,2.9,11.5,era5
2024-09-14 07:00:00,16.4,100,0.3,0.0,1017.6,3.1,9.7,era5
2024-09-14 08:00:00,16.4,100,0.3,0.0,1017.7,1.8,12.2,era5
2024-09-14 09:00:00,16.4,100,0.3,0.0,1017.5,1.6,7.2,era5
2024-09-14 10:00:00,16.3,100,8.8,0.0,1017.2,1.3,11.5,era5
2024-09-14 11:00:00,16.5,98,0.6,0.0,1017.2,7.0,13.0,era5
2024-09-14 12:00:00,17.6,97,0.1,0.0,1016.9,11.2,26.6,era5
2024-09-14 13:00:00,17.5,98,0.4,0.0,1016.8,11.9,32.4,era5
2024-09-14 14:00:00,18.4,92,0.1,0.0,1016.7,12.8,31.3,era5
2024-09-14 15:00:00,18.8,90,0.2,0.0,1017.0,9.2,33.1,era5
2024-09-14 16:00:00,14.1,100,0.9,0.0,1018.4,13.5,28.1,era5
2024-09-14 17:00:00,13.5,100,1.2,0.0,1019.3,13.7,35.3,era5
2024-09-14 18:00:00,12.8,100,0.7,0.0,1019.9,12.9,29.2,era5
2024-09-14 19:00:00,12.7,100,0.7,0.0,1020.3,12.4,27.4,era5
2024-09-14 20:00:00,12.8,98,0.6,0.0,1020.5,11.7,25.2,era5
2024-09-14 21:00:00,12.4,98,0.0,0.0,1020.9,10.8,24.1,era5
2024-09-14 22:00:00,12.1,98,0.0,0.0,1021.3,10.8,21.2,era5
2024-09-14 23:00:00,12.2,96,0.3,0.0,1021.2,11.9,23.4,era5
2024-09-15 00:00:00,12.1,96,0.5,0.0,1021.4,10.9,23.8,era5
2024-09-15 01:00:00,11.9,96,0.2,0.0,1021.6,10.9,21.2,era5
2024-09-15 02:00:00,11.7,95,3.6,0.0,1021.8,11.2,23.0,era5
2024-09-15 03:00:00,11.6,93,0.1,0.0,1021.4,13.3,25.2,era5
2024-09-15 04:00:00,10.4,99,0.2,0.0,1022.4,11.9,23.8,era5
2024-09-15 05:00:00,10.5,99,0.3,0.0,1022.2,12.4,25.2,era5
2024-09-15 06:00:00,11.0,97,0.2,0.0,1021.9,13.6,27.4,era5
2024-09-15 07:00:00,11.2,97,0.2,0.0,1021.5,14.1,28.1,era5
2024-09-15 08:00:00,11.4,100,0.2,0.0,1021.2,13.7,29.2,era5
2024-09-15 09:00:00,11.6,100,1.2,0.0,1020.8,12.5,27.4,era5
2024-09-15 10:00:00,11.7,100,1.5,0.0,1020.8,11.0,25.6,era5
2024-09-15 11:00:00,11.9,100,1.0,0.0,1021.0,11.0,23.4,era5
2024-09-15 12:00:00,12.3,96,0.3,0.0,1020.8,11.6,25.9,era5
2024-09-15 13:00:00,12.6,96,1.1,0.0,1020.5,10.7,23.4,era5
2024-09-15 14:00:00,12.8,97,0.1,0.0,1020.5,10.2,22.0,era5
2024-09-15 15:00:00,13.4,96,0.4,0.0,1020.4,9.3,23.4,era5
2024-09-15 16:00:00,13.3,96,0.1,0.0,1020.1,10.2,23.8,era5
2024-09-15 17:00:00,13.9,96,0.0,0.0,1019.9,8.4,24.1,era5
2024-09-15 18:00:00,14.2,97,0.0,0.0,1019.5,7.7,18.0,era5
2024-09-15 19:00:00,14.4,98,0.0,0.0,1018.8,8.0,15.5,era5
2024-09-15 20:00:00,14.8,97,0.1,0.0,1018.6,6.9,15.1,era5
2024-09-15 21:00:00,15.0,97,0.5,0.0,1018.1,9.7,17.6,era5
2024-09-15 22:00:00,14.9,96,1.8,0.0,1017.9,6.1,17.6,era5
2024-09-15 23:00:00,14.1,99,5.7,0.0,1017.7,7.9,13.3,era5
2024-09-16 00:00:00,14.5,97,0.1,0.0,1017.7,11.0,21.6,era5
2024-09-16 01:00:00,14.4,100,0.2,0.0,1017.7,9.4,20.2,era5
2024-09-16 02:00:00,14.6,100,0.1,0.0,1017.3,7.7,18.7,era5
2024-09-16 03:00:00,14.6,100,0.0,0.0,1017.5,5.4,14.8,era5
2024-09-16 04:00:00,14.5,100,0.2,0.0,1018.6,10.0,20.2,era5
2024-09-16 05:00:00,14.4,100,0.0,0.0,1018.9,9.0,20.2,era5
2024-09-16 06:00:00,13.8,100,0.0,0.0,1019.2,8.2,18.7,era5
2024-09-16 07:00:00,13.2,100,0.0,0.0,1019.7,4.9,16.2,era5
2024-09-16 08:00:00,13.4,99,0.0,0.0,1019.8,2.5,9.7,era5
2024-09-16 09:00:00,13.8,96,0.0,0.0,1020.2,2.6,9.4,era5
2024-09-16 10:00:00,14.2,93,0.1,0.0,1020.7,7.2,16.6,era5
2024-09-16 11:00:00,13.5,93,0.1,0.0,1021.3,9.2,21.6,era5
2024-09-16 12:00:00,13.4,90,0.0,0.0,1022.0,9.4,22.3,era5
2024-09-16 13:00:00,13.6,86,0.0,0.0,1022.6,11.1,25.9,era5
2024-09-16 14:00:00,13.6,84,0.0,0.0,1023.0,12.2,26.6,era5
2024-09-16 15:00:00,13.8,83,0.0,0.0,1023.2,12.0,27.7,era5
2024-09-16 16:00:00,14.2,79,0.0,0.0,1023.7,11.2,28.4,era5
2024-09-16 17:00:00,14.4,77,0.0,0.0,1024.0,8.7,25.2,era5
2024-09-16 18:00:00,14.0,78,0.0,0.0,1024.6,5.8,19.4,era5
2024-09-16 19:00:00,12.6,80,0.0,0.0,1024.7,7.3,11.5,era5
2024-09-16 20:00:00,11.5,78,0.0,0.0,1025.0,7.3,11.5,era5
2024-09-16 21:00:00,10.8,74,0.0,0.0,1025.3,7.2,14.8,era5
2024-09-16 22:00:00,9.4,77,0.0,0.0,1025.2,6.1,12.2,era5
2024-09-16 23:00:00,9.0,79,0.0,0.0,1025.4,6.6,10.4,era5
2024-09-17 00:00:00,9.3,79,0.0,0.0,1025.5,5.8,10.4,era5
2024-09-17 01:00:00,9.5,81,0.0,0.0,1025.3,5.5,10.4,era5
2024-09-17 02:00:00,9.8,82,0.0,0.0,1025.0,8.4,13.7,era5
2024-09-17 03:00:00,9.5,87,0.0,0.0,1025.1,8.6,14.0,era5
2024-09-17 04:00:00,8.8,93,0.0,0.0,1025.4,10.1,17.3,era5
2024-09-17 05:00:00,8.9,95,0.0,0.0,1025.3,9.7,18.4,era5
2024-09-17 06:00:00,9.2,95,0.0,0.0,1025.2,9.8,18.4,era5
2024-09-17 07:00:00,9.8,94,0.0,0.0,1025.1,10.2,19.8,era5
2024-09-17 08:00:00,10.2,94,0.0,0.0,1024.8,9.1,19.8,era5
2024-09-17 09:00:00,10.8,93,0.0,0.0,1024.6,9.4,19.1,era5
2024-09-17 10:00:00,12.3,86,0.0,0.0,1024.4,8.6,21.2,era5
2024-09-17 11:00:00,13.4,80,0.0,0.0,1024.0,7.4,21.2,era5
2024-09-17 12:00:00,14.5,75,0.0,0.0,1023.7,11.2,26.3,era5
2024-09-17 13:00:00,14.5,75,0.0,0.0,1023.7,10.9,27.0,era5
2024-09-17 14:00:00,14.1,78,0.3,0.0,1023.5,8.3,24.5,era5
2024-09-17 15:00:00,13.6,83,0.2,0.0,1023.3,8.7,16.9,era5
2024-09-17 16:00:00,14.6,76,0.0,0.0,1023.7,12.1,28.1,era5
2024-09-17 17:00:00,14.4,78,0.0,0.0,1023.7,10.5,26.6,era5
2024-09-17 18:00:00,13.9,83,0.0,0.0,1023.7,6.9,22.7,era5
2024-09-17 19:00:00,12.7,89,0.0,0.0,1023.7,8.1,14.4,era5
2024-09-17 20:00:00,11.9,92,0.0,0.0,1023.8,8.7,14.4,era5
2024-09-17 21:00:00,11.5,94,0.0,0.0,1023.8,8.1,14.0,era5
2024-09-17 22:00:00,11.2,96,0.0,0.0,1023.8,7.6,13.3,era5
2024-09-17 23:00:00,11.1,97,0.0,0.0,1023.5,7.1,12.2,era5
2024-09-18 00:00:00,10.9,97,0.1,0.0,1023.1,6.0,11.5,era5
2024-09-18 01:00:00,10.8,97,0.1,0.0,1022.9,7.9,14.0,era5
2024-09-18 02:00:00,10.7,98,0.0,0.0,1022.3,7.3,13.7,era5
2024-09-18 03:00:00,10.6,98,0.0,0.0,1022.2,7.9,15.1,era5
2024-09-18 04:00:00,10.1,98,0.0,0.0,1022.3,6.8,13.0,era5
2024-09-18 05:00:00,8.8,98,0.0,0.0,1021.8,4.8,11.9,era5
2024-09-18 06:00:00,8.6,97,0.0,0.0,1021.4,5.0,9.4,era5
2024-09-18 07:00:00,9.4,95,0.6,0.0,1021.8,10.4,19.4,era5
2024-09-18 08:00:00,9.6,93,0.3,0.0,1021.0,8.4,20.2,era5
2024-09-18 09:00:00,10.1,94,0.0,0.0,1020.4,8.3,16.6,era5
2024-09-18 10:00:00,10.9,93,0.0,0.0,1020.3,8.9,20.9,era5
2024-09-18 11:00:00,11.5,86,0.0,0.0,1020.2,12.3,27.0,era5
2024-09-18 12:00:00,12.4,80,0.1,0.0,1019.9,12.6,29.9,era5
2024-09-18 13:00:00,12.9,75,0.0,0.0,1019.8,12.1,28.4,era5
2024-09-18 14:00:00,13.6,72,0.0,0.0,1019.7,12.5,29.5,era5
2024-09-18 15:00:00,14.0,69,0.0,0.0,1020.2,12.7,28.4,era5
2024-09-18 16:00:00,13.0,74,0.0,0.0,1020.9,8.6,22.3,era5
2024-09-18 17:00:00,13.5,72,0.0,0.0,1021.4,11.8,28.4,era5
2024-09-18 18:00:00,13.0,75,0.0,0.0,1021.7,8.9,25.2,era5
2024-09-18 19:00:00,11.8,81,0.0,0.0,1021.9,7.2,18.0,era5
2024-09-18 20:00:00,11.4,83,0.0,0.0,1022.3,8.9,14.8,era5
2024-09-18 21:00:00,11.0,85,0.0,0.0,1022.7,10.4,17.6,era5
2024-09-18 22:00:00,10.7,87,0.0,0.0,1023.1,10.7,18.4,era5
2024-09-18 23:00:00,10.5,89,0.0,0.0,1023.4,9.4,18.4,era5
2024-09-19 00:00:00,10.4,89,0.0,0.0,1023.3,7.7,15.8,era5
2024-09-19 01:00:00,10.9,87,0.0,0.0,1023.5,6.9,13.0,era5
2024-09-19 02:00:00,9.4,91,0.0,0.0,1023.5,6.6,11.9,era5
2024-09-19 03:00:00,9.8,89,0.0,0.0,1023.3,5.6,10.1,era5
2024-09-19 04:00:00,8.0,93,0.0,0.0,1023.2,6.3,12.2,era5
2024-09-19 05:00:00,9.4,93,0.0,0.0,1022.9,8.5,14.4,era5
2024-09-19 06:00:00,9.6,94,0.0,0.0,1022.3,8.1,14.8,era5
2024-09-19 07:00:00,10.2,91,0.0,0.0,1022.0,7.2,15.8,era5
2024-09-19 08:00:00,10.9,89,0.0,0.0,1021.1,8.8,16.9,era5
2024-09-19 09:00:00,11.8,89,0.0,0.0,1021.0,8.4,17.6,era5
2024-09-19 10:00:00,12.7,86,0.0,0.0,1020.5,8.0,18.4,era5
2024-09-19 11:00:00,14.6,80,0.0,0.0,1020.3,9.1,21.6,era5
2024-09-19 12:00:00,15.3,78,0.0,0.0,1019.5,8.8,22.3,era5
2024-09-19 13:00:00,16.6,75,0.0,0.0,1019.0,7.8,21.6,era5
2024-09-19 14:00:00,17.5,74,0.0,0.0,1018.1,8.0,20.5,era5
2024-09-19 15:00:00,17.7,76,0.0,0.0,1017.3,9.1,21.6,era5
2024-09-19 16:00:00,17.1,81,0.0,0.0,1016.7,10.4,23.0,era5
2024-09-19 17:00:00,16.8,78,0.0,0.0,1016.4,10.7,25.2,era5
2024-09-19 18:00:00,16.4,78,0.0,0.0,1015.9,6.5,22.3,era5
2024-09-19 19:00:00,15.8,80,0.0,0.0,1015.0,7.7,13.3,era5
2024-09-19 20:00:00,15.4,81,0.0,0.0,1014.6,10.1,17.6,era5
2024-09-19 21:00:00,15.0,81,0.0,0.0,1014.2,12.7,23.8,era5
2024-09-19 22:00:00,14.7,82,0.0,0.0,1013.8,13.0,26.6,era5
2024-09-19 23:00:00,14.3,84,0.0,0.0,1013.6,13.3,26.3,era5
2024-09-20 00:00:00,14.4,78,0.0,0.0,1013.6,13.9,28.4,era5
2024-09-20 01:00:00,14.1,70,0.0,0.0,1013.5,14.5,30.2,era5
2024-09-20 02:00:00,13.7,67,0.0,0.0,1013.8,16.4,33.8,era5
2024-09-20 03:00:00,12.9,66,0.0,0.0,1014.5,17.5,37.1,era5
2024-09-20 04:00:00,12.4,68,0.0,0.0,1014.6,12.7,30.6,era5
2024-09-20 05:00:00,11.3,73,0.0,0.0,1015.2,10.7,25.6,era5
2024-09-20 06:00:00,10.1,77,0.0,0.0,1015.7,11.7,22.0,era5
2024-09-20 07:00:00,9.6,74,0.0,0.0,1016.1,13.9,27.7,era5
2024-09-20 08:00:00,9.9,68,0.0,0.0,1016.2,15.0,31.7,era5
2024-09-20 09:00:00,10.5,64,0.0,0.0,1016.4,15.0,33.8,era5
2024-09-20 10:00:00,10.9,59,0.0,0.0,1016.3,19.9,43.6,era5
2024-09-20 11:00:00,10.9,54,0.0,0.0,1016.7,21.9,47.2,era5
2024-09-20 12:00:00,10.4,53,0.0,0.0,1017.1,21.7,48.6,era5
2024-09-20 13:00:00,10.1,51,0.0,0.0,1017.4,23.0,50.4,era5
2024-09-20 14:00:00,9.9,50,0.0,0.0,1017.5,22.5,50.4,era5
2024-09-20 15:00:00,9.7,50,0.0,0.0,1017.2,22.3,50.0,era5
2024-09-20 16:00:00,10.4,48,0.0,0.0,1016.8,22.3,49.0,era5
2024-09-20 17:00:00,10.5,47,0.0,0.0,1016.2,17.5,49.3,era5
2024-09-20 18:00:00,10.3,47,0.0,0.0,1016.0,17.1,37.8,era5
2024-09-20 19:00:00,9.2,51,0.0,0.0,1016.0,15.8,36.7,era5
2024-09-20 20:00:00,8.5,54,0.0,0.0,1015.6,15.5,34.2,era5
2024-09-20 21:00:00,7.9,57,0.0,0.0,1015.2,15.4,32.8,era5
2024-09-20 22:00:00,7.6,61,0.0,0.0,1014.7,15.7,33.5,era5
2024-09-20 23:00:00,7.4,62,0.0,0.0,1014.2,16.2,33.8,era5
2024-09-21 00:00:00,7.0,62,0.0,0.0,1013.7,16.1,34.2,era5
2024-09-21 01:00:00,6.7,61,0.0,0.0,1013.0,16.5,34.6,era5
2024-09-21 02:00:00,6.4,62,0.0,0.0,1012.4,16.3,34.6,era5
2024-09-21 03:00:00,6.2,64,0.0,0.0,1011.7,16.3,34.6,era5
2024-09-21 04:00:00,5.5,68,0.0,0.0,1010.9,15.2,33.5,era5
2024-09-21 05:00:00,5.5,70,0.0,0.0,1010.5,17.6,37.1,era5
2024-09-21 06:00:00,5.3,72,0.0,0.0,1010.1,17.6,38.2,era5
2024-09-21 07:00:00,5.2,72,0.0,0.0,1009.6,17.7,37.8,era5
2024-09-21 08:00:00,5.5,71,0.0,0.0,1009.4,18.7,41.0,era5
2024-09-21 09:00:00,5.8,68,0.0,0.0,1009.1,21.8,46.1,era5
2024-09-21 10:00:00,6.4,65,0.0,0.0,1008.9,26.3,52.9,era5
2024-09-21 11:00:00,6.3,67,0.0,0.0,1009.2,24.7,59.4,era5
2024-09-21 12:00:00,6.4,69,0.0,0.0,1009.8,25.0,54.7,era5
2024-09-21 13:00:00,6.0,77,0.1,0.0,1010.3,22.7,52.6,era5
2024-09-21 14:00:00,6.6,78,0.0,0.0,1010.7,22.5,51.5,era5
2024-09-21 15:00:00,7.5,73,0.1,0.0,1011.2,22.0,50.8,era5
2024-09-21 16:00:00,8.1,73,0.0,0.0,1012.0,22.0,52.9,era5
2024-09-21 17:00:00,8.3,72,0.0,0.0,1012.7,23.1,52.2,era5
2024-09-21 18:00:00,7.4,75,0.0,0.0,1013.4,20.4,53.3,era5
2024-09-21 19:00:00,7.2,75,0.0,0.0,1014.0,20.8,44.3,era5
2024-09-21 20:00:00,6.6,77,0.0,0.0,1014.5,20.2,45.0,era5
2024-09-21 21:00:00,6.2,79,0.0,0.0,1015.0,19.6,43.6,era5
2024-09-21 22:00:00,6.0,79,0.0,0.0,1015.3,19.3,41.4,era5
2024-09-21 23:00:00,5.7,79,0.0,0.0,1015.7,18.6,41.0,era5
2024-09-22 00:00:00,5.4,79,0.0,0.0,1015.9,17.6,40.0,era5
2024-09-22 01:00:00,5.2,80,0.0,0.0,1016.0,17.5,38.2,era5
2024-09-22 02:00:00,4.9,82,0.0,0.0,1016.0,16.4,37.1,era5
2024-09-22 03:00:00,4.6,84,0.0,0.0,1016.1,16.0,34.9,era5
2024-09-22 04:00:00,4.2,85,0.0,0.0,1016.2,14.8,32.4,era5
2024-09-22 05:00:00,4.4,83,0.0,0.0,1016.2,15.3,32.8,era5
2024-09-22 06:00:00,4.2,83,0.0,0.0,1016.2,14.0,32.4,era5
2024-09-22 07:00:00,4.2,83,0.0,0.0,1016.0,14.5,30.6,era5
2024-09-22 08:00:00,4.6,79,0.0,0.0,1015.9,16.3,35.6,era5
2024-09-22 09:00:00,5.0,75,0.0,0.0,1015.7,21.0,43.9,era5
2024-09-22 10:00:00,5.3,74,0.0,0.0,1015.8,21.4,46.4,era5
2024-09-22 11:00:00,5.8,68,0.0,0.0,1016.1,21.4,47.2,era5
2024-09-22 12:00:00,6.1,66,0.0,0.0,1016.2,20.9,48.6,era5
2024-09-22 13:00:00,6.5,66,0.0,0.0,1016.2,20.4,47.9,era5
2024-09-22 14:00:00,6.8,64,0.0,0.0,1016.3,20.4,49.3,era5
2024-09-22 15:00:00,7.0,59,0.0,0.0,1016.2,19.9,48.6,era5
2024-09-22 16:00:00,6.1,65,0.0,0.0,1016.6,21.6,50.0,era5
2024-09-22 17:00:00,6.0,68,0.0,0.0,1016.4,18.8,46.8,era5
2024-09-22 18:00:00,5.3,69,0.0,0.0,1016.5,16.3,40.7,era5
2024-09-22 19:00:00,4.7,72,0.0,0.0,1016.6,14.0,34.2,era5
2024-09-22 20:00:00,4.3,72,0.0,0.0,1016.6,14.3,30.6,era5
2024-09-22 21:00:00,3.9,74,0.0,0.0,1016.8,14.3,29.5,era5
2024-09-22 22:00:00,3.6,77,0.0,0.0,1016.8,14.5,30.2,era5
2024-09-22 23:00:00,3.3,79,0.0,0.0,1016.9,15.0,31.3,era5
2024-09-23 00:00:00,3.0,80,0.0,0.0,1017.1,15.3,31.7,era5
2024-09-23 01:00:00,2.7,82,0.0,0.0,1017.0,15.0,31.3,era5
2024-09-23 02:00:00,2.4,84,0.0,0.0,1017.1,14.6,30.6,era5
2024-09-23 03:00:00,2.2,85,0.0,0.0,1017.0,14.0,29.9,era5
2024-09-23 04:00:00,1.6,89,0.0,0.0,1017.5,13.5,30.2,era5
2024-09-23 05:00:00,1.5,91,0.0,0.0,1017.6,13.2,27.0,era5
2024-09-23 06:00:00,1.4,92,0.0,0.0,1017.7,13.2,27.0,era5
2024-09-23 07:00:00,1.6,91,0.0,0.0,1017.8,12.7,27.0,era5
2024-09-23 08:00:00,2.4,87,0.0,0.0,1017.6,13.3,27.0,era5
2024-09-23 09:00:00,3.2,84,0.0,0.0,1017.7,13.5,30.2,era5
2024-09-23 10:00:00,3.9,79,0.0,0.0,1017.9,12.7,30.2,era5
2024-09-23 11:00:00,5.0,73,0.0,0.0,1018.1,11.2,29.5,era5
2024-09-23 12:00:00,5.8,69,0.0,0.0,1018.1,9.2,27.4,era5
2024-09-23 13:00:00,6.7,64,0.0,0.0,1018.0,8.4,24.1,era5
2024-09-23 14:00:00,7.2,60,0.0,0.0,1018.0,7.9,22.0,era5
2024-09-23 15:00:00,7.4,58,0.0,0.0,1017.9,8.1,21.2,era5
2024-09-23 16:00:00,7.1,59,0.0,0.0,1017.7,9.5,24.1,era5
2024-09-23 17:00:00,6.8,62,0.0,0.0,1017.6,7.7,22.3,era5
2024-09-23 18:00:00,5.7,69,0.0,0.0,1017.5,6.7,16.6,era5
2024-09-23 19:00:00,4.3,78,0.0,0.0,1017.6,5.8,11.5,era5
2024-09-23 20:00:00,3.5,80,0.0,0.0,1017.5,7.2,10.1,era5
2024-09-23 21:00:00,3.4,78,0.0,0.0,1017.6,7.0,10.4,era5
2024-09-23 22:00:00,4.4,72,0.0,0.0,1017.5,4.3,9.4,era5
2024-09-23 23:00:00,3.9,76,0.0,0.0,1017.7,1.6,5.8,era5
2024-09-24 00:00:00,1.9,85,0.0,0.0,1017.5,3.2,4.0,era5
2024-09-24 01:00:00,1.3,87,0.0,0.0,1017.4,6.5,8.6,era5
2024-09-24 02:00:00,3.0,79,0.0,0.0,1017.1,5.7,11.9,era5
2024-09-24 03:00:00,3.3,78,0.0,0.0,1016.8,6.4,10.8,era5
2024-09-24 04:00:00,2.5,80,0.0,0.0,1017.0,8.2,12.6,era5
2024-09-24 05:00:00,2.6,79,0.0,0.0,1016.6,9.2,15.1,era5
2024-09-24 06:00:00,2.8,79,0.1,0.0,1016.3,11.3,20.2,era5
2024-09-24 07:00:00,3.4,83,0.2,0.0,1015.8,14.0,27.7,era5
2024-09-24 08:00:00,3.6,90,0.3,0.0,1015.2,15.8,31.0,era5
2024-09-24 09:00:00,3.8,93,0.3,0.0,1014.8,16.2,31.7,era5
2024-09-24 10:00:00,3.7,100,0.4,0.0,1014.2,17.1,36.4,era5
2024-09-24 11:00:00,4.8,95,0.1,0.0,1013.7,18.7,38.5,era5
2024-09-24 12:00:00,4.9,100,0.3,0.0,1013.3,17.3,38.2,era5
2024-09-24 13:00:00,5.5,100,0.5,0.0,1012.5,17.1,36.7,era5
2024-09-24 14:00:00,6.1,100,0.2,0.0,1011.9,16.5,35.6,era5
2024-09-24 15:00:00,7.0,97,0.0,0.0,1011.2,16.8,35.3,era5
2024-09-24 16:00:00,8.1,96,0.0,0.0,1010.7,18.4,36.7,era5
2024-09-24 17:00:00,8.3,96,0.0,0.0,1009.8,20.1,41.8,era5
2024-09-24 18:00:00,8.3,95,0.1,0.0,1009.5,21.6,44.6,era5
2024-09-24 19:00:00,8.4,95,0.5,0.0,1009.0,21.7,45.4,era5
2024-09-24 20:00:00,8.1,99,1.4,0.0,1008.8,20.8,45.0,era5
2024-09-24 21:00:00,7.9,100,0.8,0.0,1008.3,19.5,42.8,era5
2024-09-24 22:00:00,7.8,100,0.5,0.0,1007.8,17.4,40.3,era5
2024-09-24 23:00:00,7.8,100,0.5,0.0,1007.7,14.5,36.0,era5
2024-09-25 00:00:00,7.8,100,0.5,0.0,1007.5,13.9,29.9,era5
2024-09-25 01:00:00,7.9,100,0.2,0.0,1007.2,12.2,28.1,era5
2024-09-25 02:00:00,8.1,100,0.2,0.0,1006.7,11.6,24.8,era5
2024-09-25 03:00:00,8.3,100,0.3,0.0,1006.1,10.9,24.1,era5
2024-09-25 04:00:00,8.7,100,0.4,0.0,1005.1,15.8,32.4,era5
2024-09-25 05:00:00,8.8,100,2.3,0.0,1004.5,17.0,35.3,era5
2024-09-25 06:00:00,9.0,100,0.9,0.0,1004.1,15.2,35.3,era5
2024-09-25 07:00:00,9.2,100,0.9,0.0,1003.6,14.8,35.3,era5
2024-09-25 08:00:00,9.4,100,1.6,0.0,1003.2,14.6,35.6,era5
2024-09-25 09:00:00,9.6,100,1.4,0.0,1003.1,14.5,35.3,era5
2024-09-25 10:00:00,9.9,100,0.2,0.0,1002.9,16.0,29.9,era5
2024-09-25 11:00:00,10.1,100,0.2,0.0,1002.5,18.1,33.5,era5
2024-09-25 12:00:00,10.4,98,0.1,0.0,1002.3,17.4,35.6,era5
2024-09-25 13:00:00,10.7,98,0.0,0.0,1001.8,16.3,34.9,era5
2024-09-25 14:00:00,11.1,98,0.1,0.0,1001.4,15.7,34.6,era5
2024-09-25 15:00:00,11.4,99,0.1,0.0,1000.8,16.9,33.5,era5
2024-09-25 16:00:00,11.6,99,0.0,0.0,1000.4,18.1,33.8,era5
2024-09-25 17:00:00,11.6,99,0.2,0.0,999.6,16.4,34.6,era5
2024-09-25 18:00:00,11.7,99,0.1,0.0,998.7,15.3,33.8,era5
2024-09-25 19:00:00,11.7,100,0.1,0.0,997.7,15.8,32.0,era5
2024-09-25 20:00:00,12.0,98,0.1,0.0,996.5,16.8,33.1,era5
2024-09-25 21:00:00,12.1,97,0.0,0.0,995.7,16.5,33.8,era5
2024-09-25 22:00:00,12.0,97,0.0,0.0,994.9,17.0,34.6,era5
2024-09-25 23:00:00,11.5,100,1.8,0.0,994.2,15.4,34.2,era5
2024-09-26 00:00:00,11.6,100,0.5,0.0,994.0,14.9,32.0,era5
2024-09-26 01:00:00,11.7,100,0.6,0.0,993.4,14.7,30.6,era5
2024-09-26 02:00:00,12.1,100,0.4,0.0,993.2,16.2,33.5,era5
2024-09-26 03:00:00,12.2,100,0.0,0.0,993.1,16.4,34.6,era5
2024-09-26 04:00:00,12.2,100,0.0,0.0,992.3,17.4,37.1,era5
2024-09-26 05:00:00,11.8,100,0.0,0.0,992.2,17.5,36.4,era5
2024-09-26 06:00:00,11.7,99,0.0,0.0,992.0,18.5,38.5,era5
2024-09-26 07:00:00,11.4,99,0.0,0.0,991.8,19.2,40.0,era5
2024-09-26 08:00:00,11.3,98,0.0,0.0,992.1,20.1,41.8,era5
2024-09-26 09:00:00,11.5,96,0.0,0.0,992.7,19.6,43.9,era5
2024-09-26 10:00:00,11.9,93,0.0,0.0,992.7,19.2,45.4,era5
2024-09-26 11:00:00,12.5,87,0.0,0.0,992.8,21.3,48.6,era5
2024-09-26 12:00:00,13.2,79,0.0,0.0,992.8,22.3,55.1,era5
2024-09-26 13:00:00,13.3,76,0.1,0.0,992.6,23.6,55.1,era5
2024-09-26 14:00:00,13.8,74,0.3,0.0,992.1,21.1,50.8,era5
2024-09-26 15:00:00,14.0,69,0.0,0.0,991.6,21.6,50.8,era5
2024-09-26 16:00:00,13.7,69,0.0,0.0,991.4,21.7,51.8,era5
2024-09-26 17:00:00,13.5,68,0.0,0.0,991.0,19.7,48.2,era5
2024-09-26 18:00:00,12.5,71,0.0,0.0,990.7,19.0,45.4,era5
2024-09-26 19:00:00,10.9,83,0.5,0.0,991.2,16.5,43.2,era5
2024-09-26 20:00:00,10.0,88,0.0,0.0,991.3,13.6,33.5,era5
2024-09-26 21:00:00,9.2,93,0.1,0.0,991.4,13.3,28.1,era5
2024-09-26 22:00:00,9.0,93,0.0,0.0,991.6,15.0,30.2,era5
2024-09-26 23:00:00,8.9,92,0.0,0.0,992.0,14.8,31.0,era5
2024-09-27 00:00:00,9.0,89,0.0,0.0,992.2,14.9,31.0,era5
2024-09-27 01:00:00,9.1,87,0.0,0.0,992.4,14.9,31.0,era5
2024-09-27 02:00:00,9.0,86,0.0,0.0,992.4,14.3,31.0,era5
2024-09-27 03:00:00,8.9,86,0.0,0.0,992.5,14.2,30.2,era5
2024-09-27 04:00:00,8.4,84,0.0,0.0,992.4,14.7,31.0,era5
2024-09-27 05:00:00,7.7,88,0.0,0.0,992.8,14.5,30.6,era5
2024-09-27 06:00:00,7.5,89,0.0,0.0,993.3,11.6,29.9,era5
2024-09-27 07:00:00,6.5,90,0.0,0.0,994.0,10.6,23.4,era5
2024-09-27 08:00:00,6.0,87,0.0,0.0,994.6,8.6,20.5,era5
2024-09-27 09:00:00,6.3,80,0.0,0.0,994.9,6.5,18.0,era5
2024-09-27 10:00:00,7.0,77,0.0,0.0,995.2,6.6,17.3,era5
2024-09-27 11:00:00,7.9,74,0.0,0.0,995.2,3.9,17.3,era5
2024-09-27 12:00:00,8.5,72,0.0,0.0,995.1,5.9,15.5,era5
2024-09-27 13:00:00,8.8,73,0.0,0.0,994.4,4.5,16.2,era5
2024-09-27 14:00:00,8.6,76,0.0,0.0,993.8,5.6,14.0,era5
2024-09-27 15:00:00,8.6,79,0.1,0.0,992.9,4.9,14.8,era5
2024-09-27 16:00:00,8.8,84,0.2,0.0,992.0,5.0,10.1,era5
2024-09-27 17:00:00,8.7,87,0.3,0.0,990.9,7.8,14.0,era5
2024-09-27 18:00:00,7.9,99,0.8,0.0,989.5,9.9,20.2,era5
2024-09-27 19:00:00,7.6,99,1.0,0.0,987.7,13.9,28.1,era5
2024-09-27 20:00:00,7.6,99,1.6,0.0,986.0,15.7,32.8,era5
2024-09-27 21:00:00,7.7,99,2.5,0.0,984.7,16.9,35.3,era5
2024-09-27 22:00:00,7.8,100,0.7,0.0,983.2,16.9,36.0,era5
2024-09-27 23:00:00,8.2,100,1.0,0.0,982.1,11.1,34.2,era5
2024-09-28 00:00:00,8.6,100,0.8,0.0,981.4,6.1,21.6,era5
2024-09-28 01:00:00,9.4,100,0.2,0.0,980.8,9.4,17.3,era5
2024-09-28 02:00:00,10.2,100,0.0,0.0,980.4,10.5,20.5,era5
2024-09-28 03:00:00,10.7,100,0.0,0.0,979.8,11.2,22.0,era5
2024-09-28 04:00:00,11.1,100,0.2,0.0,978.9,12.5,26.6,era5
2024-09-28 05:00:00,11.0,100,0.5,0.0,978.4,11.8,25.2,era5
2024-09-28 06:00:00,11.1,100,0.5,0.0,978.0,12.1,23.8,era5
2024-09-28 07:00:00,11.0,100,0.4,0.0,977.5,13.9,28.4,era5
2024-09-28 08:00:00,11.1,100,0.1,0.0,977.4,12.1,28.4,era5
2024-09-28 09:00:00,11.2,100,0.0,0.0,977.7,12.8,24.8,era5
2024-09-28 10:00:00,11.3,100,0.1,0.0,977.9,13.4,26.3,era5
2024-09-28 11:00:00,11.6,100,0.5,0.0,978.2,6.3,25.2,era5
2024-09-28 12:00:00,11.3,100,1.5,0.0,978.9,6.4,13.7,era5
2024-09-28 13:00:00,8.9,100,1.6,0.0,980.0,12.8,27.4,era5
2024-09-28 14:00:00,8.3,100,1.2,0.0,981.4,11.2,27.7,era5
2024-09-28 15:00:00,8.0,98,0.2,0.0,982.8,13.9,28.4,era5
2024-09-28 16:00:00,8.0,98,0.1,0.0,983.5,15.9,31.3,era5
2024-09-28 17:00:00,7.6,99,0.0,0.0,985.3,16.9,32.0,era5
2024-09-28 18:00:00,7.2,94,0.0,0.0,986.9,16.6,37.1,era5
2024-09-28 19:00:00,7.1,91,0.0,0.0,988.1,13.7,34.2,era5
2024-09-28 20:00:00,7.2,91,0.0,0.0,988.8,12.3,27.7,era5
2024-09-28 21:00:00,7.2,90,0.0,0.0,989.7,12.6,25.9,era5
2024-09-28 22:00:00,7.0,90,0.1,0.0,990.9,13.0,27.0,era5
2024-09-28 23:00:00,6.8,89,0.1,0.0,992.0,12.7,27.0,era5
2024-09-29 00:00:00,6.5,88,0.0,0.0,993.3,13.5,27.7,era5
2024-09-29 01:00:00,6.1,87,0.0,0.0,994.2,13.2,28.4,era5
2024-09-29 02:00:00,5.8,86,0.0,0.0,995.0,11.9,27.4,era5
2024-09-29 03:00:00,5.6,87,0.0,0.0,995.6,11.7,25.2,era5
2024-09-29 04:00:00,5.2,87,0.0,0.0,996.0,10.0,22.3,era5
2024-09-29 05:00:00,4.5,87,0.0,0.0,996.8,10.3,21.2,era5
2024-09-29 06:00:00,3.1,92,0.0,0.0,997.6,9.3,20.9,era5
2024-09-29 07:00:00,2.3,94,0.0,0.0,998.2,9.5,17.3,era5
2024-09-29 08:00:00,2.4,95,0.0,0.0,998.7,9.7,18.4,era5
2024-09-29 09:00:00,3.5,90,0.0,0.0,999.2,8.3,19.4,era5
2024-09-29 10:00:00,4.8,82,0.0,0.0,999.4,10.0,23.8,era5
2024-09-29 11:00:00,6.0,77,0.0,0.0,999.6,12.9,29.5,era5
2024-09-29 12:00:00,7.0,69,0.0,0.0,999.7,13.8,32.4,era5
2024-09-29 13:00:00,7.8,61,0.0,0.0,999.7,16.7,37.8,era5
2024-09-29 14:00:00,7.9,59,0.0,0.0,999.8,15.2,40.0,era5
2024-09-29 15:00:00,8.2,55,0.0,0.0,1000.0,16.6,39.2,era5
2024-09-29 16:00:00,6.4,81,0.1,0.0,1000.5,12.2,36.4,era5
2024-09-29 17:00:00,5.1,94,0.6,0.07,1001.1,10.8,32.8,era5
2024-09-29 18:00:00,4.5,96,0.0,0.0,1001.7,10.3,22.3,era5
2024-09-29 19:00:00,3.9,95,0.0,0.0,1002.2,9.2,20.5,era5
2024-09-29 20:00:00,3.2,93,0.0,0.0,1002.8,7.8,17.3,era5
2024-09-29 21:00:00,2.7,91,0.0,0.0,1003.7,8.5,14.8,era5
2024-09-29 22:00:00,2.3,91,0.0,0.0,1004.6,8.8,15.8,era5
2024-09-29 23:00:00,1.9,92,0.0,0.0,1005.5,8.3,15.8,era5
2024-09-30 00:00:00,1.6,93,0.0,0.0,1006.3,8.1,14.8,era5
2024-09-30 01:00:00,1.3,94,0.0,0.0,1007.1,8.1,14.8,era5
2024-09-30 02:00:00,1.2,95,0.0,0.0,1007.8,7.9,15.1,era5
2024-09-30 03:00:00,1.1,94,0.0,0.0,1008.6,6.8,14.4,era5
2024-09-30 04:00:00,-0.4,95,0.0,0.0,1009.2,7.9,11.9,era5
2024-09-30 05:00:00,-1.0,95,0.0,0.0,1010.0,8.1,11.9,era5
2024-09-30 06:00:00,-0.6,95,0.0,0.0,1010.9,6.7,11.2,era5
2024-09-30 07:00:00,0.7,95,0.0,0.0,1011.7,6.7,11.9,era5
2024-09-30 08:00:00,1.4,95,0.0,0.0,1012.4,8.7,15.5,era5
2024-09-30 09:00:00,2.8,93,0.0,0.0,1013.2,11.7,22.7,era5
2024-09-30 10:00:00,3.8,92,0.0,0.0,1014.1,14.4,29.2,era5
2024-09-30 11:00:00,4.6,85,0.0,0.0,1015.2,12.5,29.9,era5
2024-09-30 12:00:00,5.7,72,0.0,0.0,1016.1,13.9,32.0,era5
2024-09-30 13:00:00,6.3,63,0.0,0.0,1016.8,15.7,34.6,era5
2024-09-30 14:00:00,6.7,58,0.0,0.0,1017.7,14.7,36.4,era5
2024-09-30 15:00:00,6.7,57,0.0,0.0,1018.4,14.2,33.1,era5
2024-09-30 16:00:00,6.7,58,0.0,0.0,1019.2,14.7,36.0,era5
2024-09-30 17:00:00,5.8,63,0.0,0.0,1020.0,12.3,31.7,era5
2024-09-30 18:00:00,4.3,69,0.0,0.0,1020.8,11.7,25.9,era5
2024-09-30 19:00:00,3.2,73,0.0,0.0,1021.4,11.9,23.8,era5
2024-09-30 20:00:00,2.7,73,0.0,0.0,1022.2,12.0,24.1,era5
2024-09-30 21:00:00,2.5,73,0.0,0.0,1022.4,11.4,23.4,era5
2024-09-30 22:00:00,2.3,74,0.0,0.0,1022.5,10.7,22.7,era5
2024-09-30 23:00:00,1.8,76,0.0,0.0,1022.6,9.5,20.5,era5
2024-10-01 00:00:00,1.4,79,0.0,0.0,1022.7,10.3,17.6,era5
2024-10-01 01:00:00,1.2,82,0.0,0.0,1022.7,10.1,18.4,era5
2024-10-01 02:00:00,2.6,80,0.0,0.0,1022.5,11.2,23.4,era5
2024-10-01 03:00:00,3.3,82,0.0,0.0,1021.9,12.4,25.9,era5
2024-10-01 04:00:00,2.3,93,0.0,0.0,1021.5,12.5,26.6,era5
2024-10-01 05:00:00,2.5,96,0.0,0.0,1021.1,13.7,26.6,era5
2024-10-01 06:00:00,3.1,95,0.0,0.0,1020.7,14.2,28.8,era5
2024-10-01 07:00:00,3.8,92,0.0,0.0,1020.2,14.7,30.6,era5
2024-10-01 08:00:00,4.6,89,0.0,0.0,1019.8,15.7,33.5,era5
2024-10-01 09:00:00,5.6,85,0.0,0.0,1019.5,16.6,35.3,era5
2024-10-01 10:00:00,6.9,78,0.0,0.0,1019.0,18.8,46.1,era5
2024-10-01 11:00:00,7.5,76,0.0,0.0,1018.8,19.2,47.9,era5
2024-10-01 12:00:00,7.9,76,0.0,0.0,1018.3,18.4,46.8,era5
2024-10-01 13:00:00,7.9,78,0.0,0.0,1017.7,20.2,41.4,era5
2024-10-01 14:00:00,7.7,88,1.0,0.0,1017.3,18.7,46.4,era5
2024-10-01 15:00:00,7.8,88,0.0,0.0,1016.8,17.7,38.5,era5
2024-10-01 16:00:00,8.7,80,0.1,0.0,1016.4,18.1,39.2,era5
2024-10-01 17:00:00,8.3,83,0.2,0.0,1016.3,17.4,38.5,era5
2024-10-01 18:00:00,7.3,86,0.0,0.0,1016.3,15.3,36.4,era5
2024-10-01 19:00:00,6.2,91,0.0,0.0,1016.4,12.8,31.0,era5
2024-10-01 20:00:00,5.2,87,0.2,0.0,1016.9,10.4,24.5,era5
2024-10-01 21:00:00,4.8,88,0.0,0.0,1016.9,10.6,20.2,era5
2024-10-01 22:00:00,4.3,93,0.0,0.0,1016.8,11.4,21.6,era5
2024-10-01 23:00:00,3.7,95,0.0,0.0,1016.9,10.6,21.6,era5
2024-10-02 00:00:00,3.3,94,0.0,0.0,1016.9,10.5,20.2,era5
2024-10-02 01:00:00,2.8,94,0.0,0.0,1017.1,10.3,20.2,era5
2024-10-02 02:00:00,2.4,92,0.0,0.0,1017.3,8.6,19.1,era5
2024-10-02 03:00:00,2.0,91,0.0,0.0,1017.1,9.2,15.8,era5
2024-10-02 04:00:00,1.5,91,0.0,0.0,1017.1,11.0,20.2,era5
2024-10-02 05:00:00,1.2,90,0.0,0.0,1017.1,11.3,21.6,era5
2024-10-02 06:00:00,1.1,88,0.0,0.0,1017.1,10.9,22.3,era5
2024-10-02 07:00:00,0.8,86,0.0,0.0,1017.0,10.3,20.9,era5
2024-10-02 08:00:00,1.1,81,0.0,0.0,1017.3,10.6,19.8,era5
2024-10-02 09:00:00,2.4,74,0.0,0.0,1017.4,10.8,22.0,era5
2024-10-02 10:00:00,3.8,70,0.0,0.0,1017.6,8.2,23.4,era5
2024-10-02 11:00:00,4.8,67,0.0,0.0,1018.1,8.7,21.2,era5
2024-10-02 12:00:00,5.7,62,0.0,0.0,1018.2,8.8,22.0,era5
2024-10-02 13:00:00,6.4,60,0.0,0.0,1018.1,8.7,22.0,era5
2024-10-02 14:00:00,6.9,59,0.0,0.0,1018.3,8.3,21.6,era5
2024-10-02 15:00:00,7.0,59,0.0,0.0,1018.3,8.0,20.9,era5
2024-10-02 16:00:00,7.0,60,0.0,0.0,1018.4,6.4,17.3,era5
2024-10-02 17:00:00,5.9,71,0.0,0.0,1018.3,3.9,13.7,era5
2024-10-02 18:00:00,3.7,79,0.0,0.0,1018.5,6.7,9.0,era5
2024-10-02 19:00:00,2.7,82,0.0,0.0,1018.4,6.5,10.1,era5
2024-10-02 20:00:00,2.3,84,0.0,0.0,1018.4,5.9,9.4,era5
2024-10-02 21:00:00,2.4,84,0.0,0.0,1018.5,5.2,9.0,era5
2024-10-02 22:00:00,2.8,84,0.0,0.0,1018.6,6.3,11.9,era5
2024-10-02 23:00:00,2.9,85,0.0,0.0,1018.7,6.9,11.2,era5
2024-10-03 00:00:00,2.8,87,0.0,0.0,1018.5,7.1,11.9,era5
2024-10-03 01:00:00,2.8,89,0.0,0.0,1018.3,7.6,12.6,era5
2024-10-03 02:00:00,2.4,91,0.0,0.0,1018.2,7.2,12.6,era5
2024-10-03 03:00:00,2.0,94,0.0,0.0,1018.0,7.4,11.9,era5
2024-10-03 04:00:00,0.4,98,0.0,0.0,1017.9,6.7,12.6,era5
2024-10-03 05:00:00,0.6,99,0.0,0.0,1017.6,8.7,14.0,era5
2024-10-03 06:00:00,0.7,98,0.0,0.0,1017.7,9.8,16.6,era5
2024-10-03 07:00:00,0.6,97,0.0,0.0,1017.5,9.6,16.6,era5
2024-10-03 08:00:00,0.4,99,0.0,0.0,1017.5,8.6,16.6,era5
2024-10-03 09:00:00,1.0,99,0.0,0.0,1017.6,7.6,15.5,era5
2024-10-03 10:00:00,2.0,98,0.0,0.0,1017.7,6.3,14.4,era5
2024-10-03 11:00:00,3.6,90,0.0,0.0,1017.7,7.0,16.9,era5
2024-10-03 12:00:00,4.3,83,0.0,0.0,1017.5,6.7,17.3,era5
2024-10-03 13:00:00,4.7,77,0.0,0.0,1017.5,6.0,16.6,era5
2024-10-03 14:00:00,4.8,74,0.0,0.0,1017.4,4.9,15.1,era5
2024-10-03 15:00:00,4.8,73,0.0,0.0,1017.4,3.8,12.6,era5
2024-10-03 16:00:00,4.0,77,0.0,0.0,1017.6,2.4,9.0,era5
2024-10-03 17:00:00,2.8,84,0.0,0.0,1017.7,4.3,5.8,era5
2024-10-03 18:00:00,2.8,84,0.0,0.0,1017.8,3.5,5.8,era5
2024-10-03 19:00:00,2.4,88,0.0,0.0,1017.7,1.9,4.7,era5
2024-10-03 20:00:00,2.2,90,0.0,0.0,1017.7,3.0,3.6,era5
2024-10-03 21:00:00,2.2,87,0.0,0.0,1017.8,5.8,7.6,era5
2024-10-03 22:00:00,-0.4,90,0.0,0.0,1017.8,8.1,10.4,era5
2024-10-03 23:00:00,-0.4,95,0.0,0.0,1017.4,6.1,11.5,era5
2024-10-04 00:00:00,-0.1,96,0.0,0.0,1017.3,8.1,14.0,era5
2024-10-04 01:00:00,-0.3,95,0.0,0.0,1017.5,6.9,15.1,era5
2024-10-04 02:00:00,-0.0,95,0.0,0.0,1016.9,6.8,13.7,era5
2024-10-04 03:00:00,0.8,97,0.0,0.0,1016.4,8.4,17.3,era5
2024-10-04 04:00:00,0.4,94,0.0,0.0,1016.0,8.6,16.9,era5
2024-10-04 05:00:00,0.9,96,0.0,0.0,1015.4,11.3,21.6,era5
2024-10-04 06:00:00,1.2,98,0.0,0.0,1014.7,13.8,27.4,era5
2024-10-04 07:00:00,1.2,98,0.1,0.0,1013.7,14.9,29.9,era5
2024-10-04 08:00:00,1.3,97,0.2,0.14,1013.0,16.3,33.1,era5
2024-10-04 09:00:00,1.4,97,0.5,0.35,1012.3,18.3,37.4,era5
2024-10-04 10:00:00,1.4,98,1.5,0.98,1011.5,18.2,37.8,era5
2024-10-04 11:00:00,1.3,100,1.1,0.77,1010.8,18.2,38.5,era5
2024-10-04 12:00:00,1.3,100,1.3,0.84,1009.8,17.7,37.8,era5
2024-10-04 13:00:00,1.3,100,1.5,0.98,1008.6,17.1,32.8,era5
2024-10-04 14:00:00,2.1,100,1.2,0.35,1007.4,16.2,32.4,era5
2024-10-04 15:00:00,2.8,100,0.9,0.0,1005.9,15.5,32.4,era5
2024-10-04 16:00:00,3.7,100,1.3,0.0,1004.9,14.1,31.3,era5
2024-10-04 17:00:00,3.9,100,0.1,0.0,1004.6,13.8,28.8,era5
2024-10-04 18:00:00,2.5,100,0.0,0.0,1004.9,11.1,28.1,era5
2024-10-04 19:00:00,1.1,100,0.0,0.0,1005.1,10.9,23.0,era5
2024-10-04 20:00:00,0.5,99,0.0,0.0,1004.7,10.4,22.0,era5
2024-10-04 21:00:00,0.4,99,0.0,0.0,1004.0,11.3,22.3,era5
2024-10-04 22:00:00,1.3,96,0.0,0.0,1003.2,14.2,28.8,era5
2024-10-04 23:00:00,1.9,93,0.0,0.0,1002.9,14.7,30.2,era5
2024-10-05 00:00:00,2.1,94,0.0,0.0,1002.7,13.5,29.9,era5
2024-10-05 01:00:00,2.4,93,0.1,0.0,1002.5,15.0,30.6,era5
2024-10-05 02:00:00,2.7,93,0.1,0.0,1002.8,17.3,36.0,era5
2024-10-05 03:00:00,2.9,92,0.0,0.0,1002.8,17.3,36.7,era5
2024-10-05 04:00:00,2.8,95,0.0,0.0,1002.0,18.9,39.2,era5
2024-10-05 05:00:00,2.9,94,0.0,0.0,1002.2,18.9,39.6,era5
2024-10-05 06:00:00,2.7,95,0.4,0.07,1002.6,18.5,39.2,era5
2024-10-05 07:00:00,2.9,94,0.1,0.0,1002.8,20.1,41.8,era5
2024-10-05 08:00:00,3.0,94,0.0,0.0,1003.2,18.9,42.1,era5
2024-10-05 09:00:00,3.3,93,0.0,0.0,1003.8,17.8,39.6,era5
2024-10-05 10:00:00,3.8,92,0.0,0.0,1004.1,18.6,38.5,era5
2024-10-05 11:00:00,4.0,91,0.0,0.0,1004.5,18.2,38.9,era5
2024-10-05 12:00:00,4.6,87,0.0,0.0,1004.9,22.2,46.4,era5
2024-10-05 13:00:00,5.1,82,0.0,0.0,1005.4,21.3,48.2,era5
2024-10-05 14:00:00,5.4,77,0.0,0.0,1006.1,22.1,47.5,era5
2024-10-05 15:00:00,5.2,77,0.0,0.0,1006.6,18.5,47.9,era5
2024-10-05 16:00:00,5.2,80,0.0,0.0,1007.2,18.2,46.4,era5
2024-10-05 17:00:00,4.7,81,0.0,0.0,1007.7,17.1,39.2,era5
2024-10-05 18:00:00,3.9,84,0.0,0.0,1008.5,16.4,36.4,era5
2024-10-05 19:00:00,3.2,86,0.0,0.0,1009.1,16.5,34.2,era5
2024-10-05 20:00:00,2.9,87,0.0,0.0,1009.4,16.2,34.2,era5
2024-10-05 21:00:00,2.5,89,0.0,0.0,1009.9,15.0,33.1,era5
2024-10-05 22:00:00,2.0,91,0.0,0.0,1010.3,13.8,30.2,era5
2024-10-05 23:00:00,1.3,95,0.0,0.0,1010.8,13.1,27.7,era5
2024-10-06 00:00:00,0.9,96,0.0,0.0,1011.2,12.7,25.6,era5
2024-10-06 01:00:00,0.6,96,0.0,0.0,1011.6,12.7,24.8,era5
2024-10-06 02:00:00,0.5,97,0.0,0.0,1011.8,10.7,24.1,era5
2024-10-06 03:00:00,0.3,96,0.0,0.0,1011.9,8.8,19.8,era5
2024-10-06 04:00:00,0.3,97,0.0,0.0,1012.3,8.6,19.1,era5
2024-10-06 05:00:00,0.0,97,0.0,0.0,1012.6,6.5,15.5,era5
2024-10-06 06:00:00,0.1,97,0.0,0.0,1013.0,5.4,11.9,era5
2024-10-06 07:00:00,0.1,97,0.0,0.0,1013.3,4.1,10.1,era5
2024-10-06 08:00:00,0.0,97,0.0,0.0,1013.6,4.2,7.9,era5
2024-10-06 09:00:00,1.5,94,0.0,0.0,1013.8,3.8,8.3,era5
2024-10-06 10:00:00,2.5,88,0.0,0.0,1013.8,3.6,10.4,era5
2024-10-06 11:00:00,3.3,83,0.0,0.0,1013.9,2.8,11.9,era5
2024-10-06 12:00:00,4.0,80,0.0,0.0,1013.9,2.2,9.7,era5
2024-10-06 13:00:00,4.5,77,0.0,0.0,1013.6,1.8,9.7,era5
2024-10-06 14:00:00,4.7,77,0.0,0.0,1013.3,3.6,12.6,era5
2024-10-06 15:00:00,4.5,79,0.0,0.0,1012.8,4.8,13.7,era5
2024-10-06 16:00:00,3.7,87,0.0,0.0,1012.7,5.3,11.2,era5
2024-10-06 17:00:00,1.6,95,0.0,0.0,1012.2,6.1,10.4,era5
2024-10-06 18:00:00,2.1,92,0.0,0.0,1011.9,4.5,7.9,era5
2024-10-06 19:00:00,0.5,96,0.0,0.0,1011.5,4.8,6.8,era5
2024-10-06 20:00:00,0.8,95,0.0,0.0,1011.0,4.4,7.2,era5
2024-10-06 21:00:00,1.2,94,0.0,0.0,1010.8,3.6,6.8,era5
2024-10-06 22:00:00,1.7,94,0.1,0.0,1010.2,4.1,7.6,era5
2024-10-06 23:00:00,1.4,96,0.1,0.0,1009.7,7.5,11.9,era5
2024-10-07 00:00:00,0.9,98,0.1,0.0,1009.1,8.0,15.1,era5
2024-10-07 01:00:00,0.8,99,0.1,0.07,1008.8,8.6,16.9,era5
2024-10-07 02:00:00,0.9,99,0.1,0.07,1008.4,9.8,19.8,era5
2024-10-07 03:00:00,1.1,99,0.1,0.07,1008.2,11.5,23.4,era5
2024-10-07 04:00:00,1.0,99,0.1,0.07,1008.0,11.5,23.8,era5
2024-10-07 05:00:00,1.1,99,0.0,0.0,1008.1,11.9,23.8,era5
2024-10-07 06:00:00,1.2,98,0.0,0.0,1008.2,13.5,27.4,era5
2024-10-07 07:00:00,1.0,98,0.0,0.0,1008.4,14.8,30.6,era5
2024-10-07 08:00:00,1.2,96,0.0,0.0,1008.9,16.4,33.8,era5
2024-10-07 09:00:00,1.5,91,0.0,0.0,1009.3,15.7,34.6,era5
2024-10-07 10:00:00,1.8,87,0.0,0.0,1009.8,15.5,32.8,era5
2024-10-07 11:00:00,2.3,81,0.0,0.0,1010.6,18.2,39.6,era5
2024-10-07 12:00:00,2.4,79,0.0,0.0,1011.0,16.7,40.0,era5
2024-10-07 13:00:00,3.0,72,0.0,0.0,1011.4,15.6,36.4,era5
2024-10-07 14:00:00,3.2,69,0.0,0.0,1011.9,13.4,34.2,era5
2024-10-07 15:00:00,3.2,69,0.0,0.0,1012.2,12.7,29.9,era5
2024-10-07 16:00:00,2.6,69,0.0,0.0,1013.0,10.8,27.0,era5
2024-10-07 17:00:00,1.4,77,0.0,0.0,1013.5,11.5,23.4,era5
2024-10-07 18:00:00,0.2,83,0.0,0.0,1014.2,10.2,23.4,era5
2024-10-07 19:00:00,-0.2,85,0.0,0.0,1014.6,10.2,19.1,era5
2024-10-07 20:00:00,-0.3,87,0.0,0.0,1015.1,10.4,18.4,era5
2024-10-07 21:00:00,-0.4,89,0.0,0.0,1015.5,9.9,18.4,era5
2024-10-07 22:00:00,-0.4,88,0.0,0.0,1016.0,10.2,17.3,era5
2024-10-07 23:00:00,-0.8,90,0.0,0.0,1016.6,10.2,17.6,era5
2024-10-08 00:00:00,-1.2,92,0.0,0.0,1017.0,10.6,19.1,era5
2024-10-08 01:00:00,-1.5,93,0.0,0.0,1017.7,10.4,19.1,era5
2024-10-08 02:00:00,-1.6,94,0.0,0.0,1018.1,10.3,19.4,era5
2024-10-08 03:00:00,-1.6,94,0.0,0.0,1018.7,9.2,18.7,era5
2024-10-08 04:00:00,-1.4,94,0.0,0.0,1019.5,9.0,17.6,era5
2024-10-08 05:00:00,-1.1,95,0.0,0.0,1020.0,8.4,17.3,era5
2024-10-08 06:00:00,-0.9,94,0.0,0.0,1020.6,7.5,15.5,era5
2024-10-08 07:00:00,-0.7,95,0.0,0.0,1020.9,6.8,13.7,era5
2024-10-08 08:00:00,-0.4,94,0.0,0.0,1021.2,6.9,12.6,era5
2024-10-08 09:00:00,0.6,91,0.0,0.0,1021.6,7.2,13.7,era5
2024-10-08 10:00:00,1.6,85,0.0,0.0,1022.1,7.5,16.9,era5
2024-10-08 11:00:00,2.5,78,0.0,0.0,1022.5,6.3,16.9,era5
2024-10-08 12:00:00,3.3,72,0.0,0.0,1022.7,4.9,15.1,era5
2024-10-08 13:00:00,3.4,71,0.0,0.0,1023.0,2.3,13.0,era5
2024-10-08 14:00:00,3.5,69,0.0,0.0,1023.4,1.5,6.8,era5
2024-10-08 15:00:00,3.3,70,0.0,0.0,1023.7,2.9,8.3,era5
2024-10-08 16:00:00,2.0,78,0.0,0.0,1024.5,6.3,12.6,era5
2024-10-08 17:00:00,1.0,86,0.0,0.0,1024.4,5.8,13.0,era5
2024-10-08 18:00:00,-0.6,92,0.0,0.0,1024.6,6.0,10.4,era5
2024-10-08 19:00:00,-0.6,92,0.0,0.0,1024.6,5.2,9.7,era5
2024-10-08 20:00:00,-0.6,93,0.0,0.0,1024.7,8.1,11.2,era5
2024-10-08 21:00:00,-0.7,94,0.0,0.0,1024.9,7.9,14.0,era5
2024-10-08 22:00:00,-1.1,94,0.0,0.0,1024.9,8.8,14.8,era5
2024-10-08 23:00:00,-1.4,94,0.0,0.0,1024.9,8.9,15.8,era5
2024-10-09 00:00:00,-1.7,95,0.0,0.0,1025.0,8.5,15.8,era5
2024-10-09 01:00:00,-1.5,95,0.0,0.0,1025.0,10.6,19.4,era5
2024-10-09 02:00:00,-0.9,95,0.0,0.0,1025.1,11.0,22.0,era5
2024-10-09 03:00:00,-0.7,95,0.0,0.0,1024.7,12.0,23.8,era5
2024-10-09 04:00:00,-0.8,96,0.0,0.0,1024.6,11.5,22.7,era5
2024-10-09 05:00:00,-0.6,96,0.0,0.0,1024.2,12.3,23.8,era5
2024-10-09 06:00:00,-0.0,95,0.0,0.0,1023.9,13.6,27.4,era5
2024-10-09 07:00:00,0.5,95,0.0,0.0,1023.3,14.8,30.2,era5
2024-10-09 08:00:00,1.1,93,0.0,0.0,1022.8,16.0,33.1,era5
2024-10-09 09:00:00,1.9,92,0.0,0.0,1022.6,17.1,35.6,era5
2024-10-09 10:00:00,2.9,88,0.0,0.0,1022.2,18.4,40.3,era5
2024-10-09 11:00:00,3.4,84,0.0,0.0,1022.1,20.0,41.4,era5
2024-10-09 12:00:00,4.0,77,0.0,0.0,1022.1,21.7,50.0,era5
2024-10-09 13:00:00,4.2,74,0.0,0.0,1021.6,23.0,50.8,era5
2024-10-09 14:00:00,4.2,74,0.0,0.0,1021.2,23.4,54.7,era5
2024-10-09 15:00:00,3.9,77,0.0,0.0,1020.6,19.7,50.0,era5
2024-10-09 16:00:00,3.9,78,0.0,0.0,1019.5,22.6,48.2,era5
2024-10-09 17:00:00,3.3,80,0.0,0.0,1019.2,22.9,48.2,era5
2024-10-09 18:00:00,2.7,84,0.0,0.0,1019.1,24.1,50.4,era5
2024-10-09 19:00:00,2.8,83,0.0,0.0,1018.4,25.0,52.9,era5
2024-10-09 20:00:00,3.0,80,0.0,0.0,1018.2,25.8,54.4,era5
2024-10-09 21:00:00,3.2,78,0.0,0.0,1017.6,26.3,56.2,era5
2024-10-09 22:00:00,3.3,76,0.0,0.0,1017.5,26.8,57.2,era5
2024-10-09 23:00:00,3.3,75,0.0,0.0,1017.2,27.1,58.0,era5
2024-10-10 00:00:00,3.1,74,0.0,0.0,1016.7,26.6,58.0,era5
2024-10-10 01:00:00,2.9,75,0.0,0.0,1016.1,26.1,56.9,era5
2024-10-10 02:00:00,2.6,78,0.0,0.0,1015.2,27.1,58.0,era5
2024-10-10 03:00:00,2.4,79,0.0,0.0,1014.2,27.5,58.7,era5
2024-10-10 04:00:00,2.1,79,0.0,0.0,1012.5,28.7,61.2,era5
2024-10-10 05:00:00,1.9,75,0.0,0.0,1011.1,30.2,65.2,era5
2024-10-10 06:00:00,1.6,77,0.0,0.0,1009.8,30.9,66.2,era5
2024-10-10 07:00:00,1.6,79,0.0,0.0,1008.8,32.2,69.1,era5
2024-10-10 08:00:00,1.4,81,0.2,0.14,1007.9,33.7,72.4,era5
2024-10-10 09:00:00,1.1,84,0.9,0.63,1007.4,33.2,72.7,era5
2024-10-10 10:00:00,0.9,87,1.6,1.12,1006.8,36.3,77.8,era5
2024-10-10 11:00:00,0.9,90,1.3,0.91,1006.5,35.7,79.6,era5
2024-10-10 12:00:00,1.3,90,1.0,0.7,1006.0,31.9,76.0,era5
2024-10-10 13:00:00,1.3,93,1.0,0.7,1005.8,26.8,69.1,era5
2024-10-10 14:00:00,1.3,94,0.8,0.49,1005.7,26.7,57.6,era5
2024-10-10 15:00:00,1.5,94,0.5,0.14,1005.9,24.1,56.2,era5
2024-10-10 16:00:00,1.5,96,0.3,0.0,1005.7,23.2,55.4,era5
2024-10-10 17:00:00,1.6,97,0.2,0.0,1005.8,22.1,49.3,era5
2024-10-10 18:00:00,1.6,98,0.1,0.0,1006.1,21.3,46.1,era5
2024-10-10 19:00:00,1.7,98,0.1,0.0,1006.2,20.4,43.9,era5
2024-10-10 20:00:00,1.7,98,0.1,0.0,1006.2,20.2,42.1,era5
2024-10-10 21:00:00,1.8,98,0.1,0.0,1006.4,20.2,42.1,era5
2024-10-10 22:00:00,1.8,100,0.2,0.0,1006.4,19.8,42.1,era5
2024-10-10 23:00:00,1.9,100,0.4,0.0,1006.2,20.1,42.1,era5
2024-10-11 00:00:00,2.0,100,0.4,0.0,1006.2,20.3,42.5,era5
2024-10-11 01:00:00,2.1,100,0.2,0.0,1005.4,20.8,43.9,era5
2024-10-11 02:00:00,2.4,98,0.0,0.0,1004.6,21.2,44.3,era5
2024-10-11 03:00:00,2.6,97,0.1,0.0,1003.8,22.0,45.7,era5
2024-10-11 04:00:00,2.1,100,0.2,0.0,1002.7,24.5,51.5,era5
2024-10-11 05:00:00,2.0,98,0.1,0.0,1001.6,24.7,52.2,era5
2024-10-11 06:00:00,1.6,97,1.0,0.49,1001.0,24.4,52.2,era5
2024-10-11 07:00:00,1.3,100,1.2,0.21,1000.3,23.3,51.5,era5
2024-10-11 08:00:00,1.6,100,1.2,0.0,999.4,23.2,49.3,era5
2024-10-11 09:00:00,2.2,100,0.9,0.0,998.4,24.2,51.5,era5
2024-10-11 10:00:00,3.0,100,1.7,0.0,997.5,24.1,50.8,era5
2024-10-11 11:00:00,3.6,100,0.8,0.0,996.5,25.5,53.3,era5
2024-10-11 12:00:00,4.0,100,1.0,0.0,996.0,25.4,54.4,era5
2024-10-11 13:00:00,4.5,100,1.0,0.0,995.3,24.8,52.9,era5
2024-10-11 14:00:00,5.0,100,0.8,0.0,994.8,24.7,51.8,era5
2024-10-11 15:00:00,5.5,100,0.9,0.0,994.1,24.4,51.5,era5
2024-10-11 16:00:00,5.7,100,0.7,0.0,994.4,23.9,52.2,era5
2024-10-11 17:00:00,6.4,100,0.2,0.0,994.7,23.8,49.7,era5
2024-10-11 18:00:00,7.2,100,0.1,0.0,994.6,23.2,49.3,era5
2024-10-11 19:00:00,7.6,100,0.2,0.0,994.8,19.9,47.9,era5
2024-10-11 20:00:00,8.0,100,0.3,0.0,995.6,17.3,41.0,era5
2024-10-11 21:00:00,8.6,100,0.0,0.0,996.2,16.3,35.6,era5
2024-10-11 22:00:00,8.9,100,0.0,0.0,997.2,15.2,33.5,era5
2024-10-11 23:00:00,8.7,100,0.0,0.0,998.2,12.8,30.6,era5
2024-10-12 00:00:00,8.7,100,0.0,0.0,999.1,14.0,28.8,era5
2024-10-12 01:00:00,8.3,100,0.1,0.0,999.8,10.4,28.1,era5
2024-10-12 02:00:00,7.7,100,0.0,0.0,1000.2,7.8,20.9,era5
2024-10-12 03:00:00,7.0,100,0.0,0.0,1000.7,6.9,15.8,era5
2024-10-12 04:00:00,6.1,98,0.0,0.0,1001.3,7.8,20.2,era5
2024-10-12 05:00:00,3.9,98,0.0,0.0,1001.7,4.9,15.1,era5
2024-10-12 06:00:00,4.0,97,0.0,0.0,1002.1,4.3,9.7,era5
2024-10-12 07:00:00,4.3,100,0.7,0.0,1002.3,3.4,10.8,era5
2024-10-12 08:00:00,3.9,100,1.5,0.0,1002.6,4.1,8.3,era5
2024-10-12 09:00:00,3.5,100,1.1,0.0,1003.4,7.7,16.2,era5
2024-10-12 10:00:00,3.5,98,0.4,0.0,1004.1,5.1,16.6,era5
2024-10-12 11:00:00,4.2,96,0.0,0.0,1005.1,7.1,15.1,era5
2024-10-12 12:00:00,5.1,91,0.0,0.0,1006.2,11.4,26.3,era5
2024-10-12 13:00:00,5.8,87,0.0,0.0,1007.1,11.3,26.6,era5
2024-10-12 14:00:00,5.8,83,0.0,0.0,1008.1,11.1,28.8,era5
2024-10-12 15:00:00,5.6,79,0.0,0.0,1009.0,10.4,25.2,era5
2024-10-12 16:00:00,5.3,84,0.0,0.0,1009.7,9.5,21.2,era5
2024-10-12 17:00:00,3.8,92,0.0,0.0,1010.3,10.5,19.4,era5
2024-10-12 18:00:00,2.9,94,0.0,0.0,1010.9,11.5,21.2,era5
2024-10-12 19:00:00,2.5,94,0.0,0.0,1011.3,11.2,21.2,era5
2024-10-12 20:00:00,2.2,96,0.0,0.0,1011.9,11.7,22.7,era5
2024-10-12 21:00:00,2.0,97,0.0,0.0,1012.7,12.6,25.6,era5
2024-10-12 22:00:00,2.4,94,0.2,0.07,1013.2,12.3,25.6,era5
2024-10-12 23:00:00,2.9,94,0.2,0.0,1013.9,11.8,25.9,era5
2024-10-13 00:00:00,2.9,97,0.0,0.0,1014.4,12.3,24.8,era5
2024-10-13 01:00:00,2.3,98,0.0,0.0,1015.2,11.3,25.6,era5
2024-10-13 02:00:00,1.3,98,0.0,0.0,1016.3,10.3,22.3,era5
2024-10-13 03:00:00,0.8,98,0.0,0.0,1016.8,10.8,20.9,era5
2024-10-13 04:00:00,1.0,98,0.0,0.0,1017.3,12.6,25.2,era5
2024-10-13 05:00:00,1.4,99,0.0,0.0,1017.9,12.9,26.3,era5
2024-10-13 06:00:00,1.4,99,0.0,0.0,1018.4,13.3,27.0,era5
2024-10-13 07:00:00,1.1,99,0.0,0.0,1018.4,13.7,27.0,era5
2024-10-13 08:00:00,1.1,99,0.0,0.0,1019.1,15.4,31.0,era5
2024-10-13 09:00:00,1.6,99,0.0,0.0,1019.4,15.2,32.8,era5
2024-10-13 10:00:00,1.9,96,0.0,0.0,1019.6,15.5,31.7,era5
2024-10-13 11:00:00,2.5,94,0.0,0.0,1019.9,14.8,31.7,era5
2024-10-13 12:00:00,3.6,90,0.0,0.0,1019.9,14.0,32.0,era5
2024-10-13 13:00:00,4.2,84,0.0,0.0,1019.8,15.5,32.0,era5
2024-10-13 14:00:00,4.7,82,0.0,0.0,1019.8,14.1,33.1,era5
2024-10-13 15:00:00,4.7,81,0.0,0.0,1019.4,12.3,30.6,era5
2024-10-13 16:00:00,4.2,81,0.0,0.0,1019.0,12.8,30.2,era5
2024-10-13 17:00:00,3.3,86,0.0,0.0,1018.7,12.7,26.6,era5
2024-10-13 18:00:00,2.3,93,0.0,0.0,1018.6,13.0,25.6,era5
2024-10-13 19:00:00,2.0,96,0.0,0.0,1018.5,13.2,26.3,era5
2024-10-13 20:00:00,1.9,98,0.0,0.0,1018.1,11.1,25.9,era5
2024-10-13 21:00:00,2.3,98,0.0,0.0,1017.6,10.2,22.0,era5
2024-10-13 22:00:00,2.7,98,0.0,0.0,1017.2,10.9,22.3,era5
2024-10-13 23:00:00,2.9,98,0.0,0.0,1017.2,10.1,22.7,era5
2024-10-14 00:00:00,3.0,98,0.0,0.0,1016.4,7.4,20.5,era5
2024-10-14 01:00:00,3.2,97,0.0,0.0,1015.9,8.0,15.5,era5
2024-10-14 02:00:00,3.7,96,0.0,0.0,1015.3,8.7,17.3,era5
2024-10-14 03:00:00,3.9,97,0.0,0.0,1014.6,9.0,18.0,era5
2024-10-14 04:00:00,3.6,97,0.0,0.0,1014.4,7.3,14.8,era5
2024-10-14 05:00:00,3.3,99,0.0,0.0,1013.7,7.0,14.4,era5
2024-10-14 06:00:00,2.7,100,0.0,0.0,1013.2,7.6,14.4,era5
2024-10-14 07:00:00,2.4,100,0.0,0.0,1012.7,7.2,14.4,era5
2024-10-14 08:00:00,2.5,100,0.0,0.0,1012.6,6.0,14.0,era5
2024-10-14 09:00:00,2.8,99,0.0,0.0,1012.4,8.4,18.0,era5
2024-10-14 10:00:00,2.8,99,0.0,0.0,1012.1,10.0,22.7,era5
2024-10-14 11:00:00,3.0,98,0.0,0.0,1012.0,8.9,22.3,era5
2024-10-14 12:00:00,3.3,93,0.0,0.0,1011.8,9.0,21.6,era5
2024-10-14 13:00:00,3.7,89,0.0,0.0,1011.4,6.6,20.5,era5
2024-10-14 14:00:00,4.0,87,0.0,0.0,1011.1,5.0,15.8,era5
2024-10-14 15:00:00,4.1,88,0.0,0.0,1010.7,4.4,12.6,era5
2024-10-14 16:00:00,4.6,88,0.0,0.0,1010.5,3.0,10.8,era5
2024-10-14 17:00:00,4.3,88,0.0,0.0,1010.2,1.8,6.1,era5
2024-10-14 18:00:00,3.6,94,0.0,0.0,1009.9,0.7,3.2,era5
2024-10-14 19:00:00,3.6,94,0.0,0.0,1009.6,3.1,6.1,era5
2024-10-14 20:00:00,3.5,96,0.0,0.0,1009.3,4.2,7.9,era5
2024-10-14 21:00:00,3.4,97,0.0,0.0,1009.3,3.7,7.9,era5
2024-10-14 22:00:00,3.4,98,0.0,0.0,1009.1,3.8,7.2,era5
2024-10-14 23:00:00,3.2,99,0.0,0.0,1009.0,3.2,7.2,era5
2024-10-15 00:00:00,3.1,99,0.0,0.0,1008.8,2.7,5.8,era5
2024-10-15 01:00:00,3.2,99,0.0,0.0,1008.5,1.9,5.4,era5
2024-10-15 02:00:00,3.2,99,0.0,0.0,1008.3,1.8,4.3,era5
2024-10-15 03:00:00,3.0,100,0.0,0.0,1008.0,3.4,6.1,era5
2024-10-15 04:00:00,2.9,100,0.0,0.0,1007.5,6.2,11.9,era5
2024-10-15 05:00:00,2.8,100,0.0,0.0,1007.2,6.2,11.9,era5
2024-10-15 06:00:00,3.1,100,0.0,0.0,1007.2,7.0,13.3,era5
2024-10-15 07:00:00,3.1,100,0.0,0.0,1006.9,7.5,14.8,era5
2024-10-15 08:00:00,3.0,99,0.0,0.0,1006.9,7.6,14.8,era5
2024-10-15 09:00:00,2.7,99,0.0,0.0,1006.7,8.7,16.6,era5
2024-10-15 10:00:00,3.2,96,0.0,0.0,1006.5,11.0,22.0,era5
2024-10-15 11:00:00,3.2,95,0.0,0.0,1006.6,10.7,23.4,era5
2024-10-15 12:00:00,3.7,92,0.0,0.0,1006.6,13.1,28.4,era5
2024-10-15 13:00:00,3.8,91,0.0,0.0,1006.4,14.9,32.4,era5
2024-10-15 14:00:00,4.0,89,0.0,0.0,1006.4,15.2,33.8,era5
2024-10-15 15:00:00,4.1,89,0.0,0.0,1006.4,15.5,35.6,era5
2024-10-15 16:00:00,4.6,89,0.0,0.0,1006.3,13.7,35.6,era5
2024-10-15 17:00:00,4.2,90,0.0,0.0,1006.5,14.1,29.9,era5
2024-10-15 18:00:00,4.0,89,0.0,0.0,1006.7,15.0,31.3,era5
2024-10-15 19:00:00,3.8,88,0.0,0.0,1006.9,15.9,33.1,era5
2024-10-15 20:00:00,3.4,89,0.0,0.0,1007.2,16.9,35.3,era5
2024-10-15 21:00:00,2.9,91,0.0,0.0,1007.6,17.1,35.6,era5
2024-10-15 22:00:00,2.4,91,0.0,0.0,1008.1,16.5,35.3,era5
2024-10-15 23:00:00,2.2,91,0.0,0.0,1008.7,17.8,37.1,era5
2024-10-16 00:00:00,1.9,92,0.0,0.0,1009.3,18.3,38.9,era5
2024-10-16 01:00:00,1.9,91,0.0,0.0,1009.7,18.0,38.5,era5
2024-10-16 02:00:00,1.6,92,0.0,0.0,1010.4,17.9,37.8,era5
2024-10-16 03:00:00,1.4,93,0.0,0.0,1011.0,17.3,37.1,era5
2024-10-16 04:00:00,1.2,94,0.0,0.0,1011.6,16.7,36.0,era5
2024-10-16 05:00:00,0.9,93,0.0,0.0,1012.6,15.6,34.2,era5
2024-10-16 06:00:00,0.6,93,0.0,0.0,1013.4,14.1,31.7,era5
2024-10-16 07:00:00,0.1,94,0.0,0.0,1014.0,12.0,28.4,era5
2024-10-16 08:00:00,-0.4,96,0.0,0.0,1014.6,9.7,23.8,era5
2024-10-16 09:00:00,-0.2,93,0.0,0.0,1015.0,7.0,17.6,era5
2024-10-16 10:00:00,0.9,89,0.0,0.0,1015.8,6.7,13.7,era5
2024-10-16 11:00:00,2.0,82,0.0,0.0,1016.0,3.9,13.3,era5
2024-10-16 12:00:00,2.4,80,0.0,0.0,1016.1,5.0,13.3,era5
2024-10-16 13:00:00,2.7,79,0.0,0.0,1016.0,5.7,15.1,era5
2024-10-16 14:00:00,2.8,80,0.0,0.0,1016.1,7.0,17.3,era5
2024-10-16 15:00:00,2.7,82,0.0,0.0,1016.2,7.4,17.6,era5
2024-10-16 16:00:00,2.3,85,0.0,0.0,1015.9,9.0,18.4,era5
2024-10-16 17:00:00,2.0,87,0.0,0.0,1015.7,9.7,19.4,era5
2024-10-16 18:00:00,1.8,91,0.3,0.21,1015.7,10.5,21.2,era5
2024-10-16 19:00:00,1.9,95,0.5,0.14,1015.7,10.7,22.0,era5
2024-10-16 20:00:00,2.3,97,0.1,0.0,1015.6,9.5,21.6,era5
2024-10-16 21:00:00,2.4,99,0.0,0.0,1015.9,7.8,18.7,era5
2024-10-16 22:00:00,2.4,100,0.0,0.0,1015.9,6.4,15.1,era5
2024-10-16 23:00:00,2.4,100,0.0,0.0,1016.4,5.6,12.2,era5
2024-10-17 00:00:00,2.5,99,0.0,0.0,1016.6,4.7,10.8,era5
2024-10-17 01:00:00,2.5,99,0.0,0.0,1016.8,4.4,9.0,era5
2024-10-17 02:00:00,2.5,98,0.0,0.0,1017.1,4.4,8.6,era5
2024-10-17 03:00:00,2.5,98,0.0,0.0,1017.2,3.3,7.9,era5
2024-10-17 04:00:00,2.1,97,0.0,0.0,1017.6,3.8,6.8,era5
2024-10-17 05:00:00,0.8,99,0.0,0.0,1017.9,5.5,7.9,era5
2024-10-17 06:00:00,1.0,99,0.0,0.0,1017.9,4.1,7.9,era5
2024-10-17 07:00:00,1.6,99,0.0,0.0,1018.0,6.1,10.4,era5
2024-10-17 08:00:00,1.9,100,0.0,0.0,1018.4,7.6,14.8,era5
2024-10-17 09:00:00,2.1,99,0.0,0.0,1018.4,6.9,14.8,era5
2024-10-17 10:00:00,2.3,99,0.0,0.0,1018.4,8.0,16.9,era5
2024-10-17 11:00:00,2.9,99,0.0,0.0,1018.1,9.6,19.8,era5
2024-10-17 12:00:00,3.3,99,0.0,0.0,1018.3,12.0,25.6,era5
2024-10-17 13:00:00,3.6,99,0.0,0.0,1017.9,12.0,26.3,era5
2024-10-17 14:00:00,3.8,99,0.0,0.0,1017.7,12.9,26.3,era5
2024-10-17 15:00:00,4.1,100,0.0,0.0,1017.3,13.2,25.6,era5
2024-10-17 16:00:00,4.7,100,0.0,0.0,1016.5,14.7,27.0,era5
2024-10-17 17:00:00,4.8,100,0.0,0.0,1015.9,15.5,28.8,era5
2024-10-17 18:00:00,4.7,99,0.0,0.0,1016.1,15.1,31.3,era5
2024-10-17 19:00:00,4.4,100,0.0,0.0,1015.5,13.3,31.0,era5
2024-10-17 20:00:00,4.3,100,0.0,0.0,1015.0,13.3,27.4,era5
2024-10-17 21:00:00,4.4,100,0.3,0.0,1014.5,13.5,27.7,era5
2024-10-17 22:00:00,4.6,99,0.0,0.0,1014.3,13.0,27.4,era5
2024-10-17 23:00:00,4.8,99,0.0,0.0,1013.7,13.4,27.4,era5
2024-10-18 00:00:00,5.0,99,0.0,0.0,1013.4,12.9,27.4,era5
2024-10-18 01:00:00,5.2,99,0.0,0.0,1013.0,12.5,25.9,era5
2024-10-18 02:00:00,5.3,99,0.0,0.0,1012.4,12.5,24.8,era5
2024-10-18 03:00:00,5.5,99,0.0,0.0,1012.3,12.5,25.2,era5
2024-10-18 04:00:00,6.1,100,0.0,0.0,1011.7,13.2,28.8,era5
2024-10-18 05:00:00,6.2,100,0.0,0.0,1011.1,13.3,27.4,era5
2024-10-18 06:00:00,6.4,99,0.0,0.0,1010.9,13.7,27.7,era5
2024-10-18 07:00:00,6.1,99,0.0,0.0,1010.6,14.3,28.8,era5
2024-10-18 08:00:00,6.1,99,0.0,0.0,1010.0,14.7,30.6,era5
2024-10-18 09:00:00,6.1,98,0.0,0.0,1009.9,14.5,30.6,era5
2024-10-18 10:00:00,6.5,96,0.0,0.0,1009.8,14.3,30.2,era5
2024-10-18 11:00:00,7.3,92,0.0,0.0,1009.8,14.8,31.0,era5
2024-10-18 12:00:00,7.8,88,0.0,0.0,1009.6,14.3,31.0,era5
2024-10-18 13:00:00,8.1,87,0.0,0.0,1009.6,12.8,29.9,era5
2024-10-18 14:00:00,8.9,84,0.0,0.0,1009.9,11.8,27.7,era5
2024-10-18 15:00:00,9.1,86,0.0,0.0,1010.0,10.3,25.2,era5
2024-10-18 16:00:00,9.3,87,0.0,0.0,1010.4,11.2,27.0,era5
2024-10-18 17:00:00,8.8,89,0.0,0.0,1010.9,10.3,23.0,era5
2024-10-18 18:00:00,8.2,92,0.0,0.0,1011.6,9.0,20.2,era5
2024-10-18 19:00:00,8.0,92,0.0,0.0,1012.0,8.4,16.2,era5
2024-10-18 20:00:00,6.1,96,0.0,0.0,1012.7,6.2,14.4,era5
2024-10-18 21:00:00,6.6,96,0.0,0.0,1013.3,5.5,10.4,era5
2024-10-18 22:00:00,6.7,96,0.0,0.0,1014.0,6.2,12.6,era5
2024-10-18 23:00:00,6.3,97,0.0,0.0,1014.6,6.8,11.5,era5
2024-10-19 00:00:00,5.0,99,0.0,0.0,1014.8,5.1,10.8,era5
2024-10-19 01:00:00,5.3,99,0.0,0.0,1015.0,7.0,11.9,era5
2024-10-19 02:00:00,5.4,99,0.0,0.0,1015.7,7.2,11.5,era5
2024-10-19 03:00:00,5.9,98,0.0,0.0,1016.4,8.1,14.4,era5
2024-10-19 04:00:00,6.1,98,0.0,0.0,1016.8,6.6,15.1,era5
2024-10-19 05:00:00,6.5,98,0.0,0.0,1017.2,5.9,12.6,era5
2024-10-19 06:00:00,6.8,98,0.0,0.0,1017.6,6.3,10.8,era5
2024-10-19 07:00:00,6.9,98,0.0,0.0,1018.0,7.1,13.0,era5
2024-10-19 08:00:00,7.0,98,0.0,0.0,1018.4,6.8,13.3,era5
2024-10-19 09:00:00,7.3,98,0.0,0.0,1018.9,8.3,16.2,era5
2024-10-19 10:00:00,7.8,96,0.0,0.0,1019.5,5.6,15.8,era5
2024-10-19 11:00:00,8.2,93,0.0,0.0,1019.9,5.2,13.0,era5
2024-10-19 12:00:00,8.6,91,0.0,0.0,1020.4,6.3,14.8,era5
2024-10-19 13:00:00,9.0,89,0.0,0.0,1020.7,6.6,15.8,era5
2024-10-19 14:00:00,9.2,88,0.0,0.0,1020.7,7.9,17.6,era5
2024-10-19 15:00:00,9.2,87,0.0,0.0,1020.8,6.9,17.6,era5
2024-10-19 16:00:00,9.0,91,0.0,0.0,1021.2,6.2,13.7,era5
2024-10-19 17:00:00,7.9,95,0.0,0.0,1021.5,7.3,12.2,era5
2024-10-19 18:00:00,7.3,96,0.0,0.0,1021.9,6.3,12.2,era5
2024-10-19 19:00:00,7.4,97,0.0,0.0,1022.0,4.7,11.2,era5
2024-10-19 20:00:00,7.6,98,0.0,0.0,1022.0,4.0,7.6,era5
2024-10-19 21:00:00,7.5,99,0.0,0.0,1022.1,5.6,9.7,era5
2024-10-19 22:00:00,7.7,100,0.0,0.0,1021.7,6.8,12.6,era5
2024-10-19 23:00:00,7.7,100,0.0,0.0,1021.5,8.3,15.5,era5
2024-10-20 00:00:00,7.9,100,0.0,0.0,1021.4,9.2,18.4,era5
2024-10-20 01:00:00,8.0,100,0.2,0.0,1021.2,9.4,18.7,era5
2024-10-20 02:00:00,8.1,100,0.0,0.0,1020.7,9.8,19.1,era5
2024-10-20 03:00:00,8.2,100,0.0,0.0,1020.7,9.5,20.2,era5
2024-10-20 04:00:00,8.3,100,0.0,0.0,1020.8,8.6,16.9,era5
2024-10-20 05:00:00,8.4,100,0.0,0.0,1020.3,9.9,19.4,era5
2024-10-20 06:00:00,8.5,100,0.0,0.0,1020.1,11.0,21.6,era5
2024-10-20 07:00:00,8.5,100,0.0,0.0,1019.9,10.6,22.0,era5
2024-10-20 08:00:00,8.6,100,0.0,0.0,1019.7,9.6,21.2,era5
2024-10-20 09:00:00,8.5,100,0.0,0.0,1019.6,9.7,18.7,era5
2024-10-20 10:00:00,8.8,100,0.0,0.0,1019.2,10.3,20.2,era5
2024-10-20 11:00:00,8.9,99,0.0,0.0,1019.1,9.7,19.1,era5
2024-10-20 12:00:00,9.0,99,0.0,0.0,1018.8,11.7,20.9,era5
2024-10-20 13:00:00,9.1,99,0.1,0.0,1018.1,10.8,23.4,era5
2024-10-20 14:00:00,9.0,99,0.0,0.0,1017.9,11.9,24.1,era5
2024-10-20 15:00:00,8.9,100,0.0,0.0,1017.4,12.1,23.4,era5
2024-10-20 16:00:00,9.1,100,0.0,0.0,1016.7,13.0,26.6,era5
2024-10-20 17:00:00,9.0,100,0.0,0.0,1016.2,14.2,26.3,era5
2024-10-20 18:00:00,8.6,100,0.0,0.0,1015.2,15.7,28.4,era5
2024-10-20 19:00:00,8.1,100,0.0,0.0,1014.8,15.0,33.5,era5
2024-10-20 20:00:00,7.4,100,0.0,0.0,1014.3,13.3,30.2,era5
2024-10-20 21:00:00,7.1,100,0.0,0.0,1013.7,13.5,28.8,era5
2024-10-20 22:00:00,6.9,100,0.1,0.0,1013.3,11.2,27.7,era5
2024-10-20 23:00:00,6.9,99,0.1,0.0,1013.1,12.0,24.8,era5
2024-10-21 00:00:00,6.8,99,0.0,0.0,1012.4,12.1,24.8,era5
2024-10-21 01:00:00,6.8,99,0.0,0.0,1011.7,12.7,26.6,era5
2024-10-21 02:00:00,6.9,99,0.0,0.0,1011.2,12.2,25.9,era5
2024-10-21 03:00:00,7.1,99,0.0,0.0,1010.6,12.3,24.8,era5
2024-10-21 04:00:00,7.5,100,0.0,0.0,1010.2,12.7,25.9,era5
2024-10-21 05:00:00,7.7,100,0.1,0.0,1009.8,12.3,25.9,era5
2024-10-21 06:00:00,8.0,100,0.0,0.0,1009.2,11.5,24.8,era5
2024-10-21 07:00:00,8.3,100,0.0,0.0,1008.4,11.3,23.0,era5
2024-10-21 08:00:00,8.6,100,0.0,0.0,1007.9,12.0,24.1,era5
2024-10-21 09:00:00,8.9,100,0.0,0.0,1007.5,12.0,24.1,era5
2024-10-21 10:00:00,9.1,100,0.0,0.0,1007.1,11.1,24.1,era5
2024-10-21 11:00:00,9.6,99,0.0,0.0,1006.7,12.5,25.6,era5
2024-10-21 12:00:00,9.9,98,0.0,0.0,1005.9,12.7,25.9,era5
2024-10-21 13:00:00,9.8,99,0.0,0.0,1005.0,13.0,26.6,era5
2024-10-21 14:00:00,9.9,98,0.0,0.0,1004.1,14.0,28.4,era5
2024-10-21 15:00:00,9.8,98,0.2,0.0,1003.1,15.4,31.3,era5
2024-10-21 16:00:00,9.5,100,0.1,0.0,1001.8,15.0,31.0,era5
2024-10-21 17:00:00,9.4,100,0.5,0.0,1000.3,15.1,32.4,era5
2024-10-21 18:00:00,9.3,100,0.5,0.0,998.7,16.2,32.8,era5
2024-10-21 19:00:00,9.2,100,0.5,0.0,997.2,16.5,34.9,era5
2024-10-21 20:00:00,9.0,100,1.3,0.0,996.2,14.8,34.2,era5
2024-10-21 21:00:00,8.8,100,0.4,0.0,995.3,13.5,31.7,era5
2024-10-21 22:00:00,8.7,100,0.0,0.0,994.7,13.9,28.8,era5
2024-10-21 23:00:00,8.3,100,0.0,0.0,994.2,13.8,28.8,era5
2024-10-22 00:00:00,8.4,100,0.3,0.0,993.5,13.4,28.4,era5
2024-10-22 01:00:00,8.3,100,0.2,0.0,992.9,12.0,27.0,era5
2024-10-22 02:00:00,8.1,100,0.2,0.0,992.5,11.8,24.5,era5
2024-10-22 03:00:00,7.9,100,0.1,0.0,992.2,11.3,23.8,era5
2024-10-22 04:00:00,8.0,100,0.1,0.0,991.6,10.5,21.6,era5
2024-10-22 05:00:00,8.5,99,0.0,0.0,991.4,12.3,23.8,era5
2024-10-22 06:00:00,9.0,99,0.0,0.0,991.5,15.0,31.0,era5
2024-10-22 07:00:00,9.0,99,0.0,0.0,991.2,13.2,30.6,era5
2024-10-22 08:00:00,9.0,98,0.0,0.0,991.5,13.4,28.1,era5
2024-10-22 09:00:00,8.8,97,0.1,0.0,992.0,13.3,27.4,era5
2024-10-22 10:00:00,8.7,96,0.1,0.0,992.4,12.6,27.4,era5
2024-10-22 11:00:00,8.7,95,0.0,0.0,992.8,12.9,26.3,era5
2024-10-22 12:00:00,8.7,93,0.0,0.0,993.6,12.8,26.3,era5
2024-10-22 13:00:00,9.1,91,0.0,0.0,994.3,13.7,28.1,era5
2024-10-22 14:00:00,9.4,89,0.0,0.0,995.1,15.2,31.7,era5
2024-10-22 15:00:00,9.3,85,0.0,0.0,995.7,15.9,32.8,era5
2024-10-22 16:00:00,9.1,86,0.0,0.0,996.5,15.1,31.0,era5
2024-10-22 17:00:00,8.4,86,0.0,0.0,997.3,14.3,31.0,era5
2024-10-22 18:00:00,7.4,91,0.5,0.0,998.1,13.7,28.8,era5
2024-10-22 19:00:00,6.5,92,0.0,0.0,998.4,12.5,27.0,era5
2024-10-22 20:00:00,5.4,91,0.0,0.0,998.9,11.6,24.5,era5
2024-10-22 21:00:00,4.7,89,0.0,0.0,999.3,11.0,22.3,era5
2024-10-22 22:00:00,4.0,90,0.0,0.0,999.4,9.4,20.9,era5
2024-10-22 23:00:00,3.5,90,0.0,0.0,999.6,8.3,16.9,era5
2024-10-23 00:00:00,2.5,92,0.0,0.0,999.7,6.4,14.4,era5
2024-10-23 01:00:00,2.6,90,0.0,0.0,999.5,7.5,12.6,era5
2024-10-23 02:00:00,2.2,93,0.0,0.0,999.3,6.9,10.8,era5
2024-10-23 03:00:00,1.9,93,0.0,0.0,999.0,7.1,9.7,era5
2024-10-23 04:00:00,1.1,95,0.0,0.0,998.8,8.3,11.5,era5
2024-10-23 05:00:00,1.6,95,0.0,0.0,998.4,7.5,10.8,era5
2024-10-23 06:00:00,0.8,97,0.0,0.0,998.1,7.9,10.4,era5
2024-10-23 07:00:00,-0.1,100,0.0,0.0,997.9,8.8,11.5,era5
2024-10-23 08:00:00,1.2,100,0.0,0.0,997.7,7.5,11.5,era5
2024-10-23 09:00:00,0.4,100,0.0,0.0,997.5,6.9,10.1,era5
2024-10-23 10:00:00,2.1,100,0.0,0.0,997.8,5.0,9.4,era5
2024-10-23 11:00:00,3.2,97,0.0,0.0,997.9,4.7,11.9,era5
2024-10-23 12:00:00,3.8,96,0.0,0.0,998.0,4.9,13.3,era5
2024-10-23 13:00:00,4.1,95,0.0,0.0,997.7,4.8,13.7,era5
2024-10-23 14:00:00,4.5,94,0.0,0.0,997.7,7.0,15.8,era5
2024-10-23 15:00:00,4.9,92,0.0,0.0,997.8,5.8,16.6,era5
2024-10-23 16:00:00,5.0,91,0.0,0.0,997.8,5.2,13.3,era5
2024-10-23 17:00:00,3.8,97,0.0,0.0,998.0,5.9,11.2,era5
2024-10-23 18:00:00,2.2,98,0.0,0.0,998.0,6.5,10.1,era5
2024-10-23 19:00:00,0.7,98,0.0,0.0,998.1,9.6,12.6,era5
2024-10-23 20:00:00,1.0,99,0.0,0.0,998.3,8.3,13.0,era5
2024-10-23 21:00:00,1.6,98,0.0,0.0,998.3,7.8,11.5,era5
2024-10-23 22:00:00,0.8,96,0.0,0.0,998.7,7.8,11.2,era5
2024-10-23 23:00:00,1.2,95,0.0,0.0,999.0,6.8,10.8,era5
2024-10-24 00:00:00,2.2,95,0.0,0.0,999.2,4.2,10.1,era5
2024-10-24 01:00:00,3.0,94,0.0,0.0,999.3,4.3,7.2,era5
2024-10-24 02:00:00,3.0,95,0.0,0.0,999.4,5.3,8.6,era5
2024-10-24 03:00:00,3.2,95,0.0,0.0,1000.0,5.3,9.0,era5
2024-10-24 04:00:00,3.4,94,0.0,0.0,1000.2,8.0,13.3,era5
2024-10-24 05:00:00,3.4,94,0.0,0.0,1001.0,10.0,19.1,era5
2024-10-24 06:00:00,3.4,93,0.0,0.0,1002.1,11.8,23.8,era5
2024-10-24 07:00:00,2.8,94,0.0,0.0,1002.9,11.7,24.1,era5
2024-10-24 08:00:00,2.5,95,0.0,0.0,1003.8,11.6,23.8,era5
2024-10-24 09:00:00,2.3,95,0.0,0.0,1004.7,11.4,23.4,era5
2024-10-24 10:00:00,2.5,91,0.0,0.0,1006.0,14.3,29.2,era5
2024-10-24 11:00:00,2.4,88,0.0,0.0,1007.3,15.2,35.6,era5
2024-10-24 12:00:00,2.4,86,0.0,0.0,1008.4,16.5,35.6,era5
2024-10-24 13:00:00,2.8,85,0.0,0.0,1009.3,16.7,37.4,era5
2024-10-24 14:00:00,3.1,85,0.0,0.0,1010.3,16.2,36.0,era5
2024-10-24 15:00:00,3.4,85,0.0,0.0,1011.3,14.0,34.6,era5
2024-10-24 16:00:00,3.0,88,0.0,0.0,1012.1,10.9,26.3,era5
2024-10-24 17:00:00,2.0,94,0.0,0.0,1013.1,10.9,22.3,era5
2024-10-24 18:00:00,1.6,96,0.0,0.0,1013.6,9.3,20.9,era5
2024-10-24 19:00:00,1.4,93,0.0,0.0,1014.1,8.5,17.3,era5
2024-10-24 20:00:00,1.3,92,0.0,0.0,1014.6,8.4,14.4,era5
2024-10-24 21:00:00,1.2,92,0.0,0.0,1014.9,7.2,13.7,era5
2024-10-24 22:00:00,1.4,91,0.0,0.0,1015.4,7.0,13.0,era5
2024-10-24 23:00:00,-0.4,94,0.0,0.0,1015.6,7.2,11.2,era5
2024-10-25 00:00:00,1.3,91,0.0,0.0,1015.9,3.8,9.7,era5
2024-10-25 01:00:00,-0.9,94,0.0,0.0,1016.0,7.1,9.7,era5
2024-10-25 02:00:00,-1.8,95,0.0,0.0,1015.7,7.6,10.8,era5
2024-10-25 03:00:00,-1.4,96,0.0,0.0,1015.9,5.6,11.2,era5
2024-10-25 04:00:00,-1.7,99,0.0,0.0,1015.3,5.6,11.9,era5
2024-10-25 05:00:00,-0.8,98,0.0,0.0,1015.0,8.9,15.1,era5
2024-10-25 06:00:00,0.3,97,0.0,0.0,1014.8,9.7,19.8,era5
2024-10-25 07:00:00,0.2,99,0.2,0.0,1014.5,10.9,22.3,era5
2024-10-25 08:00:00,0.6,99,0.3,0.0,1014.1,12.6,25.6,era5
2024-10-25 09:00:00,1.0,100,0.4,0.0,1013.5,13.1,26.6,era5
2024-10-25 10:00:00,1.5,100,0.2,0.0,1012.7,13.6,27.7,era5
2024-10-25 11:00:00,2.0,99,0.1,0.0,1012.6,13.6,28.4,era5
2024-10-25 12:00:00,2.4,99,0.0,0.0,1012.2,13.7,27.7,era5
2024-10-25 13:00:00,2.9,99,0.0,0.0,1011.5,13.9,28.8,era5
2024-10-25 14:00:00,3.1,100,0.0,0.0,1010.9,13.9,28.8,era5
2024-10-25 15:00:00,3.1,100,0.0,0.0,1010.2,12.8,28.1,era5
2024-10-25 16:00:00,3.6,100,0.0,0.0,1009.4,13.9,29.2,era5
2024-10-25 17:00:00,3.8,100,0.0,0.0,1008.6,13.9,28.1,era5
2024-10-25 18:00:00,3.9,100,0.0,0.0,1007.8,14.8,29.5,era5
2024-10-25 19:00:00,4.3,100,0.0,0.0,1007.2,16.4,33.5,era5
2024-10-25 20:00:00,4.5,100,0.0,0.0,1006.8,16.3,33.8,era5
2024-10-25 21:00:00,4.7,100,0.0,0.0,1006.3,16.1,33.8,era5
2024-10-25 22:00:00,4.7,100,0.0,0.0,1006.2,13.2,33.1,era5
2024-10-25 23:00:00,4.6,100,0.0,0.0,1006.2,10.4,27.0,era5
2024-10-26 00:00:00,4.5,100,0.0,0.0,1006.0,10.2,20.9,era5
2024-10-26 01:00:00,4.4,100,0.0,0.0,1005.5,9.8,20.2,era5
2024-10-26 02:00:00,4.4,100,0.0,0.0,1005.3,8.0,19.1,era5
2024-10-26 03:00:00,4.4,100,0.0,0.0,1005.3,5.4,15.8,era5
2024-10-26 04:00:00,5.0,100,0.0,0.0,1005.0,5.5,16.9,era5
2024-10-26 05:00:00,4.2,100,0.1,0.0,1005.3,4.8,10.8,era5
2024-10-26 06:00:00,3.1,100,0.0,0.0,1005.9,6.0,11.2,era5
2024-10-26 07:00:00,2.8,100,0.0,0.0,1006.6,9.0,16.9,era5
2024-10-26 08:00:00,2.2,99,0.0,0.0,1007.4,10.3,20.2,era5
2024-10-26 09:00:00,2.2,95,0.0,0.0,1008.5,11.3,23.0,era5
2024-10-26 10:00:00,2.4,95,0.0,0.0,1009.7,12.2,22.7,era5
2024-10-26 11:00:00,3.1,93,0.0,0.0,1011.1,14.4,27.7,era5
2024-10-26 12:00:00,3.7,91,0.0,0.0,1012.0,14.2,28.8,era5
2024-10-26 13:00:00,4.1,86,0.0,0.0,1012.9,14.3,28.8,era5
2024-10-26 14:00:00,4.2,81,0.0,0.0,1013.8,13.4,28.8,era5
2024-10-26 15:00:00,3.7,80,0.0,0.0,1014.3,10.3,26.6,era5
2024-10-26 16:00:00,3.0,84,0.0,0.0,1014.9,8.5,18.0,era5
2024-10-26 17:00:00,2.2,85,0.0,0.0,1015.7,9.8,16.2,era5
2024-10-26 18:00:00,1.7,86,0.0,0.0,1016.5,10.0,17.3,era5
2024-10-26 19:00:00,1.4,86,0.0,0.0,1016.8,8.2,16.6,era5
2024-10-26 20:00:00,1.1,85,0.0,0.0,1017.1,7.0,13.7,era5
2024-10-26 21:00:00,-0.8,89,0.0,0.0,1017.2,8.4,11.9,era5
2024-10-26 22:00:00,-0.0,86,0.0,0.0,1017.5,7.4,12.6,era5
2024-10-26 23:00:00,0.9,84,0.0,0.0,1018.0,6.0,10.4,era5
2024-10-27 00:00:00,-1.5,90,0.0,0.0,1017.9,6.6,9.0,era5
2024-10-27 01:00:00,-2.4,93,0.0,0.0,1017.8,7.5,11.2,era5
2024-10-27 02:00:00,-1.8,95,0.0,0.0,1017.9,5.7,10.8,era5
2024-10-27 03:00:00,-1.1,96,0.0,0.0,1017.7,7.9,13.3,era5
2024-10-27 04:00:00,-1.7,98,0.0,0.0,1017.6,9.4,17.3,era5
2024-10-27 05:00:00,-1.6,98,0.0,0.0,1017.7,9.3,18.4,era5
2024-10-27 06:00:00,-1.4,97,0.0,0.0,1017.4,8.7,18.7,era5
2024-10-27 07:00:00,-0.9,96,0.0,0.0,1017.0,9.8,18.7,era5
2024-10-27 08:00:00,-0.4,95,0.0,0.0,1016.7,9.2,19.8,era5
2024-10-27 09:00:00,-0.1,97,0.0,0.0,1016.5,12.6,24.1,era5
2024-10-27 10:00:00,0.3,98,0.0,0.0,1016.4,14.9,28.1,era5
2024-10-27 11:00:00,0.2,99,0.0,0.0,1016.3,14.9,32.8,era5
2024-10-27 12:00:00,0.3,99,0.0,0.0,1016.1,15.2,32.4,era5
2024-10-27 13:00:00,0.5,99,0.0,0.0,1015.3,16.0,32.4,era5
2024-10-27 14:00:00,0.7,99,0.0,0.0,1014.3,16.4,35.3,era5
2024-10-27 15:00:00,0.6,100,0.0,0.0,1013.7,16.3,34.9,era5
2024-10-27 16:00:00,0.4,99,0.0,0.0,1012.8,19.2,36.4,era5
2024-10-27 17:00:00,0.7,100,0.0,0.0,1012.1,18.2,37.1,era5
2024-10-27 18:00:00,0.9,100,0.0,0.0,1011.4,17.2,35.6,era5
2024-10-27 19:00:00,1.0,100,0.1,0.0,1010.6,17.6,35.6,era5
2024-10-27 20:00:00,1.4,100,0.1,0.0,1009.7,17.8,36.0,era5
2024-10-27 21:00:00,1.8,100,0.0,0.0,1008.8,17.7,35.6,era5
2024-10-27 22:00:00,2.3,100,0.0,0.0,1007.9,18.4,37.4,era5
2024-10-27 23:00:00,2.8,100,0.0,0.0,1006.9,18.7,38.5,era5
2024-10-28 00:00:00,3.2,100,0.0,0.0,1005.6,19.7,39.2,era5
2024-10-28 01:00:00,3.9,100,0.0,0.0,1004.4,21.1,42.5,era5
2024-10-28 02:00:00,4.4,100,0.3,0.0,1003.3,22.6,46.1,era5
2024-10-28 03:00:00,4.5,100,0.2,0.0,1002.1,22.7,47.5,era5
2024-10-28 04:00:00,4.4,100,0.1,0.0,1000.7,23.2,48.6,era5
2024-10-28 05:00:00,4.6,100,0.0,0.0,999.5,23.8,50.0,era5
2024-10-28 06:00:00,4.7,100,0.0,0.0,998.5,23.2,50.0,era5
2024-10-28 07:00:00,4.9,100,0.2,0.0,997.1,22.6,48.6,era5
2024-10-28 08:00:00,5.0,100,0.4,0.0,995.9,22.6,47.5,era5
2024-10-28 09:00:00,5.2,100,0.7,0.0,994.8,22.7,47.9,era5
2024-10-28 10:00:00,5.4,100,0.5,0.0,993.6,23.1,48.2,era5
2024-10-28 11:00:00,5.6,100,1.3,0.0,992.6,23.7,50.0,era5
2024-10-28 12:00:00,5.6,100,1.7,0.0,991.8,22.2,50.4,era5
2024-10-28 13:00:00,5.8,100,1.6,0.0,991.0,20.1,46.8,era5
2024-10-28 14:00:00,6.1,100,0.6,0.0,991.1,16.9,41.4,era5
2024-10-28 15:00:00,6.0,98,0.1,0.0,991.5,17.2,36.4,era5
2024-10-28 16:00:00,4.9,97,0.1,0.0,992.3,14.5,36.4,era5
2024-10-28 17:00:00,3.8,98,0.0,0.0,992.6,12.9,29.5,era5
2024-10-28 18:00:00,3.2,98,0.0,0.0,993.3,13.9,28.1,era5
2024-10-28 19:00:00,2.5,98,0.0,0.0,994.0,13.5,28.1,era5
2024-10-28 20:00:00,2.6,97,0.0,0.0,994.4,12.7,27.4,era5
2024-10-28 21:00:00,2.3,96,0.0,0.0,994.9,11.5,25.9,era5
2024-10-28 22:00:00,1.9,96,0.0,0.0,995.4,9.6,23.0,era5
2024-10-28 23:00:00,2.0,97,0.1,0.0,995.9,8.3,18.7,era5
2024-10-29 00:00:00,1.4,97,0.0,0.0,996.5,7.4,16.2,era5
2024-10-29 01:00:00,0.5,96,0.0,0.0,997.0,8.6,15.8,era5
2024-10-29 02:00:00,-0.4,94,0.0,0.0,997.5,8.0,16.2,era5
2024-10-29 03:00:00,-1.0,93,0.0,0.0,997.9,7.3,15.1,era5
2024-10-29 04:00:00,-1.1,93,0.0,0.0,997.4,8.1,15.8,era5
2024-10-29 05:00:00,-1.4,93,0.0,0.0,998.0,7.4,15.8,era5
2024-10-29 06:00:00,-1.7,92,0.0,0.0,998.7,5.9,14.4,era5
2024-10-29 07:00:00,-2.0,91,0.0,0.0,999.1,5.4,11.5,era5
2024-10-29 08:00:00,-2.0,89,0.0,0.0,999.5,5.4,10.4,era5
2024-10-29 09:00:00,-1.5,88,0.0,0.0,1000.1,7.8,14.4,era5
2024-10-29 10:00:00,-0.7,86,0.0,0.0,1000.5,11.3,20.9,era5
2024-10-29 11:00:00,0.1,82,0.0,0.0,1000.9,13.4,25.6,era5
2024-10-29 12:00:00,0.6,76,0.0,0.0,1001.4,14.1,28.1,era5
2024-10-29 13:00:00,0.9,70,0.0,0.0,1001.7,15.0,30.6,era5
2024-10-29 14:00:00,0.9,66,0.0,0.0,1002.0,15.3,32.4,era5
2024-10-29 15:00:00,0.5,66,0.0,0.0,1002.3,13.0,31.7,era5
2024-10-29 16:00:00,-0.8,74,0.0,0.0,1002.2,8.2,24.5,era5
2024-10-29 17:00:00,-1.8,79,0.0,0.0,1002.0,7.4,15.1,era5
2024-10-29 18:00:00,-1.9,81,0.0,0.0,1002.2,10.4,17.3,era5
2024-10-29 19:00:00,-2.3,84,0.0,0.0,1001.8,9.0,18.4,era5
2024-10-29 20:00:00,-2.3,85,0.0,0.0,1001.2,10.0,18.4,era5
2024-10-29 21:00:00,-2.3,86,0.0,0.0,1000.5,9.6,18.4,era5
2024-10-29 22:00:00,-2.6,90,0.0,0.0,999.6,10.4,19.4,era5
2024-10-29 23:00:00,-2.2,92,0.0,0.0,998.5,9.7,20.2,era5
2024-10-30 00:00:00,-1.7,92,0.0,0.0,997.3,10.9,20.9,era5
2024-10-30 01:00:00,-1.8,94,0.0,0.0,995.8,12.2,23.8,era5
2024-10-30 02:00:00,-1.1,95,0.1,0.07,994.3,13.0,26.3,era5
2024-10-30 03:00:00,-0.0,96,0.2,0.14,992.3,14.8,32.4,era5
2024-10-30 04:00:00,0.2,96,0.3,0.21,990.5,17.9,37.4,era5
2024-10-30 05:00:00,0.3,97,0.8,0.56,989.0,18.4,38.2,era5
2024-10-30 06:00:00,0.4,97,1.3,0.91,987.2,18.8,40.3,era5
2024-10-30 07:00:00,0.6,97,1.5,1.05,985.6,19.8,42.5,era5
2024-10-30 08:00:00,0.7,97,1.2,0.84,984.6,16.9,41.4,era5
2024-10-30 09:00:00,0.7,99,0.3,0.21,984.1,12.1,35.3,era5
2024-10-30 10:00:00,0.6,100,0.2,0.14,983.8,8.1,24.5,era5
2024-10-30 11:00:00,0.7,99,0.2,0.14,983.7,5.8,15.8,era5
2024-10-30 12:00:00,1.0,100,0.0,0.0,983.6,2.4,10.4,era5
2024-10-30 13:00:00,0.9,100,0.1,0.07,983.5,2.2,5.4,era5
2024-10-30 14:00:00,1.1,99,0.1,0.07,983.6,4.4,7.2,era5
2024-10-30 15:00:00,1.0,97,0.0,0.0,983.9,7.0,13.7,era5
2024-10-30 16:00:00,0.8,96,0.1,0.07,983.9,8.7,15.8,era5
2024-10-30 17:00:00,0.8,97,0.1,0.07,984.2,10.9,21.6,era5
2024-10-30 18:00:00,1.0,96,0.1,0.07,985.1,12.4,25.6,era5
2024-10-30 19:00:00,0.9,93,0.1,0.07,986.0,14.0,29.5,era5
2024-10-30 20:00:00,0.5,91,0.1,0.07,986.5,15.0,31.7,era5
2024-10-30 21:00:00,0.3,89,0.1,0.07,987.6,16.5,34.9,era5
2024-10-30 22:00:00,0.2,88,0.0,0.0,988.5,17.7,37.8,era5
2024-10-30 23:00:00,-0.3,88,0.0,0.0,989.1,18.5,39.2,era5
2024-10-31 00:00:00,-0.9,91,0.0,0.0,990.0,18.4,39.6,era5
2024-10-31 01:00:00,-0.3,88,0.0,0.0,990.5,18.5,39.6,era5
2024-10-31 02:00:00,-0.4,89,0.0,0.0,991.0,18.4,39.6,era5
2024-10-31 03:00:00,-0.1,89,0.0,0.0,991.8,17.9,39.2,era5
2024-10-31 04:00:00,-0.2,90,0.0,0.0,991.8,19.0,41.4,era5
2024-10-31 05:00:00,-0.1,88,0.0,0.0,992.3,18.6,40.7,era5
2024-10-31 06:00:00,-0.1,82,0.0,0.0,992.8,19.2,41.4,era5
2024-10-31 07:00:00,-1.3,83,0.0,0.0,993.0,18.5,41.4,era5
2024-10-31 08:00:00,-2.3,86,0.0,0.0,993.1,17.4,39.6,era5
2024-10-31 09:00:00,-3.0,86,0.0,0.0,993.7,16.6,37.1,era5
2024-10-31 10:00:00,-3.1,83,0.0,0.0,993.8,16.3,35.3,era5
2024-10-31 11:00:00,-2.8,80,0.0,0.0,993.8,14.7,34.9,era5
2024-10-31 12:00:00,-2.0,73,0.0,0.0,993.6,14.8,32.4,era5
2024-10-31 13:00:00,-1.9,74,0.0,0.0,993.2,10.9,30.2,era5
2024-10-31 14:00:00,-1.9,74,0.0,0.0,993.3,12.5,26.6,era5
2024-10-31 15:00:00,-2.4,77,0.0,0.0,993.2,12.2,27.0,era5
2024-10-31 16:00:00,-3.5,84,0.0,0.0,993.0,11.4,24.5,era5
2024-10-31 17:00:00,-4.0,86,0.0,0.0,992.9,11.7,22.3,era5
2024-10-31 18:00:00,-4.1,87,0.0,0.0,992.8,12.1,23.0,era5
2024-10-31 19:00:00,-4.2,86,0.0,0.0,992.5,12.2,23.4,era5
2024-10-31 20:00:00,-4.3,84,0.0,0.0,992.5,13.4,26.3,era5
2024-10-31 21:00:00,-4.4,82,0.0,0.0,992.4,13.3,26.6,era5
2024-10-31 22:00:00,-4.6,81,0.0,0.0,992.1,14.1,27.7,era5
2024-10-31 23:00:00,-4.8,80,0.0,0.0,992.0,12.5,28.1,era5
2024-11-01 00:00:00,-5.3,82,0.0,0.0,991.3,10.2,24.5,era5
2024-11-01 01:00:00,-5.2,77,0.0,0.0,990.8,8.9,18.4,era5
2024-11-01 02:00:00,-5.2,74,0.0,0.0,990.7,7.2,14.8,era5
2024-11-01 03:00:00,-5.4,74,0.0,0.0,990.3,6.1,11.9,era5
2024-11-01 04:00:00,-6.3,80,0.0,0.0,989.3,4.4,12.6,era5
2024-11-01 05:00:00,-6.1,82,0.0,0.0,988.8,3.7,10.1,era5
2024-11-01 06:00:00,-5.8,83,0.0,0.0,988.5,3.6,6.8,era5
2024-11-01 07:00:00,-5.8,84,0.0,0.0,988.1,7.7,12.2,era5
2024-11-01 08:00:00,-6.5,86,0.0,0.0,987.8,5.0,12.6,era5
2024-11-01 09:00:00,-6.4,84,0.0,0.0,987.8,8.0,12.2,era5
2024-11-01 10:00:00,-6.4,82,0.0,0.0,987.1,7.7,13.3,era5
2024-11-01 11:00:00,-5.6,78,0.0,0.0,987.0,6.7,15.1,era5
2024-11-01 12:00:00,-4.4,74,0.0,0.0,986.8,8.1,18.0,era5
2024-11-01 13:00:00,-4.2,73,0.0,0.0,986.7,7.7,17.6,era5
2024-11-01 14:00:00,-4.2,75,0.0,0.0,986.9,7.6,17.6,era5
2024-11-01 15:00:00,-4.4,75,0.0,0.0,987.1,9.4,17.3,era5
2024-11-01 16:00:00,-5.1,81,0.0,0.0,986.2,12.5,28.4,era5
2024-11-01 17:00:00,-5.7,85,0.0,0.0,986.8,13.1,24.8,era5
2024-11-01 18:00:00,-5.7,81,0.0,0.0,987.3,15.3,30.2,era5
2024-11-01 19:00:00,-5.4,76,0.0,0.0,987.4,16.8,33.8,era5
2024-11-01 20:00:00,-5.3,77,0.0,0.0,987.5,16.6,33.8,era5
2024-11-01 21:00:00,-5.3,77,0.0,0.0,988.0,16.8,34.2,era5
2024-11-01 22:00:00,-5.2,76,0.0,0.0,988.1,16.4,34.2,era5
2024-11-01 23:00:00,-5.0,76,0.0,0.0,988.7,16.0,33.1,era5
2024-11-02 00:00:00,-5.0,76,0.0,0.0,989.2,16.1,32.8,era5
2024-11-02 01:00:00,-4.7,74,0.0,0.0,989.5,16.9,34.6,era5
2024-11-02 02:00:00,-4.3,76,0.0,0.0,989.8,16.2,34.6,era5
2024-11-02 03:00:00,-4.2,79,0.0,0.0,990.3,16.6,33.8,era5
2024-11-02 04:00:00,-4.3,76,0.0,0.0,991.3,18.1,37.8,era5
2024-11-02 05:00:00,-4.1,75,0.0,0.0,991.9,18.0,37.8,era5
2024-11-02 06:00:00,-3.6,75,0.1,0.07,992.6,18.1,37.4,era5
2024-11-02 07:00:00,-3.6,77,0.0,0.0,993.1,18.1,37.8,era5
2024-11-02 08:00:00,-3.6,78,0.0,0.0,993.7,18.2,37.4,era5
2024-11-02 09:00:00,-3.7,78,0.0,0.0,994.5,18.4,38.2,era5
2024-11-02 10:00:00,-3.6,78,0.0,0.0,995.3,18.0,38.2,era5
2024-11-02 11:00:00,-3.2,77,0.0,0.0,996.2,18.5,37.8,era5
2024-11-02 12:00:00,-2.6,76,0.0,0.0,997.0,19.9,41.8,era5
2024-11-02 13:00:00,-1.6,74,0.0,0.0,997.5,19.8,43.9,era5
2024-11-02 14:00:00,-1.7,76,0.0,0.0,998.4,19.4,41.4,era5
2024-11-02 15:00:00,-1.7,79,0.0,0.0,999.3,19.5,40.7,era5
2024-11-02 16:00:00,-2.3,88,0.0,0.0,1000.5,18.4,38.9,era5
2024-11-02 17:00:00,-2.8,92,0.0,0.0,1001.4,17.6,37.8,era5
2024-11-02 18:00:00,-3.2,92,0.0,0.0,1002.1,16.4,35.6,era5
2024-11-02 19:00:00,-3.8,92,0.0,0.0,1002.4,15.1,32.4,era5
2024-11-02 20:00:00,-4.1,91,0.0,0.0,1002.8,13.5,29.9,era5
2024-11-02 21:00:00,-4.4,90,0.0,0.0,1003.0,12.6,25.9,era5
2024-11-02 22:00:00,-4.7,88,0.0,0.0,1002.8,9.2,23.8,era5
2024-11-02 23:00:00,-4.7,86,0.0,0.0,1002.6,8.3,15.8,era5
2024-11-03 00:00:00,-5.1,87,0.0,0.0,1002.8,9.7,15.8,era5
2024-11-03 01:00:00,-5.5,86,0.0,0.0,1002.6,9.1,16.2,era5
2024-11-03 02:00:00,-5.7,86,0.0,0.0,1002.3,8.9,15.5,era5
2024-11-03 03:00:00,-5.7,85,0.0,0.0,1002.2,8.9,15.1,era5
2024-11-03 04:00:00,-6.2,85,0.0,0.0,1002.0,7.6,12.2,era5
2024-11-03 05:00:00,-7.0,85,0.0,0.0,1001.4,5.1,12.6,era5
2024-11-03 06:00:00,-7.3,85,0.0,0.0,1001.2,5.2,9.4,era5
2024-11-03 07:00:00,-7.4,85,0.0,0.0,1000.8,4.9,9.0,era5
2024-11-03 08:00:00,-7.5,85,0.0,0.0,1000.5,5.0,9.0,era5
2024-11-03 09:00:00,-7.6,85,0.0,0.0,1000.4,5.1,8.6,era5
2024-11-03 10:00:00,-6.8,84,0.0,0.0,1000.3,4.5,8.6,era5
2024-11-03 11:00:00,-6.1,83,0.0,0.0,1000.4,6.4,11.2,era5
2024-11-03 12:00:00,-5.0,79,0.0,0.0,1000.1,6.4,11.9,era5
2024-11-03 13:00:00,-4.2,78,0.0,0.0,999.8,7.5,13.3,era5
2024-11-03 14:00:00,-3.8,77,0.0,0.0,999.7,7.4,13.3,era5
2024-11-03 15:00:00,-4.2,78,0.0,0.0,999.9,6.7,13.7,era5
2024-11-03 16:00:00,-5.2,82,0.0,0.0,1000.1,8.9,14.0,era5
2024-11-03 17:00:00,-5.5,83,0.0,0.0,1000.4,8.2,14.0,era5
2024-11-03 18:00:00,-5.7,84,0.0,0.0,1000.5,7.8,13.7,era5
2024-11-03 19:00:00,-5.6,85,0.0,0.0,1000.6,9.1,15.1,era5
2024-11-03 20:00:00,-5.4,86,0.0,0.0,1000.8,10.4,18.4,era5
2024-11-03 21:00:00,-4.9,89,0.0,0.0,1001.1,13.0,24.5,era5
2024-11-03 22:00:00,-4.0,88,0.0,0.0,1001.2,14.9,29.9,era5
2024-11-03 23:00:00,-3.3,86,0.0,0.0,1001.5,16.1,33.1,era5
2024-11-04 00:00:00,-2.8,85,0.0,0.0,1001.8,18.5,37.8,era5
2024-11-04 01:00:00,-2.0,83,0.0,0.0,1002.1,20.5,42.5,era5
2024-11-04 02:00:00,-1.4,82,0.0,0.0,1002.4,21.0,44.3,era5
2024-11-04 03:00:00,-0.6,79,0.0,0.0,1002.9,21.1,44.6,era5
2024-11-04 04:00:00,-0.2,78,0.0,0.0,1003.5,20.3,43.2,era5
2024-11-04 05:00:00,0.1,76,0.0,0.0,1004.2,21.1,45.0,era5
2024-11-04 06:00:00,0.1,74,0.0,0.0,1004.6,22.3,47.5,era5
2024-11-04 07:00:00,0.2,72,0.0,0.0,1005.1,22.9,49.3,era5
2024-11-04 08:00:00,-0.2,73,0.0,0.0,1005.6,22.6,49.3,era5
2024-11-04 09:00:00,-0.9,76,0.0,0.0,1006.4,21.6,47.9,era5
2024-11-04 10:00:00,-1.1,77,0.0,0.0,1007.0,21.7,45.7,era5
2024-11-04 11:00:00,-0.7,75,0.0,0.0,1007.6,22.2,46.8,era5
2024-11-04 12:00:00,-0.6,74,0.0,0.0,1008.0,22.1,47.5,era5
2024-11-04 13:00:00,-0.5,73,0.0,0.0,1008.5,23.1,49.3,era5
2024-11-04 14:00:00,-0.5,73,0.0,0.0,1008.9,23.4,49.7,era5
2024-11-04 15:00:00,-0.7,75,0.0,0.0,1009.2,22.9,50.0,era5
2024-11-04 16:00:00,-1.2,80,0.0,0.0,1009.5,22.4,48.2,era5
2024-11-04 17:00:00,-1.4,82,0.0,0.0,1009.8,22.6,47.5,era5
2024-11-04 18:00:00,-1.7,83,0.0,0.0,1010.0,22.6,47.9,era5
2024-11-04 19:00:00,-1.9,85,0.0,0.0,1010.0,22.3,47.5,era5
2024-11-04 20:00:00,-2.2,87,0.0,0.0,1010.1,21.6,47.2,era5
2024-11-04 21:00:00,-2.4,89,0.0,0.0,1010.3,20.5,45.4,era5
2024-11-04 22:00:00,-2.6,90,0.0,0.0,1010.4,19.0,42.8,era5
2024-11-04 23:00:00,-3.0,92,0.0,0.0,1010.8,18.1,39.2,era5
2024-11-05 00:00:00,-3.3,94,0.0,0.0,1010.9,17.0,37.1,era5
2024-11-05 01:00:00,-3.4,94,0.0,0.0,1010.8,15.4,34.6,era5
2024-11-05 02:00:00,-3.5,93,0.0,0.0,1010.7,14.1,31.0,era5
2024-11-05 03:00:00,-3.5,93,0.0,0.0,1010.7,12.9,27.7,era5
2024-11-05 04:00:00,-4.2,93,0.0,0.0,1010.5,10.6,23.4,era5
2024-11-05 05:00:00,-4.3,92,0.0,0.0,1010.4,9.7,19.4,era5
2024-11-05 06:00:00,-4.0,91,0.0,0.0,1010.3,8.7,17.6,era5
2024-11-05 07:00:00,-4.3,90,0.0,0.0,1010.1,8.3,15.5,era5
2024-11-05 08:00:00,-4.1,90,0.0,0.0,1009.9,7.8,14.8,era5
2024-11-05 09:00:00,-4.1,90,0.0,0.0,1009.9,5.7,13.7,era5
2024-11-05 10:00:00,-4.6,91,0.0,0.0,1009.9,5.1,10.1,era5
2024-11-05 11:00:00,-3.5,90,0.0,0.0,1010.3,6.7,11.5,era5
2024-11-05 12:00:00,-2.4,86,0.0,0.0,1009.9,5.7,11.9,era5
2024-11-05 13:00:00,-1.8,85,0.0,0.0,1009.8,4.2,10.1,era5
2024-11-05 14:00:00,-1.7,86,0.1,0.07,1009.7,3.7,7.9,era5
2024-11-05 15:00:00,-2.0,87,0.1,0.07,1009.8,2.7,6.8,era5
2024-11-05 16:00:00,-2.5,90,0.1,0.07,1009.7,2.9,6.1,era5
2024-11-05 17:00:00,-2.4,91,0.1,0.07,1009.3,5.7,9.4,era5
2024-11-05 18:00:00,-2.3,92,0.1,0.07,1009.0,7.5,14.0,era5
2024-11-05 19:00:00,-2.2,93,0.1,0.07,1008.3,9.0,17.6,era5
2024-11-05 20:00:00,-2.2,97,0.2,0.07,1007.4,10.4,20.9,era5
2024-11-05 21:00:00,-1.9,98,0.3,0.14,1006.4,11.9,20.9,era5
2024-11-05 22:00:00,-1.7,98,0.3,0.21,1005.4,11.8,21.2,era5
2024-11-05 23:00:00,-1.3,99,0.2,0.07,1004.2,9.9,20.2,era5
2024-11-06 00:00:00,-0.4,96,0.1,0.0,1003.8,3.8,16.2,era5
2024-11-06 01:00:00,1.8,93,0.0,0.0,1003.5,15.2,26.6,era5
2024-11-06 02:00:00,3.0,91,0.0,0.0,1003.6,21.8,44.6,era5
2024-11-06 03:00:00,3.1,88,0.0,0.0,1004.1,23.1,48.6,era5
2024-11-06 04:00:00,2.3,90,0.0,0.0,1005.0,17.4,42.8,era5
2024-11-06 05:00:00,1.8,91,0.0,0.0,1005.3,16.4,35.3,era5
2024-11-06 06:00:00,2.5,87,0.0,0.0,1005.5,17.3,35.3,era5
2024-11-06 07:00:00,3.0,84,0.0,0.0,1005.4,17.3,35.6,era5
2024-11-06 08:00:00,3.7,80,0.0,0.0,1005.7,18.6,38.5,era5
2024-11-06 09:00:00,3.6,81,0.0,0.0,1005.8,20.1,42.1,era5
2024-11-06 10:00:00,2.9,84,0.0,0.0,1006.2,20.4,42.8,era5
2024-11-06 11:00:00,3.2,82,0.0,0.0,1006.6,21.5,45.4,era5
2024-11-06 12:00:00,3.6,79,0.0,0.0,1006.9,21.7,46.1,era5
2024-11-06 13:00:00,3.7,78,0.0,0.0,1007.2,21.4,46.4,era5
2024-11-06 14:00:00,3.4,78,0.0,0.0,1007.5,21.1,45.7,era5
2024-11-06 15:00:00,2.9,79,0.0,0.0,1008.0,21.1,45.0,era5
2024-11-06 16:00:00,3.6,83,0.0,0.0,1007.9,18.8,42.8,era5
2024-11-06 17:00:00,3.1,83,0.0,0.0,1008.5,18.2,39.6,era5
2024-11-06 18:00:00,2.6,82,0.0,0.0,1009.2,17.4,38.2,era5
2024-11-06 19:00:00,2.2,84,0.0,0.0,1009.8,18.0,37.4,era5
2024-11-06 20:00:00,2.8,81,0.0,0.0,1010.0,17.8,38.9,era5
2024-11-06 21:00:00,2.6,82,0.0,0.0,1010.5,15.5,37.8,era5
2024-11-06 22:00:00,2.5,82,0.0,0.0,1011.0,13.9,32.4,era5
2024-11-06 23:00:00,1.5,89,0.0,0.0,1011.4,11.6,29.2,era5
2024-11-07 00:00:00,0.8,93,0.0,0.0,1011.8,9.5,23.0,era5
2024-11-07 01:00:00,1.1,94,0.0,0.0,1011.6,7.6,18.0,era5
2024-11-07 02:00:00,0.8,95,0.0,0.0,1011.3,6.4,14.4,era5
2024-11-07 03:00:00,0.7,96,0.0,0.0,1011.5,6.7,12.2,era5
2024-11-07 04:00:00,1.0,98,0.1,0.0,1010.9,3.2,11.9,era5
2024-11-07 05:00:00,0.9,98,0.1,0.0,1010.7,2.9,7.9,era5
2024-11-07 06:00:00,1.2,97,0.1,0.0,1010.5,4.9,7.9,era5
2024-11-07 07:00:00,1.2,98,0.2,0.0,1010.1,5.3,10.1,era5
2024-11-07 08:00:00,1.2,98,0.1,0.0,1009.5,3.4,9.4,era5
2024-11-07 09:00:00,1.5,96,0.1,0.0,1009.3,3.9,8.3,era5
2024-11-07 10:00:00,2.4,96,0.0,0.0,1009.2,8.0,13.0,era5
2024-11-07 11:00:00,3.2,95,0.0,0.0,1009.5,12.9,23.8,era5
2024-11-07 12:00:00,3.7,95,0.0,0.0,1009.5,13.2,25.6,era5
2024-11-07 13:00:00,3.9,95,0.0,0.0,1008.9,13.6,26.6,era5
2024-11-07 14:00:00,3.9,95,0.0,0.0,1009.3,16.5,32.8,era5
2024-11-07 15:00:00,3.2,99,0.2,0.0,1010.2,18.9,38.9,era5
2024-11-07 16:00:00,3.5,95,0.2,0.0,1010.8,20.3,44.3,era5
2024-11-07 17:00:00,2.9,95,0.0,0.0,1011.6,17.9,41.4,era5
2024-11-07 18:00:00,2.8,96,0.0,0.0,1012.8,19.9,40.7,era5
2024-11-07 19:00:00,2.6,96,0.0,0.0,1013.9,18.0,41.4,era5
2024-11-07 20:00:00,2.1,97,0.0,0.0,1015.2,16.3,36.4,era5
2024-11-07 21:00:00,2.3,96,0.0,0.0,1016.3,17.4,35.3,era5
2024-11-07 22:00:00,2.6,96,0.0,0.0,1017.2,15.9,35.3,era5
2024-11-07 23:00:00,1.8,97,0.0,0.0,1017.3,11.7,31.7,era5
2024-11-08 00:00:00,1.3,97,0.0,0.0,1017.5,10.9,22.3,era5
2024-11-08 01:00:00,1.3,96,0.0,0.0,1017.2,10.6,20.9,era5
2024-11-08 02:00:00,2.0,95,0.0,0.0,1016.5,9.4,19.8,era5
2024-11-08 03:00:00,2.0,93,0.0,0.0,1015.7,4.9,17.3,era5
2024-11-08 04:00:00,2.1,96,0.0,0.0,1013.8,11.6,21.2,era5
2024-11-08 05:00:00,2.4,95,0.0,0.0,1012.9,13.9,26.6,era5
2024-11-08 06:00:00,2.0,96,0.0,0.0,1012.1,10.8,27.7,era5
2024-11-08 07:00:00,2.4,94,0.0,0.0,1011.2,7.9,19.8,era5
2024-11-08 08:00:00,3.0,91,0.0,0.0,1010.3,8.8,15.1,era5
2024-11-08 09:00:00,4.5,93,0.0,0.0,1009.6,10.5,17.6,era5
2024-11-08 10:00:00,5.2,94,0.0,0.0,1009.4,13.3,23.8,era5
2024-11-08 11:00:00,6.2,94,0.0,0.0,1009.2,14.0,26.3,era5
2024-11-08 12:00:00,6.9,93,0.0,0.0,1008.9,14.2,27.0,era5
2024-11-08 13:00:00,7.1,93,0.0,0.0,1008.5,14.6,27.7,era5
2024-11-08 14:00:00,7.5,91,0.0,0.0,1008.1,14.4,29.2,era5
2024-11-08 15:00:00,7.2,91,0.0,0.0,1007.6,12.9,27.7,era5
2024-11-08 16:00:00,6.9,90,0.0,0.0,1006.7,14.7,27.0,era5
2024-11-08 17:00:00,7.4,89,0.0,0.0,1006.2,14.9,30.2,era5
2024-11-08 18:00:00,7.8,87,0.0,0.0,1005.7,16.3,31.3,era5
2024-11-08 19:00:00,8.4,85,0.0,0.0,1005.4,20.4,40.3,era5
2024-11-08 20:00:00,9.2,81,0.0,0.0,1005.2,22.9,46.4,era5
2024-11-08 21:00:00,9.3,77,0.0,0.0,1005.3,22.8,48.2,era5
2024-11-08 22:00:00,9.0,76,0.0,0.0,1005.4,22.1,47.5,era5
2024-11-08 23:00:00,8.6,76,0.0,0.0,1005.6,21.7,46.1,era5
2024-11-09 00:00:00,8.5,76,0.0,0.0,1005.4,20.8,45.7,era5
2024-11-09 01:00:00,7.8,77,0.0,0.0,1005.2,19.8,43.9,era5
2024-11-09 02:00:00,7.5,76,0.0,0.0,1004.9,21.2,44.3,era5
2024-11-09 03:00:00,7.1,76,0.0,0.0,1005.0,22.4,46.8,era5
2024-11-09 04:00:00,7.6,63,0.0,0.0,1005.0,22.0,47.5,era5
2024-11-09 05:00:00,7.4,60,0.0,0.0,1005.0,23.4,50.0,era5
2024-11-09 06:00:00,7.0,57,0.0,0.0,1005.1,25.8,54.4,era5
2024-11-09 07:00:00,6.0,63,0.0,0.0,1006.4,26.9,58.7,era5
2024-11-09 08:00:00,5.3,69,0.1,0.0,1007.3,27.0,58.7,era5
2024-11-09 09:00:00,5.2,65,0.0,0.0,1008.6,25.5,60.5,era5
2024-11-09 10:00:00,4.1,66,0.0,0.0,1010.0,23.4,56.2,era5
2024-11-09 11:00:00,3.8,64,0.0,0.0,1011.4,23.0,52.2,era5
2024-11-09 12:00:00,3.3,64,0.0,0.0,1012.6,23.0,52.9,era5
2024-11-09 13:00:00,3.0,64,0.0,0.0,1013.6,25.7,55.1,era5
2024-11-09 14:00:00,2.7,65,0.0,0.0,1014.5,25.1,52.6,era5
2024-11-09 15:00:00,2.3,64,0.0,0.0,1015.4,25.7,54.7,era5
2024-11-09 16:00:00,2.1,65,0.0,0.0,1017.1,22.3,50.0,era5
2024-11-09 17:00:00,1.7,66,0.0,0.0,1018.1,22.1,51.5,era5
2024-11-09 18:00:00,1.7,67,0.0,0.0,1018.8,22.9,51.5,era5
2024-11-09 19:00:00,1.5,68,0.0,0.0,1019.7,23.5,52.6,era5
2024-11-09 20:00:00,1.5,69,0.0,0.0,1020.2,23.2,51.5,era5
2024-11-09 21:00:00,1.2,72,0.0,0.0,1021.2,23.4,49.7,era5
2024-11-09 22:00:00,1.1,73,0.0,0.0,1021.6,22.5,50.8,era5
2024-11-09 23:00:00,0.9,74,0.0,0.0,1022.2,19.3,47.5,era5
2024-11-10 00:00:00,0.5,76,0.0,0.0,1023.3,16.1,40.7,era5
2024-11-10 01:00:00,0.2,77,0.0,0.0,1024.1,15.2,33.5,era5
2024-11-10 02:00:00,-0.3,79,0.0,0.0,1024.6,14.2,31.3,era5
2024-11-10 03:00:00,-0.6,81,0.0,0.0,1024.9,13.9,28.8,era5
2024-11-10 04:00:00,-0.3,81,0.0,0.0,1025.4,14.0,31.3,era5
2024-11-10 05:00:00,-0.5,84,0.0,0.0,1025.5,12.9,28.4,era5
2024-11-10 06:00:00,-0.4,88,0.0,0.0,1025.2,12.5,25.6,era5
2024-11-10 07:00:00,-0.3,89,0.0,0.0,1025.2,12.8,24.8,era5
2024-11-10 08:00:00,0.0,90,0.0,0.0,1025.1,12.8,25.2,era5
2024-11-10 09:00:00,0.4,91,0.0,0.0,1025.1,12.6,24.8,era5
2024-11-10 10:00:00,1.6,88,0.0,0.0,1025.3,13.1,26.3,era5
2024-11-10 11:00:00,2.4,86,0.0,0.0,1025.5,12.1,26.3,era5
2024-11-10 12:00:00,2.1,87,0.0,0.0,1025.5,12.0,25.2,era5
2024-11-10 13:00:00,2.0,87,0.0,0.0,1025.3,12.2,24.5,era5
2024-11-10 14:00:00,1.9,86,0.0,0.0,1025.3,12.5,25.2,era5
2024-11-10 15:00:00,1.3,88,0.0,0.0,1025.6,11.8,25.2,era5
2024-11-10 16:00:00,1.0,87,0.0,0.0,1025.7,11.0,23.0,era5
2024-11-10 17:00:00,0.6,87,0.0,0.0,1025.6,9.8,20.9,era5
2024-11-10 18:00:00,0.7,84,0.0,0.0,1025.7,9.3,18.4,era5
2024-11-10 19:00:00,0.4,79,0.0,0.0,1025.6,8.4,16.9,era5
2024-11-10 20:00:00,-0.3,80,0.0,0.0,1025.5,5.4,14.0,era5
2024-11-10 21:00:00,-1.2,83,0.0,0.0,1025.5,6.0,9.4,era5
2024-11-10 22:00:00,-1.7,83,0.0,0.0,1025.6,6.2,9.4,era5
2024-11-10 23:00:00,-1.4,82,0.0,0.0,1025.7,5.0,9.0,era5
2024-11-11 00:00:00,0.1,77,0.0,0.0,1025.4,5.4,10.4,era5
2024-11-11 01:00:00,0.1,78,0.0,0.0,1025.0,4.5,10.1,era5
2024-11-11 02:00:00,-0.3,80,0.0,0.0,1024.8,5.8,9.7,era5
2024-11-11 03:00:00,-0.9,83,0.0,0.0,1024.7,7.9,12.6,era5
2024-11-11 04:00:00,-1.4,91,0.0,0.0,1024.1,8.3,14.4,era5
2024-11-11 05:00:00,-0.6,95,0.0,0.0,1023.8,3.3,14.8,era5
2024-11-11 06:00:00,0.1,95,0.0,0.0,1023.5,4.1,7.2,era5
2024-11-11 07:00:00,0.4,95,0.0,0.0,1023.3,6.1,10.8,era5
2024-11-11 08:00:00,0.5,97,0.0,0.0,1022.9,7.0,13.0,era5
2024-11-11 09:00:00,0.9,96,0.0,0.0,1022.9,8.0,15.5,era5
2024-11-11 10:00:00,1.0,96,0.0,0.0,1022.8,8.0,15.8,era5
2024-11-11 11:00:00,1.3,94,0.0,0.0,1023.1,8.1,16.2,era5
2024-11-11 12:00:00,1.6,93,0.0,0.0,1023.1,8.5,17.6,era5
2024-11-11 13:00:00,1.7,93,0.0,0.0,1023.0,8.9,18.7,era5
2024-11-11 14:00:00,1.7,94,0.0,0.0,1022.9,7.8,18.4,era5
2024-11-11 15:00:00,1.8,94,0.0,0.0,1022.8,7.7,15.8,era5
2024-11-11 16:00:00,1.3,94,0.0,0.0,1022.8,7.8,16.6,era5
2024-11-11 17:00:00,1.2,95,0.0,0.0,1022.7,7.0,15.1,era5
2024-11-11 18:00:00,1.0,96,0.0,0.0,1022.8,7.7,13.7,era5
2024-11-11 19:00:00,1.2,95,0.0,0.0,1022.8,8.6,16.9,era5
2024-11-11 20:00:00,1.1,94,0.0,0.0,1022.7,9.3,18.4,era5
2024-11-11 21:00:00,1.3,93,0.0,0.0,1022.7,9.3,19.1,era5
2024-11-11 22:00:00,1.4,95,0.0,0.0,1022.6,7.8,18.7,era5
2024-11-11 23:00:00,1.3,96,0.0,0.0,1022.6,6.5,15.5,era5
2024-11-12 00:00:00,1.3,96,0.0,0.0,1022.7,6.2,12.2,era5
2024-11-12 01:00:00,1.4,96,0.0,0.0,1022.4,6.6,12.6,era5
2024-11-12 02:00:00,1.4,96,0.0,0.0,1022.0,6.9,13.3,era5
2024-11-12 03:00:00,1.4,95,0.0,0.0,1021.8,6.6,13.3,era5
2024-11-12 04:00:00,0.4,95,0.0,0.0,1021.8,6.7,12.2,era5
2024-11-12 05:00:00,0.3,95,0.0,0.0,1021.4,7.0,13.0,era5
2024-11-12 06:00:00,0.4,93,0.0,0.0,1021.1,7.2,13.7,era5
2024-11-12 07:00:00,0.5,92,0.0,0.0,1020.9,7.4,14.0,era5
2024-11-12 08:00:00,0.4,92,0.0,0.0,1020.6,7.1,14.0,era5
2024-11-12 09:00:00,0.3,93,0.0,0.0,1021.0,7.1,14.0,era5
2024-11-12 10:00:00,0.3,92,0.0,0.0,1021.1,6.5,13.3,era5
2024-11-12 11:00:00,0.4,92,0.0,0.0,1021.2,5.3,12.2,era5
2024-11-12 12:00:00,0.6,91,0.0,0.0,1021.0,4.4,10.4,era5
2024-11-12 13:00:00,0.6,91,0.0,0.0,1020.8,3.2,8.6,era5
2024-11-12 14:00:00,0.5,92,0.0,0.0,1020.3,4.0,7.9,era5
2024-11-12 15:00:00,0.0,95,0.0,0.0,1020.0,4.9,8.6,era5
2024-11-12 16:00:00,-0.5,95,0.0,0.0,1019.9,6.6,12.2,era5
2024-11-12 17:00:00,-0.4,96,0.0,0.0,1019.9,6.2,12.2,era5
2024-11-12 18:00:00,-0.4,97,0.0,0.0,1019.5,5.5,11.9,era5
2024-11-12 19:00:00,-0.4,97,0.0,0.0,1019.1,4.8,10.1,era5
2024-11-12 20:00:00,-0.5,97,0.0,0.0,1018.6,4.8,9.4,era5
2024-11-12 21:00:00,-0.5,97,0.0,0.0,1017.9,4.3,9.0,era5
2024-11-12 22:00:00,-0.6,97,0.0,0.0,1017.4,5.4,10.4,era5
2024-11-12 23:00:00,-0.5,96,0.0,0.0,1017.0,5.6,10.4,era5
2024-11-13 00:00:00,-0.5,93,0.0,0.0,1016.4,7.2,14.8,era5
2024-11-13 01:00:00,-0.7,92,0.0,0.0,1015.6,7.3,14.8,era5
2024-11-13 02:00:00,-0.8,91,0.0,0.0,1014.8,7.1,15.1,era5
2024-11-13 03:00:00,-0.7,92,0.0,0.0,1013.6,9.2,18.4,era5
2024-11-13 04:00:00,-1.1,95,0.0,0.0,1012.9,12.0,23.8,era5
2024-11-13 05:00:00,-1.2,97,0.0,0.0,1011.7,13.2,25.6,era5
2024-11-13 06:00:00,-1.0,98,0.0,0.0,1010.2,14.5,26.3,era5
2024-11-13 07:00:00,-0.6,96,0.0,0.0,1008.5,16.3,29.9,era5
2024-11-13 08:00:00,-0.2,97,0.1,0.0,1006.9,16.9,34.2,era5
2024-11-13 09:00:00,0.2,98,0.1,0.0,1005.1,16.8,34.9,era5
2024-11-13 10:00:00,0.5,99,0.0,0.0,1003.9,16.3,34.6,era5
2024-11-13 11:00:00,0.8,99,0.0,0.0,1002.6,16.2,32.8,era5
2024-11-13 12:00:00,1.2,99,0.0,0.0,1001.2,16.4,33.5,era5
2024-11-13 13:00:00,1.4,99,0.0,0.0,1000.1,14.6,33.1,era5
2024-11-13 14:00:00,1.6,100,0.0,0.0,998.8,14.2,29.2,era5
2024-11-13 15:00:00,1.7,100,0.0,0.0,997.7,13.9,28.4,era5
2024-11-13 16:00:00,1.4,100,0.4,0.0,996.6,13.9,29.9,era5
2024-11-13 17:00:00,1.9,100,0.5,0.0,995.7,11.4,27.4,era5
2024-11-13 18:00:00,2.0,100,0.3,0.0,994.8,8.3,22.7,era5
2024-11-13 19:00:00,1.2,99,0.0,0.0,994.2,8.0,16.6,era5
2024-11-13 20:00:00,1.9,100,0.0,0.0,993.8,11.7,23.4,era5
2024-11-13 21:00:00,1.6,100,0.0,0.0,993.3,11.4,23.8,era5
2024-11-13 22:00:00,0.9,99,0.0,0.0,993.1,9.7,23.0,era5
2024-11-13 23:00:00,0.3,99,0.0,0.0,992.9,8.8,19.4,era5
2024-11-14 00:00:00,-0.3,98,0.0,0.0,992.5,7.4,17.3,era5
2024-11-14 01:00:00,-0.6,98,0.0,0.0,991.7,8.0,15.5,era5
2024-11-14 02:00:00,-0.8,98,0.0,0.0,991.3,9.1,17.6,era5
2024-11-14 03:00:00,-1.0,98,0.0,0.0,990.8,8.2,17.6,era5
2024-11-14 04:00:00,-0.5,99,0.0,0.0,990.0,9.6,20.9,era5
2024-11-14 05:00:00,-0.7,98,0.0,0.0,989.6,6.9,18.7,era5
2024-11-14 06:00:00,-1.0,98,0.0,0.0,989.4,6.8,13.3,era5
2024-11-14 07:00:00,-0.3,98,0.0,0.0,989.2,8.3,16.2,era5
2024-11-14 08:00:00,0.2,96,0.0,0.0,989.2,10.9,20.9,era5
2024-11-14 09:00:00,-0.2,94,0.0,0.0,989.3,11.5,22.0,era5
2024-11-14 10:00:00,-1.0,93,0.0,0.0,989.4,10.5,21.6,era5
2024-11-14 11:00:00,-0.9,90,0.0,0.0,989.9,9.3,19.4,era5
2024-11-14 12:00:00,-0.5,87,0.0,0.0,990.1,9.1,17.3,era5
2024-11-14 13:00:00,-0.1,86,0.0,0.0,990.2,9.4,17.6,era5
2024-11-14 14:00:00,0.4,83,0.1,0.0,990.1,9.9,18.4,era5
2024-11-14 15:00:00,0.5,80,0.0,0.0,990.1,13.1,24.5,era5
2024-11-14 16:00:00,-0.4,83,0.0,0.0,990.0,10.3,17.3,era5
2024-11-14 17:00:00,-0.6,86,0.0,0.0,990.0,13.1,23.8,era5
2024-11-14 18:00:00,-0.6,85,0.0,0.0,990.1,15.0,28.8,era5
2024-11-14 19:00:00,-0.5,82,0.0,0.0,990.1,16.9,33.5,era5
2024-11-14 20:00:00,-0.6,78,0.0,0.0,990.1,17.6,35.3,era5
2024-11-14 21:00:00,-0.7,76,0.0,0.0,990.3,15.7,35.3,era5
2024-11-14 22:00:00,-1.1,77,0.0,0.0,990.2,13.2,31.7,era5
2024-11-14 23:00:00,-1.6,78,0.0,0.0,990.5,10.5,26.3,era5
2024-11-15 00:00:00,-1.9,78,0.0,0.0,990.7,9.6,20.2,era5
2024-11-15 01:00:00,-1.8,76,0.0,0.0,990.4,9.1,17.6,era5
2024-11-15 02:00:00,-1.6,76,0.0,0.0,990.3,9.8,18.4,era5
2024-11-15 03:00:00,-1.9,77,0.0,0.0,990.3,10.9,20.9,era5
2024-11-15 04:00:00,-2.2,79,0.0,0.0,990.2,10.6,19.1,era5
2024-11-15 05:00:00,-2.2,79,0.0,0.0,989.9,10.4,19.8,era5
2024-11-15 06:00:00,-2.2,79,0.0,0.0,989.7,10.2,19.1,era5
2024-11-15 07:00:00,-2.1,78,0.0,0.0,989.4,10.7,19.4,era5
2024-11-15 08:00:00,-2.2,79,0.0,0.0,989.3,8.7,19.4,era5
2024-11-15 09:00:00,-2.8,81,0.0,0.0,989.3,6.4,15.5,era5
2024-11-15 10:00:00,-2.4,81,0.0,0.0,989.3,7.0,12.6,era5
2024-11-15 11:00:00,-1.9,79,0.0,0.0,989.0,8.0,13.7,era5
2024-11-15 12:00:00,-1.7,80,0.0,0.0,988.8,8.0,14.4,era5
2024-11-15 13:00:00,-1.1,80,0.0,0.0,988.5,8.8,15.8,era5
2024-11-15 14:00:00,-1.0,82,0.0,0.0,988.2,7.8,16.2,era5
2024-11-15 15:00:00,-1.4,85,0.0,0.0,988.0,7.4,14.4,era5
2024-11-15 16:00:00,-2.2,86,0.0,0.0,987.5,5.6,9.0,era5
2024-11-15 17:00:00,-2.5,89,0.0,0.0,987.4,9.2,14.4,era5
2024-11-15 18:00:00,-2.8,92,0.0,0.0,986.9,5.1,14.8,era5
2024-11-15 19:00:00,-2.6,93,0.0,0.0,986.5,8.0,13.3,era5
2024-11-15 20:00:00,-2.5,95,0.0,0.0,986.1,5.6,14.0,era5
2024-11-15 21:00:00,-2.6,96,0.0,0.0,985.3,1.0,9.4,era5
2024-11-15 22:00:00,-1.6,96,0.0,0.0,984.9,0.9,3.2,era5
2024-11-15 23:00:00,-0.8,95,0.0,0.0,984.6,2.4,4.7,era5
2024-11-16 00:00:00,-0.7,95,0.0,0.0,984.2,2.9,5.8,era5
2024-11-16 01:00:00,-0.7,95,0.0,0.0,983.8,2.3,5.4,era5
2024-11-16 02:00:00,-0.7,96,0.0,0.0,983.5,1.3,4.3,era5
2024-11-16 03:00:00,-0.5,96,0.0,0.0,983.1,0.4,2.9,era5
2024-11-16 04:00:00,-1.0,97,0.1,0.07,982.7,0.4,2.5,era5
2024-11-16 05:00:00,-1.2,98,0.1,0.07,982.4,1.7,3.2,era5
2024-11-16 06:00:00,-1.0,97,0.0,0.0,982.0,4.5,7.2,era5
2024-11-16 07:00:00,-1.1,97,0.0,0.0,981.4,4.9,9.0,era5
2024-11-16 08:00:00,-0.9,97,0.0,0.0,980.8,4.2,10.1,era5
2024-11-16 09:00:00,-1.0,97,0.0,0.0,980.6,4.1,7.9,era5
2024-11-16 10:00:00,-1.1,97,0.0,0.0,980.1,4.8,10.1,era5
2024-11-16 11:00:00,-1.1,96,0.0,0.0,979.9,5.2,12.2,era5
2024-11-16 12:00:00,-1.1,96,0.0,0.0,979.1,5.5,13.0,era5
2024-11-16 13:00:00,-1.0,95,0.0,0.0,977.9,6.8,15.5,era5
2024-11-16 14:00:00,-0.9,95,0.0,0.0,976.9,8.0,17.3,era5
2024-11-16 15:00:00,-1.0,95,0.0,0.0,975.5,9.0,19.1,era5
2024-11-16 16:00:00,-1.3,92,0.7,0.49,975.5,13.1,27.4,era5
2024-11-16 17:00:00,-1.0,93,1.2,0.84,973.9,16.5,33.1,era5
2024-11-16 18:00:00,-1.0,92,0.5,0.35,972.6,16.7,34.9,era5
2024-11-16 19:00:00,-0.8,92,0.9,0.63,971.0,18.1,37.8,era5
2024-11-16 20:00:00,-0.6,93,2.0,1.4,969.8,17.5,37.1,era5
2024-11-16 21:00:00,-0.3,93,1.8,1.26,968.9,15.0,36.0,era5
2024-11-16 22:00:00,-0.1,93,1.4,0.98,968.4,12.3,30.2,era5
2024-11-16 23:00:00,0.1,93,0.4,0.28,968.3,7.8,24.5,era5
2024-11-17 00:00:00,0.0,95,0.5,0.35,968.5,3.2,14.8,era5
2024-11-17 01:00:00,-0.1,96,0.4,0.28,968.5,4.9,9.7,era5
2024-11-17 02:00:00,-0.4,98,0.2,0.14,969.1,5.6,10.8,era5
2024-11-17 03:00:00,-0.6,99,0.2,0.14,969.8,6.2,12.6,era5
2024-11-17 04:00:00,-0.5,99,0.3,0.21,970.3,3.5,9.7,era5
2024-11-17 05:00:00,-0.2,96,0.1,0.07,971.1,6.0,10.8,era5
2024-11-17 06:00:00,0.2,93,0.1,0.07,971.6,8.1,15.5,era5
2024-11-17 07:00:00,-0.4,93,0.1,0.07,972.2,6.6,15.8,era5
2024-11-17 08:00:00,-1.5,93,0.0,0.0,972.8,7.6,13.3,era5
2024-11-17 09:00:00,-2.2,95,0.0,0.0,974.0,7.3,14.4,era5
2024-11-17 10:00:00,-2.5,95,0.0,0.0,975.0,7.1,14.8,era5
2024-11-17 11:00:00,-2.5,94,0.0,0.0,975.6,5.6,14.8,era5
2024-11-17 12:00:00,-2.4,93,0.0,0.0,976.0,2.2,12.2,era5
2024-11-17 13:00:00,-2.7,94,0.0,0.0,976.1,1.5,5.8,era5
2024-11-17 14:00:00,-3.4,94,0.0,0.0,976.2,3.4,5.4,era5
2024-11-17 15:00:00,-4.3,96,0.0,0.0,976.8,2.7,7.2,era5
2024-11-17 16:00:00,-3.6,95,0.0,0.0,977.7,1.1,5.4,era5
2024-11-17 17:00:00,-2.6,95,0.0,0.0,978.1,1.5,2.9,era5
2024-11-17 18:00:00,-2.2,96,0.0,0.0,978.2,3.5,6.8,era5
2024-11-17 19:00:00,-1.8,97,0.0,0.0,978.5,2.9,7.2,era5
2024-11-17 20:00:00,-1.3,97,0.0,0.0,978.7,5.0,9.4,era5
2024-11-17 21:00:00,-0.8,95,0.0,0.0,979.1,8.4,16.2,era5
2024-11-17 22:00:00,-0.7,94,0.0,0.0,979.5,8.9,18.7,era5
2024-11-17 23:00:00,-0.6,93,0.0,0.0,979.9,8.1,18.4,era5
2024-11-18 00:00:00,-0.7,94,0.0,0.0,980.6,6.3,17.3,era5
2024-11-18 01:00:00,-0.9,96,0.0,0.0,981.1,5.7,12.6,era5
2024-11-18 02:00:00,-1.5,96,0.0,0.0,981.5,7.3,13.3,era5
2024-11-18 03:00:00,-1.7,96,0.0,0.0,982.0,10.2,19.4,era5
2024-11-18 04:00:00,-1.4,96,0.0,0.0,982.5,12.9,25.9,era5
2024-11-18 05:00:00,-1.2,95,0.0,0.0,982.8,12.3,26.3,era5
2024-11-18 06:00:00,-0.8,92,0.0,0.0,983.2,14.2,28.8,era5
2024-11-18 07:00:00,-1.5,92,0.0,0.0,983.4,14.5,30.2,era5
2024-11-18 08:00:00,-1.8,92,0.0,0.0,983.7,15.3,31.0,era5
2024-11-18 09:00:00,-1.3,91,0.0,0.0,984.0,16.0,33.5,era5
2024-11-18 10:00:00,-1.0,89,0.0,0.0,984.6,16.2,33.8,era5
2024-11-18 11:00:00,-1.0,89,0.1,0.07,985.3,16.0,35.3,era5
2024-11-18 12:00:00,-0.9,88,0.1,0.07,985.7,16.6,34.6,era5
2024-11-18 13:00:00,-0.8,87,0.0,0.0,986.1,18.1,38.2,era5
2024-11-18 14:00:00,-0.8,86,0.0,0.0,986.7,18.7,39.6,era5
2024-11-18 15:00:00,-1.0,86,0.0,0.0,987.3,18.6,40.0,era5
2024-11-18 16:00:00,-0.8,87,0.0,0.0,987.8,17.8,38.9,era5
2024-11-18 17:00:00,-0.9,86,0.0,0.0,988.1,18.4,38.5,era5
2024-11-18 18:00:00,-1.1,87,0.0,0.0,988.5,18.4,39.2,era5
2024-11-18 19:00:00,-1.0,86,0.0,0.0,988.8,18.9,39.6,era5
2024-11-18 20:00:00,-0.8,84,0.0,0.0,989.0,20.2,42.8,era5
2024-11-18 21:00:00,-1.0,81,0.0,0.0,989.5,20.5,43.2,era5
2024-11-18 22:00:00,-1.5,79,0.0,0.0,989.9,20.9,43.9,era5
2024-11-18 23:00:00,-1.8,82,0.0,0.0,990.6,20.3,44.3,era5
2024-11-19 00:00:00,-1.7,81,0.0,0.0,991.1,20.5,43.9,era5
2024-11-19 01:00:00,-1.7,79,0.0,0.0,991.4,20.0,43.6,era5
2024-11-19 02:00:00,-1.9,81,0.0,0.0,992.1,21.3,44.6,era5
2024-11-19 03:00:00,-1.7,82,0.1,0.07,992.7,20.4,44.6,era5
2024-11-19 04:00:00,-1.5,81,0.0,0.0,993.7,20.3,42.8,era5
2024-11-19 05:00:00,-1.4,80,0.0,0.0,994.4,21.0,44.6,era5
2024-11-19 06:00:00,-1.7,80,0.0,0.0,995.2,20.5,44.6,era5
2024-11-19 07:00:00,-1.9,80,0.0,0.0,996.0,19.0,43.2,era5
2024-11-19 08:00:00,-2.4,80,0.0,0.0,996.8,17.2,40.0,era5
2024-11-19 09:00:00,-3.4,85,0.0,0.0,997.8,15.0,35.6,era5
2024-11-19 10:00:00,-4.3,92,0.0,0.0,998.7,13.0,30.6,era5
2024-11-19 11:00:00,-4.7,93,0.0,0.0,999.6,12.6,25.9,era5
2024-11-19 12:00:00,-4.6,94,0.0,0.0,1000.3,11.9,25.2,era5
2024-11-19 13:00:00,-4.6,94,0.0,0.0,1000.7,11.1,23.8,era5
2024-11-19 14:00:00,-4.1,94,0.0,0.0,1001.5,13.8,26.6,era5
2024-11-19 15:00:00,-3.1,94,0.0,0.0,1002.2,15.3,30.2,era5
2024-11-19 16:00:00,-3.7,95,0.0,0.0,1003.0,13.3,25.2,era5
2024-11-19 17:00:00,-2.2,88,0.0,0.0,1003.5,16.5,33.5,era5
2024-11-19 18:00:00,-3.5,89,0.0,0.0,1004.1,18.0,36.0,era5
2024-11-19 19:00:00,-4.4,90,0.0,0.0,1004.5,16.4,36.4,era5
2024-11-19 20:00:00,-5.3,90,0.0,0.0,1004.7,13.8,32.8,era5
2024-11-19 21:00:00,-6.1,89,0.0,0.0,1004.9,13.2,27.4,era5
2024-11-19 22:00:00,-6.5,89,0.0,0.0,1005.4,12.4,25.6,era5
2024-11-19 23:00:00,-6.0,89,0.0,0.0,1006.1,11.2,24.1,era5
2024-11-20 00:00:00,-5.2,89,0.0,0.0,1006.4,9.5,21.6,era5
2024-11-20 01:00:00,-4.8,92,0.0,0.0,1007.0,7.0,18.4,era5
2024-11-20 02:00:00,-4.3,92,0.0,0.0,1007.5,6.4,13.3,era5
2024-11-20 03:00:00,-4.2,88,0.0,0.0,1008.1,9.3,18.0,era5
2024-11-20 04:00:00,-5.7,86,0.0,0.0,1008.6,6.7,14.8,era5
2024-11-20 05:00:00,-6.1,86,0.0,0.0,1009.4,7.2,13.0,era5
2024-11-20 06:00:00,-7.4,87,0.0,0.0,1010.2,9.2,16.6,era5
2024-11-20 07:00:00,-8.5,88,0.0,0.0,1010.6,9.1,17.6,era5
2024-11-20 08:00:00,-9.3,87,0.0,0.0,1011.0,7.0,16.9,era5
2024-11-20 09:00:00,-9.8,88,0.0,0.0,1011.5,7.0,12.6,era5
2024-11-20 10:00:00,-9.7,88,0.0,0.0,1012.2,7.1,13.7,era5
2024-11-20 11:00:00,-10.8,89,0.0,0.0,1012.7,7.5,13.3,era5
2024-11-20 12:00:00,-10.9,89,0.0,0.0,1013.1,6.5,13.0,era5
2024-11-20 13:00:00,-11.1,89,0.0,0.0,1013.2,5.4,11.5,era5
2024-11-20 14:00:00,-11.6,89,0.0,0.0,1013.6,5.6,10.4,era5
2024-11-20 15:00:00,-12.4,88,0.0,0.0,1013.7,6.1,10.8,era5
2024-11-20 16:00:00,-12.6,88,0.0,0.0,1013.9,6.2,11.2,era5
2024-11-20 17:00:00,-11.8,88,0.0,0.0,1013.8,7.7,14.8,era5
2024-11-20 18:00:00,-11.6,89,0.0,0.0,1013.8,9.0,18.4,era5
2024-11-20 19:00:00,-11.6,90,0.0,0.0,1013.7,9.1,18.7,era5
2024-11-20 20:00:00,-11.8,90,0.0,0.0,1013.7,7.8,18.4,era5
2024-11-20 21:00:00,-12.7,89,0.0,0.0,1013.5,7.7,16.2,era5
2024-11-20 22:00:00,-13.0,88,0.0,0.0,1013.4,8.9,18.4,era5
2024-11-20 23:00:00,-13.2,88,0.0,0.0,1013.7,9.0,18.4,era5
2024-11-21 00:00:00,-13.0,88,0.0,0.0,1013.5,11.2,22.3,era5
2024-11-21 01:00:00,-12.9,87,0.0,0.0,1013.0,11.3,23.4,era5
2024-11-21 02:00:00,-12.7,87,0.0,0.0,1012.9,11.4,23.4,era5
2024-11-21 03:00:00,-12.5,87,0.0,0.0,1012.3,13.1,26.6,era5
2024-11-21 04:00:00,-12.8,87,0.0,0.0,1012.0,13.1,26.3,era5
2024-11-21 05:00:00,-12.2,87,0.0,0.0,1011.1,14.5,29.9,era5
2024-11-21 06:00:00,-12.0,86,0.0,0.0,1010.7,15.5,31.7,era5
2024-11-21 07:00:00,-11.2,83,0.0,0.0,1010.0,17.9,36.0,era5
2024-11-21 08:00:00,-10.3,80,0.0,0.0,1009.0,19.8,41.0,era5
2024-11-21 09:00:00,-9.4,81,0.0,0.0,1008.2,20.7,43.2,era5
2024-11-21 10:00:00,-8.6,77,0.0,0.0,1007.1,21.8,46.1,era5
2024-11-21 11:00:00,-7.8,66,0.0,0.0,1006.1,23.2,48.6,era5
2024-11-21 12:00:00,-7.5,60,0.0,0.0,1005.0,24.4,51.5,era5
2024-11-21 13:00:00,-7.4,58,0.0,0.0,1003.1,26.8,57.2,era5
2024-11-21 14:00:00,-7.2,59,0.1,0.07,1001.4,28.2,59.4,era5
2024-11-21 15:00:00,-6.9,63,0.2,0.14,999.5,30.5,65.2,era5
2024-11-21 16:00:00,-6.9,70,0.4,0.28,997.8,30.7,65.9,era5
2024-11-21 17:00:00,-6.1,70,0.9,0.63,995.6,30.7,67.0,era5
2024-11-21 18:00:00,-5.7,73,1.4,0.98,995.1,27.3,65.9,era5
2024-11-21 19:00:00,-5.6,77,1.6,1.12,994.6,22.6,58.0,era5
2024-11-21 20:00:00,-5.6,80,1.5,1.05,993.7,22.5,49.7,era5
2024-11-21 21:00:00,-5.4,81,0.5,0.35,992.9,21.9,47.9,era5
2024-11-21 22:00:00,-5.2,81,0.1,0.07,992.6,21.6,46.8,era5
2024-11-21 23:00:00,-5.2,82,0.0,0.0,992.1,19.9,45.4,era5
2024-11-22 00:00:00,-5.2,82,0.0,0.0,991.4,19.8,42.1,era5
2024-11-22 01:00:00,-5.2,83,0.0,0.0,990.7,18.0,41.4,era5
2024-11-22 02:00:00,-5.3,84,0.0,0.0,990.2,17.2,37.4,era5
2024-11-22 03:00:00,-5.3,84,0.0,0.0,988.9,17.6,36.7,era5
2024-11-22 04:00:00,-5.4,84,0.0,0.0,987.8,17.3,36.7,era5
2024-11-22 05:00:00,-5.4,84,0.1,0.07,986.2,16.7,35.6,era5
2024-11-22 06:00:00,-5.3,84,0.1,0.07,984.2,15.7,34.6,era5
2024-11-22 07:00:00,-5.2,88,0.4,0.28,983.0,12.8,32.4,era5
2024-11-22 08:00:00,-5.3,91,0.9,0.63,981.1,14.0,29.2,era5
2024-11-22 09:00:00,-5.3,91,0.8,0.56,979.0,14.1,29.5,era5
2024-11-22 10:00:00,-5.3,91,0.9,0.63,976.7,15.4,31.7,era5
2024-11-22 11:00:00,-5.3,90,1.2,0.84,975.0,14.5,31.7,era5
2024-11-22 12:00:00,-5.3,90,1.3,0.91,973.7,13.1,29.5,era5
2024-11-22 13:00:00,-5.5,89,1.3,0.91,972.8,11.7,27.0,era5
2024-11-22 14:00:00,-5.6,88,1.1,0.77,973.3,11.8,24.1,era5
2024-11-22 15:00:00,-5.7,88,0.5,0.35,974.4,16.3,33.1,era5
2024-11-22 16:00:00,-5.5,87,0.3,0.21,975.6,20.0,41.4,era5
2024-11-22 17:00:00,-5.3,88,0.4,0.28,977.1,22.5,47.2,era5
2024-11-22 18:00:00,-5.0,86,0.1,0.07,978.2,22.0,47.9,era5
2024-11-22 19:00:00,-4.7,88,0.1,0.07,978.9,20.1,46.8,era5
2024-11-22 20:00:00,-3.8,91,0.2,0.14,979.5,19.3,42.8,era5
2024-11-22 21:00:00,-2.8,89,0.1,0.07,979.9,23.6,49.3,era5
2024-11-22 22:00:00,-2.5,87,0.0,0.0,980.4,22.7,50.8,era5
2024-11-22 23:00:00,-2.2,85,0.0,0.0,980.8,23.5,50.0,era5
2024-11-23 00:00:00,-2.1,81,0.0,0.0,981.5,24.7,52.6,era5
2024-11-23 01:00:00,-2.5,84,0.0,0.0,982.0,24.0,52.9,era5
2024-11-23 02:00:00,-2.6,85,0.0,0.0,982.4,23.6,50.8,era5
2024-11-23 03:00:00,-2.3,83,0.0,0.0,982.7,22.6,50.0,era5
2024-11-23 04:00:00,-2.1,87,0.1,0.07,983.0,22.1,46.8,era5
2024-11-23 05:00:00,-2.0,85,0.1,0.07,983.3,22.7,47.9,era5
2024-11-23 06:00:00,-2.1,85,0.1,0.07,983.7,23.0,48.6,era5
2024-11-23 07:00:00,-2.2,85,0.0,0.0,984.3,23.5,50.0,era5
2024-11-23 08:00:00,-2.2,83,0.0,0.0,985.0,23.9,51.1,era5
2024-11-23 09:00:00,-2.3,82,0.0,0.0,985.5,23.2,50.8,era5
2024-11-23 10:00:00,-2.7,85,0.0,0.0,986.3,22.3,49.3,era5
2024-11-23 11:00:00,-2.9,86,0.0,0.0,986.9,22.3,47.9,era5
2024-11-23 12:00:00,-2.8,86,0.0,0.0,987.5,22.5,48.2,era5
2024-11-23 13:00:00,-2.9,86,0.0,0.0,987.8,21.4,48.2,era5
2024-11-23 14:00:00,-3.0,86,0.0,0.0,988.2,20.9,45.7,era5
2024-11-23 15:00:00,-2.9,86,0.0,0.0,988.4,21.2,45.4,era5
2024-11-23 16:00:00,-2.7,86,0.0,0.0,988.6,22.3,47.5,era5
2024-11-23 17:00:00,-2.6,85,0.0,0.0,989.0,22.1,48.2,era5
2024-11-23 18:00:00,-2.6,85,0.0,0.0,989.1,21.9,47.5,era5
2024-11-23 19:00:00,-2.6,86,0.0,0.0,989.2,21.3,47.2,era5
2024-11-23 20:00:00,-2.5,85,0.0,0.0,989.7,20.4,45.7,era5
2024-11-23 21:00:00,-2.6,83,0.0,0.0,989.8,19.6,44.3,era5
2024-11-23 22:00:00,-2.8,84,0.0,0.0,989.7,20.2,43.9,era5
2024-11-23 23:00:00,-2.8,84,0.0,0.0,989.5,19.5,43.6,era5
2024-11-24 00:00:00,-2.8,84,0.0,0.0,989.4,20.2,43.6,era5
2024-11-24 01:00:00,-2.9,84,0.0,0.0,989.3,20.4,44.3,era5
2024-11-24 02:00:00,-3.0,86,0.0,0.0,989.1,20.1,44.3,era5
2024-11-24 03:00:00,-3.0,86,0.0,0.0,988.9,20.7,44.6,era5
2024-11-24 04:00:00,-2.8,88,0.0,0.0,988.2,21.2,46.8,era5
2024-11-24 05:00:00,-2.7,89,0.0,0.0,988.2,20.2,45.4,era5
2024-11-24 06:00:00,-2.3,88,0.0,0.0,988.0,19.6,43.6,era5
2024-11-24 07:00:00,-2.0,88,0.1,0.07,988.1,17.9,41.4,era5
2024-11-24 08:00:00,-1.7,88,0.0,0.07,988.6,16.8,37.8,era5
2024-11-24 09:00:00,-1.7,88,0.0,0.0,989.0,15.7,35.3,era5
2024-11-24 10:00:00,-2.5,91,0.0,0.0,989.7,15.7,32.8,era5
2024-11-24 11:00:00,-2.9,91,0.0,0.0,990.7,15.7,31.7,era5
2024-11-24 12:00:00,-3.0,88,0.4,0.28,991.7,14.3,31.7,era5
2024-11-24 13:00:00,-2.7,83,0.4,0.28,992.6,12.9,29.5,era5
2024-11-24 14:00:00,-3.0,85,0.0,0.0,993.7,11.1,26.6,era5
2024-11-24 15:00:00,-4.1,91,0.0,0.0,995.2,10.5,22.3,era5
2024-11-24 16:00:00,-5.4,89,0.0,0.0,996.5,9.4,19.1,era5
2024-11-24 17:00:00,-6.3,88,0.0,0.0,997.8,9.6,16.6,era5
2024-11-24 18:00:00,-6.6,87,0.0,0.0,999.1,8.0,16.6,era5
2024-11-24 19:00:00,-7.2,88,0.0,0.0,1000.1,7.2,14.0,era5
2024-11-24 20:00:00,-7.8,89,0.0,0.0,1001.6,6.8,13.0,era5
2024-11-24 21:00:00,-8.3,90,0.0,0.0,1002.9,7.0,12.2,era5
2024-11-24 22:00:00,-8.6,92,0.0,0.0,1004.0,6.7,12.2,era5
2024-11-24 23:00:00,-8.7,93,0.0,0.0,1004.9,5.5,11.9,era5
2024-11-25 00:00:00,-9.1,94,0.0,0.0,1005.2,4.1,10.1,era5
2024-11-25 01:00:00,-8.7,92,0.0,0.0,1006.1,13.9,24.5,era5
2024-11-25 02:00:00,-7.1,91,0.0,0.0,1006.3,12.4,24.5,era5
2024-11-25 03:00:00,-6.7,93,0.0,0.0,1006.3,13.5,26.6,era5
2024-11-25 04:00:00,-4.8,94,0.0,0.0,1006.1,13.6,27.4,era5
2024-11-25 05:00:00,-3.5,96,0.0,0.0,1005.0,15.1,31.0,era5
2024-11-25 06:00:00,-3.2,94,0.0,0.0,1003.6,17.0,34.6,era5
2024-11-25 07:00:00,-3.2,90,0.0,0.0,1001.5,19.1,39.6,era5
2024-11-25 08:00:00,-2.7,88,0.2,0.14,999.9,22.9,48.2,era5
2024-11-25 09:00:00,-1.9,89,0.9,0.63,997.7,26.5,56.2,era5
2024-11-25 10:00:00,-1.3,90,1.1,0.77,995.4,29.3,62.3,era5
2024-11-25 11:00:00,-0.8,89,1.2,0.84,993.0,29.2,63.0,era5
2024-11-25 12:00:00,-0.5,90,1.5,1.05,990.5,28.4,62.6,era5
2024-11-25 13:00:00,-0.3,92,1.7,1.19,988.4,27.5,60.8,era5
2024-11-25 14:00:00,-0.2,94,2.2,1.54,986.5,25.2,59.0,era5
2024-11-25 15:00:00,0.2,94,1.1,0.77,984.9,23.2,53.6,era5
2024-11-25 16:00:00,0.6,95,1.1,0.77,983.4,20.7,48.2,era5
2024-11-25 17:00:00,1.3,95,0.6,0.42,982.9,19.1,43.6,era5
2024-11-25 18:00:00,2.2,91,0.1,0.07,983.1,17.6,40.3,era5
2024-11-25 19:00:00,2.9,89,0.0,0.0,983.6,15.6,37.1,era5
2024-11-25 20:00:00,3.4,89,0.0,0.0,984.5,12.7,32.4,era5
2024-11-25 21:00:00,3.5,89,0.0,0.0,986.1,11.3,26.6,era5
2024-11-25 22:00:00,3.3,90,0.0,0.0,987.2,11.1,23.8,era5
2024-11-25 23:00:00,2.9,91,0.0,0.0,988.4,10.0,23.0,era5
2024-11-26 00:00:00,2.7,92,0.0,0.0,989.6,10.8,21.6,era5
2024-11-26 01:00:00,2.6,93,0.0,0.0,990.2,11.0,22.0,era5
2024-11-26 02:00:00,2.4,94,0.0,0.0,991.0,11.1,22.3,era5
2024-11-26 03:00:00,2.3,96,0.0,0.0,991.4,10.5,22.0,era5
2024-11-26 04:00:00,2.1,96,0.0,0.0,991.9,9.6,22.0,era5
2024-11-26 05:00:00,2.3,97,0.0,0.0,992.0,11.3,22.7,era5
2024-11-26 06:00:00,2.3,98,0.0,0.0,991.4,10.6,22.7,era5
2024-11-26 07:00:00,2.4,99,0.1,0.0,990.8,11.4,22.7,era5
2024-11-26 08:00:00,2.5,99,0.2,0.0,989.9,11.4,23.0,era5
2024-11-26 09:00:00,2.6,99,1.3,0.0,989.3,12.6,25.2,era5
2024-11-26 10:00:00,2.6,99,0.7,0.0,988.7,13.2,27.0,era5
2024-11-26 11:00:00,2.8,99,0.7,0.0,988.1,14.5,29.2,era5
2024-11-26 12:00:00,3.1,97,1.5,0.0,987.8,13.2,30.6,era5
2024-11-26 13:00:00,3.3,95,1.1,0.0,987.4,13.2,32.4,era5
2024-11-26 14:00:00,3.5,92,0.1,0.0,987.3,15.5,32.8,era5
2024-11-26 15:00:00,3.8,91,0.1,0.0,987.3,15.7,32.4,era5
2024-11-26 16:00:00,3.6,90,2.9,1.33,989.1,12.9,38.5,era5
2024-11-26 17:00:00,4.1,89,0.2,0.0,989.6,12.1,27.0,era5
2024-11-26 18:00:00,3.9,89,0.1,0.0,990.4,13.7,28.4,era5
2024-11-26 19:00:00,3.6,89,0.1,0.0,991.9,12.4,28.4,era5
2024-11-26 20:00:00,2.9,85,0.0,0.0,993.6,12.5,27.7,era5
2024-11-26 21:00:00,1.9,88,0.0,0.0,995.7,13.2,26.6,era5
2024-11-26 22:00:00,0.3,87,0.0,0.0,998.0,16.7,36.7,era5
2024-11-26 23:00:00,-0.1,85,0.0,0.0,999.9,14.8,35.3,era5
2024-11-27 00:00:00,-1.8,89,0.0,0.0,1002.0,14.6,31.0,era5
2024-11-27 01:00:00,-3.4,93,0.0,0.0,1003.6,14.3,29.9,era5
2024-11-27 02:00:00,-4.5,93,0.0,0.0,1004.9,12.9,27.7,era5
2024-11-27 03:00:00,-5.3,92,0.0,0.0,1006.2,11.7,24.8,era5
2024-11-27 04:00:00,-5.9,87,0.0,0.0,1007.0,7.7,19.1,era5
2024-11-27 05:00:00,-7.1,85,0.0,0.0,1008.1,6.2,13.7,era5
2024-11-27 06:00:00,-7.8,84,0.0,0.0,1009.1,2.6,10.8,era5
2024-11-27 07:00:00,-8.4,85,0.0,0.0,1009.9,1.6,5.8,era5
2024-11-27 08:00:00,-9.4,88,0.0,0.0,1010.9,2.2,5.4,era5
2024-11-27 09:00:00,-9.7,86,0.0,0.0,1011.8,2.4,5.8,era5
2024-11-27 10:00:00,-10.3,89,0.0,0.0,1012.6,1.6,5.8,era5
2024-11-27 11:00:00,-10.6,89,0.0,0.0,1013.6,1.8,4.7,era5
2024-11-27 12:00:00,-10.9,87,0.0,0.0,1014.3,2.2,5.4,era5
2024-11-27 13:00:00,-10.8,86,0.0,0.0,1014.9,1.9,5.4,era5
2024-11-27 14:00:00,-11.0,86,0.0,0.0,1015.5,1.9,5.0,era5
2024-11-27 15:00:00,-11.0,87,0.0,0.0,1016.1,1.4,4.7,era5
2024-11-27 16:00:00,-11.7,89,0.0,0.0,1016.8,1.0,4.3,era5
2024-11-27 17:00:00,-11.7,90,0.0,0.0,1017.5,0.9,3.6,era5
2024-11-27 18:00:00,-12.1,90,0.0,0.0,1018.1,1.4,3.6,era5
2024-11-27 19:00:00,-11.9,88,0.0,0.0,1018.6,1.5,4.3,era5
2024-11-27 20:00:00,-11.8,88,0.0,0.0,1019.3,0.9,4.0,era5
2024-11-27 21:00:00,-12.2,89,0.0,0.0,1019.8,2.2,4.7,era5
2024-11-27 22:00:00,-13.1,91,0.0,0.0,1020.2,4.0,6.8,era5
2024-11-27 23:00:00,-13.7,92,0.0,0.0,1020.5,4.9,7.9,era5
2024-11-28 00:00:00,-14.1,91,0.0,0.0,1020.9,5.5,9.4,era5
2024-11-28 01:00:00,-13.8,88,0.0,0.0,1021.3,8.4,14.4,era5
2024-11-28 02:00:00,-13.8,87,0.0,0.0,1021.5,4.7,14.4,era5
2024-11-28 03:00:00,-14.7,91,0.0,0.0,1021.5,6.7,9.7,era5
2024-11-28 04:00:00,-15.0,85,0.0,0.0,1021.4,9.8,22.7,era5
2024-11-28 05:00:00,-14.6,87,0.0,0.0,1022.1,6.6,19.4,era5
2024-11-28 06:00:00,-14.8,85,0.0,0.0,1022.5,4.8,12.6,era5
2024-11-28 07:00:00,-15.2,83,0.0,0.0,1022.4,3.5,9.0,era5
2024-11-28 08:00:00,-14.8,83,0.0,0.0,1022.2,3.8,7.9,era5
2024-11-28 09:00:00,-14.9,82,0.0,0.0,1022.2,2.1,7.6,era5
2024-11-28 10:00:00,-14.3,83,0.0,0.0,1022.5,2.1,4.3,era5
2024-11-28 11:00:00,-14.5,87,0.0,0.0,1022.6,2.1,3.6,era5
2024-11-28 12:00:00,-14.0,88,0.0,0.0,1022.1,1.8,4.0,era5
2024-11-28 13:00:00,-13.9,88,0.0,0.0,1022.0,1.5,3.6,era5
2024-11-28 14:00:00,-13.7,88,0.0,0.0,1021.8,2.2,4.0,era5
2024-11-28 15:00:00,-13.4,89,0.0,0.0,1021.5,3.8,6.1,era5
2024-11-28 16:00:00,-14.3,87,0.0,0.0,1021.3,1.2,3.6,era5
2024-11-28 17:00:00,-13.9,88,0.0,0.0,1020.7,4.1,6.5,era5
2024-11-28 18:00:00,-12.9,89,0.0,0.0,1020.3,7.6,12.6,era5
2024-11-28 19:00:00,-12.0,88,0.0,0.0,1019.9,8.6,16.2,era5
2024-11-28 20:00:00,-11.0,87,0.0,0.0,1019.5,10.1,18.4,era5
2024-11-28 21:00:00,-10.4,88,0.0,0.0,1018.9,11.9,20.2,era5
2024-11-28 22:00:00,-9.6,90,0.0,0.0,1018.3,11.2,23.8,era5
2024-11-28 23:00:00,-8.8,90,0.0,0.0,1017.7,11.1,24.5,era5
2024-11-29 00:00:00,-8.6,92,0.0,0.0,1016.9,11.7,22.0,era5
2024-11-29 01:00:00,-8.0,92,0.0,0.0,1015.9,12.2,20.5,era5
2024-11-29 02:00:00,-7.4,93,0.0,0.0,1014.8,11.2,23.0,era5
2024-11-29 03:00:00,-7.1,93,0.0,0.0,1013.6,12.3,20.5,era5
2024-11-29 04:00:00,-7.1,93,0.0,0.0,1012.5,13.7,22.3,era5
2024-11-29 05:00:00,-6.4,94,0.0,0.0,1011.1,15.0,24.8,era5
2024-11-29 06:00:00,-4.6,97,0.0,0.0,1009.7,15.2,28.1,era5
2024-11-29 07:00:00,-2.1,98,0.0,0.0,1007.8,18.4,36.7,era5
2024-11-29 08:00:00,-1.2,94,0.0,0.0,1006.3,20.1,41.8,era5
2024-11-29 09:00:00,-0.8,90,0.0,0.0,1005.5,18.7,42.1,era5
2024-11-29 10:00:00,-0.7,88,0.0,0.0,1005.1,16.5,39.2,era5
2024-11-29 11:00:00,-0.4,88,0.0,0.0,1004.4,14.3,34.6,era5
2024-11-29 12:00:00,-0.0,88,0.0,0.0,1004.1,12.9,30.2,era5
2024-11-29 13:00:00,0.2,88,0.0,0.0,1003.5,14.6,30.2,era5
2024-11-29 14:00:00,0.1,87,0.0,0.0,1003.4,15.6,32.0,era5
2024-11-29 15:00:00,-0.5,85,0.0,0.0,1003.2,17.3,36.0,era5
2024-11-29 16:00:00,-0.9,82,0.0,0.0,1002.9,18.0,37.4,era5
2024-11-29 17:00:00,-2.3,79,0.0,0.0,1002.7,16.6,37.4,era5
2024-11-29 18:00:00,-3.4,77,0.0,0.0,1003.5,14.3,33.8,era5
2024-11-29 19:00:00,-4.3,77,0.0,0.0,1004.1,13.1,28.8,era5
2024-11-29 20:00:00,-5.1,79,0.0,0.0,1004.5,11.9,25.9,era5
2024-11-29 21:00:00,-6.0,81,0.0,0.0,1004.8,10.9,23.4,era5
2024-11-29 22:00:00,-6.7,84,0.0,0.0,1005.3,10.0,20.9,era5
2024-11-29 23:00:00,-7.4,80,0.0,0.0,1006.0,9.2,18.0,era5
2024-11-30 00:00:00,-7.9,79,0.0,0.0,1006.9,8.1,16.2,era5
2024-11-30 01:00:00,-8.5,80,0.0,0.0,1007.4,9.8,16.6,era5
2024-11-30 02:00:00,-8.5,80,0.0,0.0,1008.1,12.7,21.6,era5
2024-11-30 03:00:00,-7.1,80,0.0,0.0,1009.0,14.6,28.1,era5
2024-11-30 04:00:00,-7.5,85,0.0,0.0,1009.2,13.8,24.8,era5
2024-11-30 05:00:00,-6.8,80,0.0,0.0,1010.0,16.3,31.7,era5
2024-11-30 06:00:00,-6.9,79,0.0,0.0,1010.7,15.7,32.4,era5
2024-11-30 07:00:00,-7.2,77,0.0,0.0,1011.4,14.6,31.0,era5
2024-11-30 08:00:00,-7.6,78,0.0,0.0,1011.8,13.2,28.8,era5
2024-11-30 09:00:00,-8.4,82,0.0,0.0,1012.4,10.9,25.9,era5
2024-11-30 10:00:00,-9.6,82,0.0,0.0,1013.1,9.6,20.5,era5
2024-11-30 11:00:00,-10.4,80,0.0,0.0,1013.6,9.1,17.3,era5
2024-11-30 12:00:00,-11.0,80,0.0,0.0,1013.6,8.5,16.2,era5
2024-11-30 13:00:00,-11.3,80,0.0,0.0,1013.6,7.7,15.8,era5
2024-11-30 14:00:00,-12.5,82,0.0,0.0,1013.7,6.6,14.0,era5
2024-11-30 15:00:00,-13.5,84,0.0,0.0,1013.4,6.6,11.5,era5
2024-11-30 16:00:00,-14.7,87,0.0,0.0,1013.2,10.1,17.3,era5
2024-11-30 17:00:00,-14.9,89,0.0,0.0,1012.5,9.5,16.9,era5
2024-11-30 18:00:00,-15.3,89,0.0,0.0,1012.0,11.0,17.6,era5
2024-11-30 19:00:00,-15.4,89,0.0,0.0,1011.2,10.4,18.7,era5
2024-11-30 20:00:00,-15.6,89,0.0,0.0,1010.8,9.8,16.9,era5
2024-11-30 21:00:00,-15.7,89,0.0,0.0,1010.6,7.9,16.2,era5
2024-11-30 22:00:00,-16.4,90,0.0,0.0,1010.3,5.8,12.6,era5
2024-11-30 23:00:00,-16.4,89,0.0,0.0,1009.8,3.2,9.0,era5
2024-12-01 00:00:00,-16.5,89,0.0,0.0,1009.2,2.1,5.8,era5
2024-12-01 01:00:00,-16.6,88,0.0,0.0,1008.9,2.1,4.7,era5
2024-12-01 02:00:00,-16.9,87,0.0,0.0,1008.7,1.0,4.3,era5
2024-12-01 03:00:00,-16.6,83,0.0,0.0,1008.5,1.3,4.0,era5
2024-12-01 04:00:00,-16.9,82,0.0,0.0,1007.9,2.2,5.0,era5
2024-12-01 05:00:00,-16.4,83,0.0,0.0,1007.8,2.2,5.0,era5
2024-12-01 06:00:00,-16.3,85,0.0,0.0,1007.8,0.9,5.0,era5
2024-12-01 07:00:00,-16.1,86,0.0,0.0,1007.6,1.2,3.6,era5
2024-12-01 08:00:00,-15.5,85,0.0,0.0,1007.4,1.0,4.0,era5
2024-12-01 09:00:00,-15.6,86,0.0,0.0,1007.0,2.0,4.3,era5
2024-12-01 10:00:00,-14.2,86,0.0,0.0,1007.5,2.1,5.4,era5
2024-12-01 11:00:00,-12.8,83,0.0,0.0,1007.2,0.7,4.7,era5
2024-12-01 12:00:00,-12.1,84,0.0,0.0,1007.7,3.3,7.2,era5
2024-12-01 13:00:00,-11.2,85,0.0,0.0,1007.3,3.2,7.2,era5
2024-12-01 14:00:00,-10.4,86,0.0,0.0,1007.1,3.2,6.8,era5
2024-12-01 15:00:00,-9.7,85,0.0,0.0,1006.3,1.3,6.1,era5
2024-12-01 16:00:00,-9.4,88,0.2,0.14,1005.8,2.3,4.7,era5
2024-12-01 17:00:00,-8.9,84,0.2,0.14,1005.7,4.8,9.4,era5
2024-12-01 18:00:00,-8.4,86,0.4,0.28,1005.1,5.5,11.2,era5
2024-12-01 19:00:00,-7.8,88,0.7,0.49,1003.8,6.3,12.6,era5
2024-12-01 20:00:00,-7.1,90,0.6,0.42,1002.2,8.0,15.5,era5
2024-12-01 21:00:00,-6.4,93,0.5,0.35,1000.7,8.7,17.3,era5
2024-12-01 22:00:00,-5.6,94,0.9,0.63,999.7,8.5,16.9,era5
2024-12-01 23:00:00,-4.5,94,1.1,0.77,998.0,10.6,20.9,era5
2024-12-02 00:00:00,-3.2,93,0.9,0.63,996.4,10.9,21.2,era5
2024-12-02 01:00:00,-2.1,95,0.5,0.35,994.9,11.7,22.7,era5
2024-12-02 02:00:00,-1.2,98,0.1,0.0,993.7,11.8,23.8,era5
2024-12-02 03:00:00,-0.4,100,0.0,0.0,992.4,13.1,25.9,era5
2024-12-02 04:00:00,0.4,100,0.4,0.0,991.2,13.0,26.3,era5
2024-12-02 05:00:00,1.2,100,0.9,0.35,990.4,14.5,28.1,era5
2024-12-02 06:00:00,2.5,98,0.4,0.0,989.5,16.0,32.8,era5
2024-12-02 07:00:00,3.3,96,0.3,0.0,988.2,16.8,34.6,era5
2024-12-02 08:00:00,4.1,95,0.2,0.0,987.2,18.2,38.2,era5
2024-12-02 09:00:00,4.5,92,0.3,0.0,986.3,17.8,38.5,era5
2024-12-02 10:00:00,4.9,89,0.1,0.0,985.8,15.9,38.2,era5
2024-12-02 11:00:00,5.0,88,0.1,0.0,985.8,13.2,33.5,era5
2024-12-02 12:00:00,4.7,89,0.0,0.0,985.7,14.9,31.0,era5
2024-12-02 13:00:00,4.9,88,0.0,0.0,985.6,15.0,31.7,era5
2024-12-02 14:00:00,4.7,91,0.0,0.0,985.5,14.7,31.7,era5
2024-12-02 15:00:00,4.6,91,0.0,0.0,985.6,15.8,33.1,era5
2024-12-02 16:00:00,4.9,90,0.0,0.0,985.3,17.0,35.3,era5
2024-12-02 17:00:00,4.7,88,0.1,0.0,986.4,16.1,36.0,era5
2024-12-02 18:00:00,3.0,76,0.0,0.0,987.8,18.0,37.4,era5
2024-12-02 19:00:00,-1.1,73,0.0,0.0,990.0,20.6,43.6,era5
2024-12-02 20:00:00,-4.0,77,0.0,0.0,991.2,16.7,43.9,era5
2024-12-02 21:00:00,-5.2,81,0.0,0.0,992.0,15.5,34.9,era5
2024-12-02 22:00:00,-5.7,83,0.0,0.0,992.8,14.0,31.3,era5
2024-12-02 23:00:00,-5.8,84,0.0,0.0,993.7,13.5,28.4,era5
2024-12-03 00:00:00,-6.3,86,0.0,0.0,994.6,13.3,27.0,era5
2024-12-03 01:00:00,-6.6,86,0.0,0.0,995.0,13.5,26.3,era5
2024-12-03 02:00:00,-7.1,88,0.0,0.0,995.4,12.8,26.3,era5
2024-12-03 03:00:00,-7.8,88,0.0,0.0,996.1,10.8,24.5,era5
2024-12-03 04:00:00,-9.1,85,0.0,0.0,996.8,6.5,18.0,era5
2024-12-03 05:00:00,-9.9,85,0.0,0.0,997.5,3.9,11.2,era5
2024-12-03 06:00:00,-11.2,88,0.0,0.0,998.1,3.9,7.9,era5
2024-12-03 07:00:00,-12.3,90,0.0,0.0,998.5,4.9,8.6,era5
2024-12-03 08:00:00,-12.8,93,0.0,0.0,998.8,3.1,8.6,era5
2024-12-03 09:00:00,-13.1,94,0.0,0.0,999.7,1.5,6.5,era5
2024-12-03 10:00:00,-13.6,93,0.0,0.0,1000.2,1.5,4.7,era5
2024-12-03 11:00:00,-13.8,92,0.0,0.0,1000.8,1.2,4.7,era5
2024-12-03 12:00:00,-14.1,93,0.0,0.0,1001.1,0.5,4.0,era5
2024-12-03 13:00:00,-14.5,91,0.0,0.0,1001.5,1.1,4.3,era5
2024-12-03 14:00:00,-14.1,89,0.0,0.0,1002.0,1.1,4.3,era5
2024-12-03 15:00:00,-14.1,86,0.0,0.0,1002.4,2.0,5.4,era5
2024-12-03 16:00:00,-14.3,86,0.0,0.0,1003.2,4.4,7.2,era5
2024-12-03 17:00:00,-13.8,85,0.0,0.0,1004.1,4.6,10.8,era5
2024-12-03 18:00:00,-14.1,84,0.0,0.0,1004.3,7.5,11.2,era5
2024-12-03 19:00:00,-13.1,86,0.0,0.0,1005.0,12.1,20.9,era5
2024-12-03 20:00:00,-10.6,88,0.1,0.07,1005.6,13.4,25.9,era5
2024-12-03 21:00:00,-9.1,88,0.0,0.0,1006.1,15.0,29.2,era5
2024-12-03 22:00:00,-8.1,90,0.0,0.0,1007.1,18.6,36.4,era5
2024-12-03 23:00:00,-7.8,90,0.0,0.0,1008.1,17.1,37.4,era5
2024-12-04 00:00:00,-7.7,89,0.0,0.0,1008.7,16.8,34.2,era5
2024-12-04 01:00:00,-7.0,87,0.0,0.0,1009.4,19.7,39.2,era5
2024-12-04 02:00:00,-6.1,85,0.0,0.0,1010.2,22.3,45.0,era5
2024-12-04 03:00:00,-5.3,82,0.0,0.0,1011.2,22.2,46.4,era5
2024-12-04 04:00:00,-4.3,76,0.0,0.0,1011.7,24.1,50.0,era5
2024-12-04 05:00:00,-4.1,74,0.3,0.21,1012.7,25.2,52.6,era5
2024-12-04 06:00:00,-4.2,72,0.0,0.0,1014.0,25.8,54.7,era5
2024-12-04 07:00:00,-4.5,74,0.0,0.0,1015.2,25.7,54.7,era5
2024-12-04 08:00:00,-4.3,78,0.0,0.0,1016.4,24.1,53.3,era5
2024-12-04 09:00:00,-5.2,79,0.0,0.0,1017.9,21.6,50.0,era5
2024-12-04 10:00:00,-6.5,83,0.0,0.0,1019.7,17.8,44.3,era5
2024-12-04 11:00:00,-7.7,86,0.0,0.0,1021.5,16.3,36.4,era5
2024-12-04 12:00:00,-8.5,86,0.0,0.0,1022.5,14.2,32.4,era5
2024-12-04 13:00:00,-9.2,87,0.0,0.0,1023.4,12.2,27.7,era5
2024-12-04 14:00:00,-9.8,86,0.0,0.0,1024.0,10.2,23.4,era5
2024-12-04 15:00:00,-10.7,81,0.0,0.0,1024.6,5.7,18.7,era5
2024-12-04 16:00:00,-11.0,77,0.0,0.0,1025.5,3.1,11.2,era5
2024-12-04 17:00:00,-11.7,77,0.0,0.0,1026.1,4.1,8.3,era5
2024-12-04 18:00:00,-11.8,78,0.0,0.0,1026.6,3.4,8.6,era5
2024-12-04 19:00:00,-11.9,79,0.0,0.0,1026.8,2.1,7.6,era5
2024-12-04 20:00:00,-12.1,80,0.0,0.0,1027.1,1.4,6.1,era5
2024-12-04 21:00:00,-12.8,81,0.0,0.0,1027.0,1.3,5.0,era5
2024-12-04 22:00:00,-13.8,82,0.0,0.0,1027.6,1.5,4.7,era5
2024-12-04 23:00:00,-14.5,87,0.0,0.0,1028.0,1.2,4.3,era5
2024-12-05 00:00:00,-14.5,88,0.0,0.0,1028.3,0.9,4.3,era5
2024-12-05 01:00:00,-14.9,88,0.0,0.0,1028.5,1.4,5.0,era5
2024-12-05 02:00:00,-15.0,87,0.0,0.0,1028.7,1.9,5.4,era5
2024-12-05 03:00:00,-15.4,86,0.0,0.0,1028.7,2.6,5.8,era5
2024-12-05 04:00:00,-16.1,88,0.0,0.0,1029.0,5.6,8.6,era5
2024-12-05 05:00:00,-15.3,89,0.0,0.0,1028.9,6.6,10.4,era5
2024-12-05 06:00:00,-14.8,88,0.0,0.0,1028.8,10.0,16.2,era5
2024-12-05 07:00:00,-13.8,88,0.0,0.0,1028.5,11.0,19.4,era5
2024-12-05 08:00:00,-12.6,89,0.0,0.0,1028.3,11.1,21.2,era5
2024-12-05 09:00:00,-10.5,91,0.0,0.0,1027.8,11.9,23.4,era5
2024-12-05 10:00:00,-8.4,93,0.0,0.0,1027.3,13.2,26.6,era5
2024-12-05 11:00:00,-7.5,93,0.0,0.0,1027.1,14.9,29.9,era5
2024-12-05 12:00:00,-7.1,92,0.0,0.0,1026.5,15.8,31.7,era5
2024-12-05 13:00:00,-7.1,90,0.0,0.0,1025.8,16.7,33.8,era5
2024-12-05 14:00:00,-7.2,86,0.0,0.0,1025.4,16.2,34.6,era5
2024-12-05 15:00:00,-7.3,84,0.0,0.0,1025.2,16.2,33.5,era5
2024-12-05 16:00:00,-5.3,79,0.0,0.0,1024.9,16.8,38.2,era5
2024-12-05 17:00:00,-4.8,78,0.0,0.0,1024.7,17.2,36.4,era5
2024-12-05 18:00:00,-4.7,78,0.0,0.0,1024.6,17.0,36.7,era5
2024-12-05 19:00:00,-5.3,81,0.0,0.0,1024.4,16.4,36.0,era5
2024-12-05 20:00:00,-6.5,85,0.0,0.0,1024.4,16.3,34.6,era5
2024-12-05 21:00:00,-7.7,89,0.0,0.0,1024.4,14.9,33.5,era5
2024-12-05 22:00:00,-8.8,90,0.0,0.0,1024.6,13.7,30.2,era5
2024-12-05 23:00:00,-9.6,90,0.0,0.0,1024.8,12.9,27.4,era5
2024-12-06 00:00:00,-10.0,89,0.0,0.0,1024.8,12.3,25.6,era5
2024-12-06 01:00:00,-10.2,90,0.0,0.0,1024.7,13.2,25.9,era5
2024-12-06 02:00:00,-10.8,89,0.0,0.0,1024.5,14.4,28.4,era5
2024-12-06 03:00:00,-11.3,89,0.0,0.0,1024.4,15.3,31.0,era5
2024-12-06 04:00:00,-10.2,91,0.0,0.0,1023.4,14.6,31.7,era5
2024-12-06 05:00:00,-9.4,91,0.0,0.0,1023.2,14.2,29.9,era5
2024-12-06 06:00:00,-8.9,91,0.0,0.0,1023.0,13.5,24.8,era5
2024-12-06 07:00:00,-8.4,92,0.0,0.0,1022.6,14.3,23.8,era5
2024-12-06 08:00:00,-7.7,92,0.1,0.07,1022.2,13.8,23.8,era5
2024-12-06 09:00:00,-6.8,93,0.1,0.0,1021.8,13.7,27.4,era5
2024-12-06 10:00:00,-6.0,92,0.0,0.0,1022.0,13.9,28.8,era5
2024-12-06 11:00:00,-5.3,92,0.0,0.0,1022.1,13.3,28.8,era5
2024-12-06 12:00:00,-4.8,92,0.0,0.0,1021.9,13.0,27.7,era5
2024-12-06 13:00:00,-4.3,92,0.0,0.0,1021.5,13.9,28.4,era5
2024-12-06 14:00:00,-3.9,92,0.0,0.0,1021.1,14.2,29.5,era5
2024-12-06 15:00:00,-3.6,92,0.0,0.0,1021.1,14.8,30.6,era5
2024-12-06 16:00:00,-3.4,91,0.0,0.0,1021.4,15.0,31.7,era5
2024-12-06 17:00:00,-3.2,92,0.0,0.0,1021.2,15.2,31.7,era5
2024-12-06 18:00:00,-2.9,92,0.0,0.0,1021.2,15.9,33.5,era5
2024-12-06 19:00:00,-2.8,92,0.0,0.0,1020.9,16.4,34.6,era5
2024-12-06 20:00:00,-2.7,92,0.0,0.0,1020.8,15.7,34.6,era5
2024-12-06 21:00:00,-2.7,92,0.0,0.0,1020.5,15.5,32.8,era5
2024-12-06 22:00:00,-2.7,93,0.2,0.14,1020.4,14.7,32.8,era5
2024-12-06 23:00:00,-2.6,93,0.2,0.14,1020.5,13.8,30.6,era5
2024-12-07 00:00:00,-2.5,93,0.1,0.07,1020.5,12.7,28.8,era5
2024-12-07 01:00:00,-2.3,94,0.1,0.07,1020.4,11.8,26.3,era5
2024-12-07 02:00:00,-2.1,94,0.0,0.0,1020.3,11.4,24.5,era5
2024-12-07 03:00:00,-1.8,94,0.0,0.0,1020.2,13.0,26.3,era5
2024-12-07 04:00:00,-1.7,95,0.1,0.07,1020.1,13.6,28.4,era5
2024-12-07 05:00:00,-1.5,94,0.2,0.14,1020.1,14.2,29.5,era5
2024-12-07 06:00:00,-1.5,94,0.0,0.0,1019.9,14.6,30.6,era5
2024-12-07 07:00:00,-1.5,94,0.0,0.0,1019.8,15.1,31.7,era5
2024-12-07 08:00:00,-1.6,92,0.0,0.0,1019.5,17.0,35.6,era5
2024-12-07 09:00:00,-1.9,91,0.0,0.0,1019.6,16.8,35.6,era5
2024-12-07 10:00:00,-2.3,90,0.0,0.0,1019.8,16.1,35.6,era5
2024-12-07 11:00:00,-2.8,92,0.0,0.0,1020.0,15.8,34.2,era5
2024-12-07 12:00:00,-3.5,95,0.0,0.0,1020.1,15.2,33.5,era5
2024-12-07 13:00:00,-4.1,95,0.0,0.0,1020.0,14.7,32.4,era5
2024-12-07 14:00:00,-4.3,93,0.0,0.0,1020.0,12.7,30.6,era5
2024-12-07 15:00:00,-4.2,90,0.0,0.0,1019.8,14.3,30.2,era5
2024-12-07 16:00:00,-3.9,91,0.0,0.0,1019.4,14.6,31.0,era5
2024-12-07 17:00:00,-3.6,90,0.0,0.0,1019.4,13.9,30.6,era5
2024-12-07 18:00:00,-3.3,91,0.0,0.0,1019.1,14.1,29.2,era5
2024-12-07 19:00:00,-3.1,92,0.0,0.0,1019.2,14.2,29.9,era5
2024-12-07 20:00:00,-2.9,92,0.0,0.0,1019.3,13.7,29.5,era5
2024-12-07 21:00:00,-2.6,92,0.0,0.0,1019.2,13.3,28.4,era5
2024-12-07 22:00:00,-2.5,93,0.0,0.0,1019.2,12.8,27.7,era5
2024-12-07 23:00:00,-2.2,93,0.0,0.0,1019.5,12.6,26.3,era5
2024-12-08 00:00:00,-2.0,94,0.0,0.0,1019.6,12.6,26.3,era5
2024-12-08 01:00:00,-1.8,94,0.0,0.0,1019.5,12.7,26.3,era5
2024-12-08 02:00:00,-1.7,93,0.0,0.0,1019.5,12.7,26.3,era5
2024-12-08 03:00:00,-1.6,93,0.0,0.0,1019.5,13.4,27.7,era5
2024-12-08 04:00:00,-1.3,94,0.0,0.0,1019.5,14.1,29.5,era5
2024-12-08 05:00:00,-1.2,93,0.0,0.0,1019.4,14.0,29.9,era5
2024-12-08 06:00:00,-1.0,92,0.0,0.0,1019.3,13.1,28.8,era5
2024-12-08 07:00:00,-1.0,92,0.0,0.0,1019.1,13.3,27.4,era5
2024-12-08 08:00:00,-1.0,92,0.0,0.0,1019.0,13.4,27.7,era5
2024-12-08 09:00:00,-1.1,92,0.0,0.0,1018.9,13.5,28.1,era5
2024-12-08 10:00:00,-1.1,90,0.0,0.0,1019.3,13.4,28.1,era5
2024-12-08 11:00:00,-1.3,87,0.0,0.0,1019.5,13.1,28.1,era5
2024-12-08 12:00:00,-1.6,86,0.0,0.0,1019.5,13.4,28.1,era5
2024-12-08 13:00:00,-2.5,88,0.0,0.0,1019.5,13.6,28.4,era5
2024-12-08 14:00:00,-2.5,88,0.0,0.0,1019.3,14.2,29.5,era5
2024-12-08 15:00:00,-2.6,89,0.1,0.07,1018.9,13.5,29.5,era5
2024-12-08 16:00:00,-2.5,91,0.2,0.14,1018.7,13.6,28.8,era5
2024-12-08 17:00:00,-2.5,92,0.3,0.21,1018.5,13.3,28.4,era5
2024-12-08 18:00:00,-2.5,92,0.5,0.35,1018.3,12.8,27.7,era5
2024-12-08 19:00:00,-2.5,93,0.3,0.21,1018.2,11.2,26.6,era5
2024-12-08 20:00:00,-2.4,93,0.0,0.0,1018.1,10.1,22.7,era5
2024-12-08 21:00:00,-2.1,93,0.0,0.0,1017.8,9.2,20.5,era5
2024-12-08 22:00:00,-1.8,93,0.0,0.0,1017.8,8.8,18.4,era5
2024-12-08 23:00:00,-1.4,93,0.0,0.0,1017.6,8.3,17.3,era5
2024-12-09 00:00:00,-1.3,94,0.1,0.07,1017.8,7.5,16.2,era5
2024-12-09 01:00:00,-0.9,93,0.1,0.07,1017.7,6.1,14.0,era5
2024-12-09 02:00:00,-1.1,93,0.0,0.0,1018.0,10.8,19.1,era5
2024-12-09 03:00:00,-1.6,88,0.0,0.0,1018.7,12.7,24.5,era5
2024-12-09 04:00:00,-2.3,88,0.0,0.0,1019.0,12.4,25.2,era5
2024-12-09 05:00:00,-1.7,83,0.0,0.0,1019.5,14.8,29.2,era5
2024-12-09 06:00:00,-0.3,79,0.0,0.0,1020.1,17.5,35.6,era5
2024-12-09 07:00:00,0.5,84,0.0,0.0,1020.6,18.3,38.5,era5
2024-12-09 08:00:00,1.1,84,0.0,0.0,1021.2,18.9,39.6,era5
2024-12-09 09:00:00,1.1,81,0.0,0.0,1022.0,18.4,39.6,era5
2024-12-09 10:00:00,0.5,79,0.0,0.0,1023.0,19.1,40.0,era5
2024-12-09 11:00:00,-0.8,82,0.0,0.0,1023.4,15.7,40.0,era5
2024-12-09 12:00:00,-2.4,88,0.0,0.0,1023.3,12.6,31.7,era5
2024-12-09 13:00:00,-3.2,89,0.0,0.0,1023.3,11.1,24.5,era5
2024-12-09 14:00:00,-4.0,89,0.0,0.0,1023.1,10.2,21.2,era5
2024-12-09 15:00:00,-4.4,87,0.0,0.0,1022.9,11.9,22.3,era5
2024-12-09 16:00:00,-3.1,83,0.0,0.0,1021.6,10.7,20.9,era5
2024-12-09 17:00:00,-2.9,84,0.0,0.0,1020.4,10.0,21.2,era5
2024-12-09 18:00:00,-3.1,84,0.0,0.0,1019.3,12.4,24.8,era5
2024-12-09 19:00:00,-3.4,84,0.0,0.0,1018.0,10.3,25.6,era5
2024-12-09 20:00:00,-3.0,82,0.0,0.0,1016.6,10.8,22.7,era5
2024-12-09 21:00:00,-2.8,81,0.0,0.0,1015.4,8.6,22.3,era5
2024-12-09 22:00:00,-4.2,88,0.0,0.0,1014.4,8.3,17.6,era5
2024-12-09 23:00:00,-4.5,90,0.0,0.0,1013.7,8.3,15.1,era5
2024-12-10 00:00:00,-3.4,89,0.1,0.07,1012.7,8.8,16.9,era5
2024-12-10 01:00:00,-2.7,88,0.1,0.07,1011.6,7.4,17.3,era5
2024-12-10 02:00:00,-1.9,87,0.0,0.0,1010.6,6.8,14.0,era5
2024-12-10 03:00:00,-1.4,87,0.0,0.0,1010.0,5.1,13.0,era5
2024-12-10 04:00:00,-3.1,86,0.0,0.0,1009.5,4.0,10.4,era5
2024-12-10 05:00:00,-3.6,84,0.0,0.0,1008.7,4.7,9.7,era5
2024-12-10 06:00:00,-1.6,84,0.0,0.0,1007.5,7.4,13.3,era5
2024-12-10 07:00:00,0.8,86,0.0,0.0,1006.2,9.5,18.4,era5
2024-12-10 08:00:00,1.8,87,0.0,0.0,1005.5,10.7,19.4,era5
2024-12-10 09:00:00,2.6,87,0.2,0.0,1004.4,11.9,23.4,era5
2024-12-10 10:00:00,3.3,86,0.6,0.0,1003.8,12.1,25.2,era5
2024-12-10 11:00:00,3.4,86,0.3,0.0,1003.0,11.7,25.2,era5
2024-12-10 12:00:00,3.1,88,0.0,0.0,1002.3,10.2,24.1,era5
2024-12-10 13:00:00,3.3,87,0.0,0.0,1002.1,8.9,20.9,era5
2024-12-10 14:00:00,3.2,88,0.0,0.0,1001.8,8.4,18.4,era5
2024-12-10 15:00:00,1.8,92,0.0,0.0,1001.6,8.7,16.9,era5
2024-12-10 16:00:00,0.7,93,0.0,0.0,1001.6,7.9,14.4,era5
2024-12-10 17:00:00,0.1,90,0.0,0.0,1001.3,6.4,14.4,era5
2024-12-10 18:00:00,0.6,88,0.0,0.0,1000.9,8.9,15.8,era5
2024-12-10 19:00:00,1.5,88,0.0,0.0,1000.5,13.7,24.1,era5
2024-12-10 20:00:00,3.2,84,0.0,0.0,1000.2,14.8,28.8,era5
2024-12-10 21:00:00,3.2,83,0.0,0.0,1000.0,16.6,33.5,era5
2024-12-10 22:00:00,2.4,87,0.0,0.0,999.6,16.8,33.8,era5
2024-12-10 23:00:00,1.6,92,0.0,0.0,999.4,15.6,34.2,era5
2024-12-11 00:00:00,0.9,95,0.0,0.0,999.1,12.0,31.3,era5
2024-12-11 01:00:00,0.2,98,0.0,0.0,998.8,9.4,23.4,era5
2024-12-11 02:00:00,0.2,98,0.0,0.0,998.8,9.5,18.7,era5
2024-12-11 03:00:00,-0.2,97,0.0,0.0,998.8,10.7,20.2,era5
2024-12-11 04:00:00,-0.2,97,0.0,0.0,998.3,11.7,22.7,era5
2024-12-11 05:00:00,-0.5,95,0.0,0.0,998.5,15.9,31.7,era5
2024-12-11 06:00:00,-0.6,92,0.0,0.0,998.6,17.3,35.6,era5
2024-12-11 07:00:00,-1.2,92,0.0,0.0,998.7,16.8,35.6,era5
2024-12-11 08:00:00,-1.2,88,0.0,0.0,998.9,17.6,36.0,era5
2024-12-11 09:00:00,-1.1,86,0.0,0.0,999.1,18.8,38.9,era5
2024-12-11 10:00:00,-1.3,87,0.0,0.0,999.8,19.1,39.6,era5
2024-12-11 11:00:00,-1.9,87,0.0,0.0,1000.4,20.1,41.4,era5
2024-12-11 12:00:00,-2.3,85,0.0,0.0,1000.9,20.5,42.1,era5
2024-12-11 13:00:00,-2.6,82,0.0,0.0,1000.7,21.2,43.9,era5
2024-12-11 14:00:00,-2.8,80,0.0,0.0,1000.9,22.2,46.4,era5
2024-12-11 15:00:00,-3.0,78,0.0,0.0,1001.0,23.1,47.5,era5
2024-12-11 16:00:00,-2.1,72,0.0,0.0,1001.3,25.0,52.9,era5
2024-12-11 17:00:00,-2.2,70,0.0,0.0,1001.3,25.2,52.9,era5
2024-12-11 18:00:00,-2.2,69,0.1,0.07,1001.6,29.0,62.6,era5
2024-12-11 19:00:00,-2.7,67,0.2,0.14,1002.1,30.0,64.4,era5
2024-12-11 20:00:00,-3.0,74,0.3,0.21,1002.9,27.7,62.6,era5
2024-12-11 21:00:00,-1.9,73,0.9,0.63,1003.5,28.2,60.1,era5
2024-12-11 22:00:00,-2.8,73,0.0,0.0,1004.1,26.2,59.4,era5
2024-12-11 23:00:00,-4.0,78,0.0,0.0,1004.9,23.6,55.1,era5
2024-12-12 00:00:00,-5.1,81,0.0,0.0,1005.3,21.0,49.3,era5
2024-12-12 01:00:00,-5.6,80,0.0,0.0,1005.3,19.8,43.6,era5
2024-12-12 02:00:00,-6.5,82,0.0,0.0,1005.3,18.8,41.4,era5
2024-12-12 03:00:00,-7.0,82,0.0,0.0,1005.4,17.1,38.9,era5
2024-12-12 04:00:00,-7.3,87,0.0,0.0,1006.0,15.4,33.5,era5
2024-12-12 05:00:00,-7.8,87,0.0,0.0,1005.8,16.3,31.7,era5
2024-12-12 06:00:00,-7.8,80,0.0,0.0,1006.0,18.2,36.4,era5
2024-12-12 07:00:00,-6.8,69,0.0,0.0,1005.6,18.3,38.5,era5
2024-12-12 08:00:00,-6.6,67,0.0,0.0,1004.9,20.7,42.5,era5
2024-12-12 09:00:00,-6.2,64,0.1,0.07,1004.0,23.7,49.0,era5
2024-12-12 10:00:00,-5.8,66,0.5,0.35,1003.6,25.9,55.4,era5
2024-12-12 11:00:00,-5.1,69,0.3,0.21,1003.0,25.6,61.9,era5
2024-12-12 12:00:00,-3.7,72,0.1,0.07,1002.7,37.0,76.7,era5
2024-12-12 13:00:00,-3.7,73,0.2,0.14,1004.7,32.7,78.8,era5
2024-12-12 14:00:00,-4.0,69,0.0,0.0,1006.2,30.2,69.1,era5
2024-12-12 15:00:00,-4.9,70,0.0,0.0,1007.8,28.0,64.4,era5
2024-12-12 16:00:00,-5.9,76,0.0,0.0,1009.3,29.3,61.9,era5
2024-12-12 17:00:00,-6.3,74,0.0,0.0,1010.2,27.6,61.9,era5
2024-12-12 18:00:00,-6.9,74,0.0,0.0,1011.1,24.6,58.3,era5
2024-12-12 19:00:00,-7.5,74,0.0,0.0,1011.7,22.7,51.8,era5
2024-12-12 20:00:00,-7.9,75,0.0,0.0,1012.2,22.1,47.5,era5
2024-12-12 21:00:00,-8.4,77,0.0,0.0,1012.7,21.1,46.1,era5
2024-12-12 22:00:00,-8.5,76,0.0,0.0,1013.1,20.3,43.9,era5
2024-12-12 23:00:00,-8.8,75,0.0,0.0,1013.9,20.0,43.2,era5
2024-12-13 00:00:00,-8.8,73,0.0,0.0,1014.4,19.7,41.4,era5
2024-12-13 01:00:00,-8.8,73,0.0,0.0,1014.8,18.9,41.4,era5
2024-12-13 02:00:00,-9.0,74,0.0,0.0,1014.7,18.2,39.2,era5
2024-12-13 03:00:00,-9.4,74,0.0,0.0,1014.9,18.6,38.5,era5
2024-12-13 04:00:00,-9.4,81,0.0,0.0,1014.3,20.4,41.8,era5
2024-12-13 05:00:00,-9.5,81,0.0,0.0,1014.1,21.1,43.6,era5
2024-12-13 06:00:00,-9.6,81,0.0,0.0,1014.4,21.5,44.6,era5
2024-12-13 07:00:00,-9.4,80,0.1,0.07,1014.3,21.6,45.0,era5
2024-12-13 08:00:00,-9.5,77,0.0,0.0,1014.4,20.5,45.4,era5
2024-12-13 09:00:00,-9.7,82,0.0,0.0,1014.1,19.9,42.5,era5
2024-12-13 10:00:00,-9.8,83,0.0,0.0,1014.0,19.6,41.4,era5
2024-12-13 11:00:00,-10.1,84,0.0,0.0,1013.9,18.9,40.3,era5
2024-12-13 12:00:00,-10.3,84,0.0,0.0,1013.8,19.4,39.6,era5
2024-12-13 13:00:00,-10.2,82,0.0,0.0,1013.3,19.7,40.3,era5
2024-12-13 14:00:00,-10.7,84,0.0,0.0,1013.2,18.6,40.0,era5
2024-12-13 15:00:00,-10.9,84,0.0,0.0,1013.2,18.1,37.8,era5
2024-12-13 16:00:00,-11.8,87,0.0,0.0,1013.5,18.9,38.5,era5
2024-12-13 17:00:00,-12.0,87,0.0,0.0,1013.3,17.8,38.2,era5
2024-12-13 18:00:00,-12.2,86,0.0,0.0,1013.2,18.4,37.1,era5
2024-12-13 19:00:00,-12.4,86,0.0,0.0,1012.8,17.7,37.1,era5
2024-12-13 20:00:00,-12.8,86,0.0,0.0,1012.7,16.2,35.3,era5
2024-12-13 21:00:00,-13.1,86,0.0,0.0,1012.7,15.5,32.0,era5
2024-12-13 22:00:00,-13.4,86,0.0,0.0,1012.6,15.1,30.6,era5
2024-12-13 23:00:00,-13.6,85,0.0,0.0,1012.5,14.7,29.9,era5
2024-12-14 00:00:00,-13.8,85,0.0,0.0,1012.4,15.8,31.0,era5
2024-12-14 01:00:00,-13.8,85,0.0,0.0,1011.8,15.1,32.0,era5
2024-12-14 02:00:00,-14.2,85,0.0,0.0,1011.7,14.6,29.9,era5
2024-12-14 03:00:00,-14.4,85,0.0,0.0,1011.7,14.8,31.0,era5
2024-12-14 04:00:00,-15.7,84,0.0,0.0,1011.5,16.6,33.1,era5
2024-12-14 05:00:00,-15.8,85,0.0,0.0,1011.2,16.2,33.5,era5
2024-12-14 06:00:00,-15.9,84,0.0,0.0,1010.9,15.4,32.4,era5
2024-12-14 07:00:00,-15.9,85,0.0,0.0,1010.6,14.9,31.0,era5
2024-12-14 08:00:00,-15.9,85,0.0,0.0,1010.4,13.9,29.5,era5
2024-12-14 09:00:00,-16.4,85,0.0,0.0,1010.1,13.7,27.7,era5
2024-12-14 10:00:00,-16.8,84,0.0,0.0,1010.3,12.8,27.0,era5
2024-12-14 11:00:00,-17.3,84,0.0,0.0,1010.5,11.7,25.2,era5
2024-12-14 12:00:00,-17.6,84,0.0,0.0,1010.3,11.3,23.0,era5
2024-12-14 13:00:00,-17.9,84,0.0,0.0,1009.9,11.5,22.3,era5
2024-12-14 14:00:00,-18.0,84,0.0,0.0,1009.4,11.2,22.7,era5
2024-12-14 15:00:00,-18.3,84,0.0,0.0,1009.2,11.0,21.6,era5
2024-12-14 16:00:00,-19.5,82,0.0,0.0,1009.1,12.2,25.9,era5
2024-12-14 17:00:00,-19.5,82,0.0,0.0,1008.9,12.1,24.1,era5
2024-12-14 18:00:00,-19.7,82,0.0,0.0,1008.6,12.3,24.1,era5
2024-12-14 19:00:00,-20.1,82,0.0,0.0,1008.3,12.2,23.8,era5
2024-12-14 20:00:00,-20.2,82,0.0,0.0,1008.2,12.6,24.8,era5
2024-12-14 21:00:00,-20.2,82,0.0,0.0,1008.0,12.4,24.8,era5
2024-12-14 22:00:00,-20.2,82,0.0,0.0,1008.0,11.2,24.5,era5
2024-12-14 23:00:00,-20.3,83,0.0,0.0,1008.1,10.4,21.6,era5
2024-12-15 00:00:00,-20.3,82,0.0,0.0,1008.1,10.1,20.5,era5
2024-12-15 01:00:00,-20.3,82,0.0,0.0,1007.9,9.9,19.8,era5
2024-12-15 02:00:00,-20.4,82,0.0,0.0,1007.6,10.5,20.9,era5
2024-12-15 03:00:00,-20.4,82,0.0,0.0,1007.6,10.8,21.6,era5
2024-12-15 04:00:00,-22.6,80,0.0,0.0,1008.2,10.5,23.0,era5
2024-12-15 05:00:00,-22.8,79,0.0,0.0,1008.1,10.3,20.9,era5
2024-12-15 06:00:00,-22.8,79,0.0,0.0,1008.0,9.2,19.8,era5
2024-12-15 07:00:00,-22.6,79,0.0,0.0,1007.9,9.5,18.4,era5
2024-12-15 08:00:00,-22.4,79,0.0,0.0,1007.7,8.5,18.4,era5
2024-12-15 09:00:00,-22.4,79,0.0,0.0,1007.5,7.2,15.8,era5
2024-12-15 10:00:00,-22.4,79,0.0,0.0,1007.7,6.7,13.3,era5
2024-12-15 11:00:00,-22.3,78,0.0,0.0,1007.5,6.2,12.6,era5
2024-12-15 12:00:00,-23.0,78,0.0,0.0,1007.0,4.4,11.5,era5
2024-12-15 13:00:00,-23.0,80,0.0,0.0,1006.4,3.5,6.8,era5
2024-12-15 14:00:00,-23.1,80,0.0,0.0,1006.1,2.1,5.4,era5
2024-12-15 15:00:00,-23.4,80,0.0,0.0,1005.6,1.0,3.6,era5
2024-12-15 16:00:00,-24.2,77,0.0,0.0,1005.9,7.2,19.4,era5
2024-12-15 17:00:00,-24.3,77,0.0,0.0,1005.2,5.0,13.0,era5
2024-12-15 18:00:00,-23.8,78,0.0,0.0,1004.3,2.6,9.4,era5
2024-12-15 19:00:00,-23.2,77,0.0,0.0,1003.5,0.8,3.6,era5
2024-12-15 20:00:00,-22.4,78,0.0,0.0,1002.9,3.2,5.8,era5
2024-12-15 21:00:00,-21.1,76,0.0,0.0,1002.0,7.7,13.0,era5
2024-12-15 22:00:00,-20.3,79,0.0,0.0,1001.4,9.0,15.5,era5
2024-12-15 23:00:00,-19.5,81,0.0,0.0,1000.7,10.6,18.4,era5
2024-12-16 00:00:00,-18.7,82,0.0,0.0,999.5,9.9,20.9,era5
2024-12-16 01:00:00,-17.9,83,0.0,0.0,998.8,9.4,19.8,era5
2024-12-16 02:00:00,-16.2,84,0.0,0.0,998.0,9.8,20.2,era5
2024-12-16 03:00:00,-15.2,85,0.0,0.0,997.3,11.7,23.4,era5
2024-12-16 04:00:00,-15.7,85,0.0,0.0,996.4,11.9,24.1,era5
2024-12-16 05:00:00,-14.1,86,0.0,0.0,994.4,14.5,30.2,era5
2024-12-16 06:00:00,-12.9,86,0.0,0.0,993.3,14.5,33.1,era5
2024-12-16 07:00:00,-12.5,87,0.0,0.0,992.2,15.5,33.5,era5
2024-12-16 08:00:00,-12.0,88,0.0,0.0,992.0,14.0,33.5,era5
2024-12-16 09:00:00,-12.0,89,0.0,0.0,991.9,11.1,29.9,era5
2024-12-16 10:00:00,-11.9,88,0.0,0.0,991.8,9.9,22.7,era5
2024-12-16 11:00:00,-12.0,88,0.0,0.0,991.5,12.5,25.9,era5
2024-12-16 12:00:00,-12.0,89,0.0,0.0,991.3,11.3,26.3,era5
2024-12-16 13:00:00,-11.9,88,0.0,0.0,991.0,6.9,23.4,era5
2024-12-16 14:00:00,-11.9,87,0.1,0.07,990.8,5.3,14.8,era5
2024-12-16 15:00:00,-12.0,86,0.1,0.07,990.7,5.9,12.6,era5
2024-12-16 16:00:00,-12.2,85,0.1,0.07,989.9,8.1,18.4,era5
2024-12-16 17:00:00,-11.6,85,0.1,0.07,989.5,10.9,21.6,era5
2024-12-16 18:00:00,-11.1,85,0.1,0.07,989.6,14.3,29.2,era5
2024-12-16 19:00:00,-10.7,85,0.1,0.07,989.5,13.9,29.5,era5
2024-12-16 20:00:00,-10.4,85,0.1,0.07,989.7,12.8,28.8,era5
2024-12-16 21:00:00,-10.2,84,0.1,0.07,989.9,13.5,27.7,era5
2024-12-16 22:00:00,-10.2,83,0.1,0.07,990.3,13.5,28.4,era5
2024-12-16 23:00:00,-10.3,82,0.1,0.07,990.8,12.6,28.1,era5
2024-12-17 00:00:00,-10.7,81,0.1,0.07,991.0,12.4,25.9,era5
2024-12-17 01:00:00,-11.1,81,0.1,0.07,991.3,11.2,25.6,era5
2024-12-17 02:00:00,-11.7,82,0.1,0.07,991.6,10.1,23.4,era5
2024-12-17 03:00:00,-12.5,83,0.0,0.0,992.1,9.1,21.6,era5
2024-12-17 04:00:00,-13.8,82,0.0,0.0,992.5,7.9,19.1,era5
2024-12-17 05:00:00,-14.4,83,0.0,0.0,993.0,7.4,16.6,era5
2024-12-17 06:00:00,-15.1,83,0.0,0.0,993.7,7.2,15.1,era5
2024-12-17 07:00:00,-15.3,83,0.0,0.0,994.3,6.8,13.7,era5
2024-12-17 08:00:00,-15.7,82,0.0,0.0,995.2,7.1,13.0,era5
2024-12-17 09:00:00,-16.0,82,0.0,0.0,995.9,8.0,14.0,era5
2024-12-17 10:00:00,-16.4,81,0.0,0.0,996.7,8.2,14.8,era5
2024-12-17 11:00:00,-16.8,81,0.0,0.0,997.5,8.9,15.8,era5
2024-12-17 12:00:00,-16.8,80,0.0,0.0,998.1,9.6,16.9,era5
2024-12-17 13:00:00,-16.4,79,0.0,0.0,998.6,8.8,16.9,era5
2024-12-17 14:00:00,-16.5,80,0.0,0.0,999.1,8.4,15.5,era5
2024-12-17 15:00:00,-16.9,81,0.0,0.0,999.9,8.9,16.2,era5
2024-12-17 16:00:00,-17.8,82,0.0,0.0,1001.0,9.7,19.4,era5
2024-12-17 17:00:00,-17.7,82,0.0,0.0,1001.8,8.6,18.7,era5
2024-12-17 18:00:00,-17.7,82,0.0,0.0,1002.6,8.7,16.6,era5
2024-12-17 19:00:00,-17.7,83,0.0,0.0,1003.3,10.0,18.7,era5
2024-12-17 20:00:00,-17.3,84,0.0,0.0,1003.9,10.9,20.9,era5
2024-12-17 21:00:00,-17.4,84,0.0,0.0,1004.5,10.6,21.2,era5
2024-12-17 22:00:00,-17.5,84,0.0,0.0,1004.9,10.5,20.5,era5
2024-12-17 23:00:00,-18.1,83,0.0,0.0,1005.5,10.6,20.9,era5
2024-12-18 00:00:00,-18.5,84,0.0,0.0,1005.8,10.6,21.2,era5
2024-12-18 01:00:00,-18.5,83,0.0,0.0,1005.9,11.2,22.0,era5
2024-12-18 02:00:00,-18.4,82,0.0,0.0,1006.6,11.7,23.4,era5
2024-12-18 03:00:00,-18.5,82,0.0,0.0,1007.0,12.2,24.1,era5
2024-12-18 04:00:00,-20.9,80,0.0,0.0,1007.6,12.1,26.3,era5
2024-12-18 05:00:00,-21.1,80,0.0,0.0,1008.0,12.1,23.8,era5
2024-12-18 06:00:00,-21.2,79,0.0,0.0,1008.2,11.9,23.8,era5
2024-12-18 07:00:00,-21.4,79,0.0,0.0,1008.1,11.7,23.0,era5
2024-12-18 08:00:00,-21.4,79,0.0,0.0,1008.6,11.9,23.0,era5
2024-12-18 09:00:00,-21.3,78,0.0,0.0,1008.8,12.6,24.1,era5
2024-12-18 10:00:00,-21.2,79,0.0,0.0,1009.0,12.6,24.8,era5
2024-12-18 11:00:00,-21.2,79,0.0,0.0,1009.4,12.4,24.5,era5
2024-12-18 12:00:00,-21.2,79,0.0,0.0,1009.6,12.6,24.5,era5
2024-12-18 13:00:00,-21.2,80,0.0,0.0,1009.4,12.4,24.5,era5
2024-12-18 14:00:00,-21.3,80,0.0,0.0,1009.4,11.7,23.8,era5
2024-12-18 15:00:00,-21.4,80,0.0,0.0,1009.6,11.6,22.7,era5
2024-12-18 16:00:00,-23.4,77,0.0,0.0,1010.2,11.0,25.6,era5
2024-12-18 17:00:00,-23.5,77,0.0,0.0,1010.0,10.2,21.6,era5
2024-12-18 18:00:00,-23.5,78,0.0,0.0,1009.8,9.7,20.2,era5
2024-12-18 19:00:00,-23.7,77,0.0,0.0,1009.3,8.6,19.1,era5
2024-12-18 20:00:00,-24.1,77,0.0,0.0,1008.8,7.7,16.2,era5
2024-12-18 21:00:00,-24.3,76,0.0,0.0,1008.4,7.6,14.0,era5
2024-12-18 22:00:00,-24.7,77,0.0,0.0,1007.9,6.4,13.0,era5
2024-12-18 23:00:00,-25.3,79,0.0,0.0,1007.6,3.9,11.9,era5
2024-12-19 00:00:00,-25.7,80,0.0,0.0,1007.4,2.2,6.1,era5
2024-12-19 01:00:00,-25.8,81,0.0,0.0,1006.9,1.4,3.6,era5
2024-12-19 02:00:00,-26.3,84,0.0,0.0,1006.3,1.3,3.2,era5
2024-12-19 03:00:00,-25.6,85,0.0,0.0,1005.9,1.0,2.9,era5
2024-12-19 04:00:00,-26.1,80,0.0,0.0,1005.3,1.4,2.9,era5
2024-12-19 05:00:00,-25.3,78,0.0,0.0,1004.7,1.0,2.9,era5
2024-12-19 06:00:00,-24.6,78,0.0,0.0,1004.2,1.1,2.2,era5
2024-12-19 07:00:00,-24.0,80,0.0,0.0,1003.6,1.8,3.6,era5
2024-12-19 08:00:00,-22.9,77,0.0,0.0,1003.4,3.0,5.0,era5
2024-12-19 09:00:00,-21.8,78,0.0,0.0,1003.0,4.3,7.6,era5
2024-12-19 10:00:00,-20.7,80,0.0,0.0,1002.6,4.3,7.6,era5
2024-12-19 11:00:00,-19.6,82,0.0,0.0,1002.2,4.3,7.9,era5
2024-12-19 12:00:00,-18.4,84,0.0,0.0,1001.5,4.1,7.6,era5
2024-12-19 13:00:00,-17.3,85,0.0,0.0,1000.5,5.9,10.1,era5
2024-12-19 14:00:00,-16.1,85,0.0,0.0,999.9,6.5,11.9,era5
2024-12-19 15:00:00,-14.8,85,0.0,0.0,999.2,8.6,15.8,era5
2024-12-19 16:00:00,-17.2,81,0.1,0.07,998.2,11.4,18.0,era5
2024-12-19 17:00:00,-14.9,81,0.2,0.14,997.1,12.3,24.8,era5
2024-12-19 18:00:00,-13.7,80,0.2,0.14,996.2,14.1,28.4,era5
2024-12-19 19:00:00,-13.7,83,0.2,0.14,995.3,15.7,32.8,era5
2024-12-19 20:00:00,-13.1,82,0.4,0.28,994.8,15.1,32.4,era5
2024-12-19 21:00:00,-12.1,81,0.5,0.35,993.6,16.9,34.2,era5
2024-12-19 22:00:00,-10.6,81,0.4,0.28,992.1,19.0,38.9,era5
2024-12-19 23:00:00,-9.9,81,0.2,0.14,991.6,18.8,38.9,era5
2024-12-20 00:00:00,-9.5,82,0.2,0.14,991.0,19.1,39.2,era5
2024-12-20 01:00:00,-9.1,81,0.3,0.21,990.8,19.1,40.0,era5
2024-12-20 02:00:00,-8.7,81,0.4,0.28,990.0,20.3,42.5,era5
2024-12-20 03:00:00,-8.3,80,0.4,0.28,989.1,20.4,42.8,era5
2024-12-20 04:00:00,-7.1,81,0.2,0.14,988.0,20.6,43.9,era5
2024-12-20 05:00:00,-7.2,80,0.2,0.14,987.9,19.8,42.8,era5
2024-12-20 06:00:00,-7.6,81,0.2,0.14,987.4,19.7,41.8,era5
2024-12-20 07:00:00,-8.0,81,0.2,0.14,987.0,19.3,41.4,era5
2024-12-20 08:00:00,-8.3,82,0.5,0.35,986.5,18.5,40.3,era5
2024-12-20 09:00:00,-8.4,82,0.7,0.49,986.1,18.7,39.2,era5
2024-12-20 10:00:00,-8.5,81,0.8,0.56,985.7,18.0,38.9,era5
2024-12-20 11:00:00,-8.6,81,0.9,0.63,985.7,17.1,37.8,era5
2024-12-20 12:00:00,-8.8,81,1.0,0.7,985.3,17.6,36.7,era5
2024-12-20 13:00:00,-9.0,81,0.9,0.63,984.8,17.3,37.8,era5
2024-12-20 14:00:00,-9.2,81,0.6,0.42,984.3,17.7,37.1,era5
2024-12-20 15:00:00,-9.3,81,0.4,0.28,983.8,17.6,38.2,era5
2024-12-20 16:00:00,-8.8,81,0.4,0.28,983.1,18.0,37.8,era5
2024-12-20 17:00:00,-8.9,81,0.5,0.35,982.8,18.0,38.5,era5
2024-12-20 18:00:00,-9.0,81,0.8,0.56,982.5,17.4,37.4,era5
2024-12-20 19:00:00,-9.2,81,0.7,0.49,981.9,19.0,39.6,era5
2024-12-20 20:00:00,-9.4,81,0.7,0.49,981.6,18.4,40.3,era5
2024-12-20 21:00:00,-9.3,82,0.9,0.63,981.2,16.7,38.2,era5
2024-12-20 22:00:00,-9.3,83,0.8,0.56,980.9,16.1,34.9,era5
2024-12-20 23:00:00,-9.4,85,0.8,0.56,980.8,14.2,33.5,era5
2024-12-21 00:00:00,-9.6,86,0.8,0.49,980.8,11.9,29.5,era5
2024-12-21 01:00:00,-9.7,87,0.6,0.42,980.7,10.8,24.1,era5
2024-12-21 02:00:00,-9.8,87,0.3,0.21,980.6,9.5,22.0,era5
2024-12-21 03:00:00,-9.9,87,0.3,0.21,980.6,8.0,18.7,era5
2024-12-21 04:00:00,-11.1,88,0.2,0.14,979.7,4.2,9.4,era5
2024-12-21 05:00:00,-11.3,88,0.1,0.07,979.8,3.8,7.6,era5
2024-12-21 06:00:00,-11.3,88,0.2,0.14,979.7,2.9,6.5,era5
2024-12-21 07:00:00,-11.7,88,0.2,0.14,979.6,3.6,6.1,era5
2024-12-21 08:00:00,-11.9,89,0.1,0.07,979.8,4.0,5.8,era5
2024-12-21 09:00:00,-12.3,91,0.1,0.07,979.7,4.2,6.8,era5
2024-12-21 10:00:00,-13.5,93,0.0,0.0,979.8,2.9,6.5,era5
2024-12-21 11:00:00,-13.3,92,0.0,0.0,979.7,3.5,5.8,era5
2024-12-21 12:00:00,-14.0,93,0.0,0.0,979.6,4.1,6.8,era5
2024-12-21 13:00:00,-14.2,91,0.0,0.0,979.7,5.0,7.2,era5
2024-12-21 14:00:00,-14.2,89,0.0,0.0,979.6,7.7,12.6,era5
2024-12-21 15:00:00,-12.7,87,0.0,0.0,979.7,9.7,17.6,era5
2024-12-21 16:00:00,-13.7,85,0.0,0.0,979.8,2.4,4.3,era5
2024-12-21 17:00:00,-14.0,86,0.0,0.0,979.8,4.6,7.2,era5
2024-12-21 18:00:00,-14.0,86,0.1,0.07,979.9,6.6,10.8,era5
2024-12-21 19:00:00,-13.5,86,0.1,0.07,979.8,7.0,11.9,era5
2024-12-21 20:00:00,-12.9,87,0.1,0.07,979.9,7.6,14.0,era5
2024-12-21 21:00:00,-13.1,87,0.1,0.07,980.3,7.2,14.0,era5
2024-12-21 22:00:00,-12.6,87,0.1,0.07,980.6,6.6,14.0,era5
2024-12-21 23:00:00,-13.5,86,0.0,0.0,981.1,7.2,13.0,era5
2024-12-22 00:00:00,-14.1,85,0.0,0.0,981.4,10.2,18.0,era5
2024-12-22 01:00:00,-13.5,88,0.0,0.0,982.0,11.4,21.2,era5
2024-12-22 02:00:00,-12.7,89,0.0,0.0,982.7,10.7,21.6,era5
2024-12-22 03:00:00,-12.2,88,0.0,0.0,983.5,11.9,22.3,era5
2024-12-22 04:00:00,-12.1,88,0.0,0.0,983.8,11.0,22.7,era5
2024-12-22 05:00:00,-12.5,87,0.0,0.0,984.8,11.2,21.6,era5
2024-12-22 06:00:00,-13.1,87,0.0,0.0,985.5,11.1,21.6,era5
2024-12-22 07:00:00,-14.3,85,0.0,0.0,986.5,10.4,21.2,era5
2024-12-22 08:00:00,-15.6,85,0.0,0.0,987.4,9.8,19.4,era5
2024-12-22 09:00:00,-15.9,85,0.0,0.0,988.5,9.6,19.4,era5
2024-12-22 10:00:00,-15.9,85,0.0,0.0,989.3,8.2,18.4,era5
2024-12-22 11:00:00,-16.1,84,0.0,0.0,990.4,7.6,15.8,era5
2024-12-22 12:00:00,-16.8,83,0.0,0.0,991.3,7.5,14.0,era5
2024-12-22 13:00:00,-17.6,84,0.0,0.0,992.1,8.5,14.4,era5
2024-12-22 14:00:00,-17.7,84,0.0,0.0,993.2,7.3,14.4,era5
2024-12-22 15:00:00,-18.5,86,0.0,0.0,994.0,4.2,12.2,era5
2024-12-22 16:00:00,-21.0,81,0.0,0.0,995.2,8.0,14.4,era5
2024-12-22 17:00:00,-21.1,81,0.0,0.0,996.0,8.8,15.1,era5
2024-12-22 18:00:00,-21.2,81,0.0,0.0,996.9,8.4,14.8,era5
2024-12-22 19:00:00,-21.5,82,0.0,0.0,997.6,8.3,14.4,era5
2024-12-22 20:00:00,-21.9,83,0.0,0.0,998.2,8.3,14.4,era5
2024-12-22 21:00:00,-22.0,82,0.0,0.0,998.8,9.7,16.6,era5
2024-12-22 22:00:00,-21.5,81,0.0,0.0,999.7,10.0,18.0,era5
2024-12-22 23:00:00,-21.3,81,0.0,0.0,1000.5,10.7,20.2,era5
2024-12-23 00:00:00,-21.3,81,0.0,0.0,1001.3,8.1,20.2,era5
2024-12-23 01:00:00,-21.7,80,0.0,0.0,1001.7,9.3,16.6,era5
2024-12-23 02:00:00,-21.4,79,0.0,0.0,1002.3,9.4,18.4,era5
2024-12-23 03:00:00,-20.9,81,0.0,0.0,1002.8,10.2,19.1,era5
2024-12-23 04:00:00,-21.7,81,0.0,0.0,1003.4,11.8,24.1,era5
2024-12-23 05:00:00,-20.7,82,0.0,0.0,1003.9,11.2,22.7,era5
2024-12-23 06:00:00,-19.9,83,0.0,0.0,1004.2,11.1,22.0,era5
2024-12-23 07:00:00,-19.3,84,0.0,0.0,1004.5,11.1,21.2,era5
2024-12-23 08:00:00,-18.4,84,0.0,0.0,1004.9,13.1,25.6,era5
2024-12-23 09:00:00,-17.4,84,0.0,0.0,1005.5,13.6,27.0,era5
2024-12-23 10:00:00,-16.4,85,0.0,0.0,1006.1,13.5,27.4,era5
2024-12-23 11:00:00,-15.9,84,0.0,0.0,1006.5,13.7,27.7,era5
2024-12-23 12:00:00,-15.4,81,0.1,0.07,1006.7,14.2,29.5,era5
2024-12-23 13:00:00,-15.5,80,0.1,0.07,1007.1,14.8,30.6,era5
2024-12-23 14:00:00,-15.3,81,0.2,0.14,1007.8,15.8,32.8,era5
2024-12-23 15:00:00,-15.2,82,0.2,0.14,1008.1,16.3,33.1,era5
2024-12-23 16:00:00,-18.3,81,0.2,0.14,1009.1,18.7,35.6,era5
2024-12-23 17:00:00,-18.0,80,0.2,0.14,1009.3,20.0,32.0,era5
2024-12-23 18:00:00,-16.9,83,0.2,0.14,1009.6,16.8,35.3,era5
2024-12-23 19:00:00,-16.3,83,0.1,0.07,1010.1,16.2,32.0,era5
2024-12-23 20:00:00,-15.6,85,0.1,0.07,1010.5,16.8,31.7,era5
2024-12-23 21:00:00,-15.1,85,0.1,0.07,1010.9,15.7,31.0,era5
2024-12-23 22:00:00,-14.4,87,0.1,0.07,1011.3,15.9,30.6,era5
2024-12-23 23:00:00,-14.0,86,0.1,0.07,1011.7,14.8,30.2,era5
2024-12-24 00:00:00,-13.0,87,0.0,0.0,1011.9,13.2,28.4,era5
2024-12-24 01:00:00,-12.1,88,0.0,0.0,1011.9,12.5,26.3,era5
2024-12-24 02:00:00,-11.5,89,0.0,0.0,1012.2,12.3,24.8,era5
2024-12-24 03:00:00,-11.3,89,0.0,0.0,1012.6,12.1,24.5,era5
2024-12-24 04:00:00,-13.1,87,0.0,0.0,1013.3,12.5,24.8,era5
2024-12-24 05:00:00,-12.7,89,0.0,0.0,1013.2,12.1,24.5,era5
2024-12-24 06:00:00,-12.3,88,0.0,0.0,1013.3,11.1,23.4,era5
2024-12-24 07:00:00,-11.7,88,0.0,0.0,1013.3,11.3,22.0,era5
2024-12-24 08:00:00,-11.4,88,0.0,0.0,1013.5,11.1,22.3,era5
2024-12-24 09:00:00,-11.3,89,0.0,0.0,1013.3,10.5,22.0,era5
2024-12-24 10:00:00,-11.2,89,0.0,0.0,1013.3,9.4,20.5,era5
2024-12-24 11:00:00,-11.0,89,0.0,0.0,1013.5,7.7,18.4,era5
2024-12-24 12:00:00,-10.8,89,0.0,0.0,1013.3,5.9,15.5,era5
2024-12-24 13:00:00,-10.6,89,0.0,0.0,1013.1,5.6,11.5,era5
2024-12-24 14:00:00,-10.3,88,0.0,0.0,1013.3,4.0,11.2,era5
2024-12-24 15:00:00,-9.9,88,0.0,0.0,1012.9,4.6,9.7,era5
2024-12-24 16:00:00,-9.9,88,0.1,0.07,1013.1,4.2,11.2,era5
2024-12-24 17:00:00,-9.5,87,0.1,0.07,1012.9,2.8,8.3,era5
2024-12-24 18:00:00,-9.1,88,0.1,0.07,1013.0,5.5,10.1,era5
2024-12-24 19:00:00,-9.0,90,0.0,0.0,1013.1,7.4,14.4,era5
2024-12-24 20:00:00,-9.0,91,0.0,0.0,1013.1,8.5,16.9,era5
2024-12-24 21:00:00,-8.9,91,0.0,0.0,1012.9,9.2,18.7,era5
2024-12-24 22:00:00,-8.9,91,0.0,0.0,1012.7,10.8,20.2,era5
2024-12-24 23:00:00,-8.8,92,0.0,0.0,1013.0,10.3,22.0,era5
2024-12-25 00:00:00,-8.7,91,0.0,0.0,1013.0,9.2,18.7,era5
2024-12-25 01:00:00,-8.4,92,0.0,0.0,1012.8,7.8,16.6,era5
2024-12-25 02:00:00,-8.0,92,0.0,0.0,1013.0,8.8,17.6,era5
2024-12-25 03:00:00,-7.5,93,0.0,0.0,1012.7,10.5,20.5,era5
2024-12-25 04:00:00,-7.2,93,0.0,0.0,1012.2,12.1,24.1,era5
2024-12-25 05:00:00,-6.8,92,0.1,0.07,1011.7,13.6,27.7,era5
2024-12-25 06:00:00,-6.5,92,0.2,0.14,1011.4,14.6,30.2,era5
2024-12-25 07:00:00,-6.3,93,0.1,0.07,1010.7,14.5,30.6,era5
2024-12-25 08:00:00,-6.1,94,0.1,0.07,1010.5,14.6,30.2,era5
2024-12-25 09:00:00,-5.7,93,0.0,0.0,1010.0,14.6,30.2,era5
2024-12-25 10:00:00,-5.1,94,0.0,0.0,1009.5,14.8,30.6,era5
2024-12-25 11:00:00,-4.5,94,0.0,0.0,1009.2,15.0,31.3,era5
2024-12-25 12:00:00,-3.7,95,0.0,0.0,1008.0,15.7,32.4,era5
2024-12-25 13:00:00,-3.0,95,0.0,0.0,1006.8,17.3,35.6,era5
2024-12-25 14:00:00,-2.4,96,0.4,0.28,1005.1,19.1,39.6,era5
2024-12-25 15:00:00,-2.0,96,0.9,0.63,1003.8,19.7,42.5,era5
2024-12-25 16:00:00,-2.1,96,1.6,1.12,1001.4,21.6,45.4,era5
2024-12-25 17:00:00,-1.4,96,1.6,1.12,1000.0,23.2,49.3,era5
2024-12-25 18:00:00,-0.5,97,0.2,0.07,999.2,18.7,49.0,era5
2024-12-25 19:00:00,0.5,92,0.0,0.0,998.6,16.1,39.2,era5
2024-12-25 20:00:00,1.4,90,0.0,0.0,998.4,12.3,33.5,era5
2024-12-25 21:00:00,1.8,88,0.0,0.0,998.4,12.8,24.8,era5
2024-12-25 22:00:00,3.1,75,0.0,0.0,999.0,23.6,48.2,era5
2024-12-25 23:00:00,3.2,71,0.0,0.0,1000.4,24.2,50.4,era5
2024-12-26 00:00:00,3.2,68,0.0,0.0,1001.6,24.9,51.8,era5
2024-12-26 01:00:00,3.0,67,0.0,0.0,1002.4,24.4,52.2,era5
2024-12-26 02:00:00,2.8,66,0.0,0.0,1003.1,26.2,54.7,era5
2024-12-26 03:00:00,2.7,66,0.0,0.0,1004.1,25.9,55.4,era5
2024-12-26 04:00:00,2.1,71,0.0,0.0,1004.7,24.7,54.4,era5
2024-12-26 05:00:00,1.7,73,0.0,0.0,1006.0,23.5,51.8,era5
2024-12-26 06:00:00,1.2,73,0.0,0.0,1007.1,20.3,49.3,era5
2024-12-26 07:00:00,0.5,75,0.0,0.0,1007.7,17.7,42.1,era5
2024-12-26 08:00:00,-0.4,77,0.0,0.0,1008.0,13.6,36.0,era5
2024-12-26 09:00:00,-2.6,83,0.0,0.0,1007.8,7.6,27.0,era5
2024-12-26 10:00:00,-4.4,81,0.0,0.0,1007.8,6.1,13.7,era5
2024-12-26 11:00:00,-4.4,86,0.0,0.0,1007.0,13.8,21.6,era5
2024-12-26 12:00:00,-2.2,86,0.0,0.0,1004.9,13.8,28.8,era5
2024-12-26 13:00:00,-1.9,88,1.4,0.98,1003.4,14.7,32.8,era5
2024-12-26 14:00:00,-1.5,90,0.5,0.35,1000.7,19.4,40.0,era5
2024-12-26 15:00:00,0.1,85,0.0,0.0,998.8,15.9,40.7,era5
2024-12-26 16:00:00,2.8,85,0.6,0.35,996.2,20.0,41.4,era5
2024-12-26 17:00:00,3.8,76,0.2,0.0,997.0,28.2,60.1,era5
2024-12-26 18:00:00,3.1,67,0.0,0.0,999.3,29.7,63.4,era5
2024-12-26 19:00:00,2.4,66,0.0,0.0,1001.1,25.7,63.0,era5
2024-12-26 20:00:00,1.9,69,0.0,0.0,1002.4,24.1,53.6,era5
2024-12-26 21:00:00,1.7,72,0.0,0.0,1003.0,22.3,50.4,era5
2024-12-26 22:00:00,1.8,69,0.0,0.0,1003.3,23.7,49.0,era5
2024-12-26 23:00:00,1.8,66,0.0,0.0,1004.3,25.3,52.9,era5
2024-12-27 00:00:00,1.3,65,0.0,0.0,1005.4,23.2,53.6,era5
2024-12-27 01:00:00,1.1,66,0.0,0.0,1005.8,22.9,48.2,era5
2024-12-27 02:00:00,0.7,69,0.0,0.0,1006.2,19.9,47.2,era5
2024-12-27 03:00:00,0.5,70,0.0,0.0,1006.1,22.0,45.0,era5
2024-12-27 04:00:00,0.1,74,0.0,0.0,1006.1,19.8,45.4,era5
2024-12-27 05:00:00,0.6,72,0.1,0.07,1005.6,19.8,42.5,era5
2024-12-27 06:00:00,0.4,72,0.0,0.0,1005.2,19.7,42.1,era5
2024-12-27 07:00:00,0.6,72,0.0,0.0,1004.9,21.3,43.2,era5
2024-12-27 08:00:00,0.8,72,0.0,0.0,1005.3,24.6,51.1,era5
2024-12-27 09:00:00,1.1,74,0.0,0.0,1005.2,20.4,51.1,era5
2024-12-27 10:00:00,1.2,74,0.0,0.0,1005.1,24.2,50.4,era5
2024-12-27 11:00:00,1.3,74,0.0,0.0,1005.4,23.3,50.8,era5
2024-12-27 12:00:00,1.4,74,0.0,0.0,1005.5,21.8,49.0,era5
2024-12-27 13:00:00,1.2,76,0.0,0.0,1005.3,20.5,45.4,era5
2024-12-27 14:00:00,1.2,78,0.0,0.0,1005.3,21.2,43.6,era5
2024-12-27 15:00:00,1.3,79,0.0,0.0,1005.1,20.1,44.3,era5
2024-12-27 16:00:00,1.2,80,0.0,0.0,1005.5,18.8,41.8,era5
2024-12-27 17:00:00,0.9,80,0.0,0.0,1005.3,18.0,38.5,era5
2024-12-27 18:00:00,0.9,83,0.1,0.07,1005.3,17.5,36.7,era5
2024-12-27 19:00:00,1.8,82,0.0,0.0,1005.3,16.6,37.1,era5
2024-12-27 20:00:00,1.7,81,0.0,0.0,1005.6,14.4,34.2,era5
2024-12-27 21:00:00,1.2,84,0.1,0.07,1005.5,14.3,29.9,era5
2024-12-27 22:00:00,1.4,84,0.0,0.0,1005.8,17.8,36.4,era5
2024-12-27 23:00:00,1.1,84,0.0,0.0,1006.2,16.2,36.7,era5
2024-12-28 00:00:00,0.5,87,0.0,0.0,1006.7,14.4,32.8,era5
2024-12-28 01:00:00,-0.0,89,0.0,0.0,1007.1,14.6,28.8,era5
2024-12-28 02:00:00,-0.3,89,0.0,0.0,1007.5,14.6,29.5,era5
2024-12-28 03:00:00,-0.7,87,0.0,0.0,1008.0,14.1,29.2,era5
2024-12-28 04:00:00,-1.5,92,0.0,0.0,1008.3,11.8,25.6,era5
2024-12-28 05:00:00,-2.0,93,0.0,0.0,1008.7,12.7,23.8,era5
2024-12-28 06:00:00,-2.1,91,0.0,0.0,1008.4,13.5,26.3,era5
2024-12-28 07:00:00,-2.6,87,0.0,0.0,1008.9,10.7,26.3,era5
2024-12-28 08:00:00,-4.8,84,0.0,0.0,1009.8,4.9,20.5,era5
2024-12-28 09:00:00,-6.6,86,0.0,0.0,1010.3,4.9,9.4,era5
2024-12-28 10:00:00,-7.8,87,0.0,0.0,1010.6,7.6,12.2,era5
2024-12-28 11:00:00,-8.1,84,0.0,0.0,1010.8,7.3,13.0,era5
2024-12-28 12:00:00,-8.6,84,0.0,0.0,1011.0,5.3,11.9,era5
2024-12-28 13:00:00,-8.7,83,0.0,0.0,1010.9,3.1,9.0,era5
2024-12-28 14:00:00,-8.3,83,0.0,0.0,1010.3,1.2,6.5,era5
2024-12-28 15:00:00,-9.9,86,0.0,0.0,1010.1,3.6,6.1,era5
2024-12-28 16:00:00,-8.3,91,0.0,0.0,1009.4,9.3,14.8,era5
2024-12-28 17:00:00,-8.4,95,0.0,0.0,1009.0,11.1,18.4,era5
2024-12-28 18:00:00,-6.6,95,0.0,0.0,1008.4,11.1,21.2,era5
2024-12-28 19:00:00,-6.3,94,0.0,0.0,1007.6,10.5,20.9,era5
2024-12-28 20:00:00,-6.0,94,0.0,0.0,1007.0,13.0,22.0,era5
2024-12-28 21:00:00,-5.5,95,0.0,0.0,1006.5,13.8,24.1,era5
2024-12-28 22:00:00,-4.0,97,0.0,0.0,1006.0,11.7,23.8,era5
2024-12-28 23:00:00,-2.9,98,0.0,0.0,1005.2,12.3,24.1,era5
2024-12-29 00:00:00,-2.0,99,0.0,0.0,1004.5,12.8,25.6,era5
2024-12-29 01:00:00,-1.4,98,0.0,0.0,1003.6,12.3,25.6,era5
2024-12-29 02:00:00,-1.0,96,0.0,0.0,1002.9,12.8,25.6,era5
2024-12-29 03:00:00,-0.8,95,0.0,0.0,1002.4,12.5,25.9,era5
2024-12-29 04:00:00,-0.4,95,0.0,0.0,1001.7,12.9,27.0,era5
2024-12-29 05:00:00,-0.4,94,0.0,0.0,1001.0,13.1,26.3,era5
2024-12-29 06:00:00,-0.4,94,0.0,0.0,1000.3,13.2,27.7,era5
2024-12-29 07:00:00,-0.6,94,0.0,0.0,999.6,13.2,27.7,era5
2024-12-29 08:00:00,-1.0,95,0.0,0.0,998.7,13.9,28.4,era5
2024-12-29 09:00:00,-1.4,97,0.0,0.0,997.8,14.4,29.9,era5
2024-12-29 10:00:00,-1.6,98,0.1,0.07,997.5,12.6,29.9,era5
2024-12-29 11:00:00,-1.6,98,0.4,0.28,996.6,15.1,30.6,era5
2024-12-29 12:00:00,-1.5,97,0.1,0.07,995.3,17.9,37.1,era5
2024-12-29 13:00:00,-1.6,96,0.0,0.0,994.2,18.5,38.9,era5
2024-12-29 14:00:00,-1.9,97,0.0,0.0,993.0,17.3,39.2,era5
2024-12-29 15:00:00,-2.2,98,0.1,0.0,991.8,16.3,36.7,era5
2024-12-29 16:00:00,-2.8,97,0.1,0.0,990.7,14.9,30.6,era5
2024-12-29 17:00:00,-2.8,97,0.1,0.07,989.3,18.0,31.0,era5
2024-12-29 18:00:00,-2.6,97,0.2,0.14,987.6,18.8,36.7,era5
2024-12-29 19:00:00,-2.2,97,0.3,0.21,985.8,18.6,37.4,era5
2024-12-29 20:00:00,-1.8,98,0.1,0.07,984.2,17.0,37.8,era5
2024-12-29 21:00:00,-1.6,99,0.0,0.0,982.8,16.4,35.3,era5
2024-12-29 22:00:00,-1.2,98,0.2,0.14,980.9,16.2,32.8,era5
2024-12-29 23:00:00,-0.4,99,1.3,0.91,979.9,15.6,33.1,era5
2024-12-30 00:00:00,0.6,94,0.3,0.21,979.4,15.0,32.0,era5
2024-12-30 01:00:00,0.5,84,0.0,0.0,979.1,17.2,34.9,era5
2024-12-30 02:00:00,-0.7,78,0.0,0.0,978.9,18.0,37.4,era5
2024-12-30 03:00:00,-2.0,79,0.0,0.0,978.5,16.7,38.2,era5
2024-12-30 04:00:00,-1.9,82,0.1,0.07,977.7,16.8,35.6,era5
2024-12-30 05:00:00,-1.6,81,0.1,0.07,976.5,15.9,34.9,era5
2024-12-30 06:00:00,-1.7,77,0.1,0.07,976.2,19.5,41.0,era5
2024-12-30 07:00:00,-2.0,75,0.1,0.07,976.1,16.5,41.8,era5
2024-12-30 08:00:00,-2.2,78,0.0,0.0,975.6,17.0,35.6,era5
2024-12-30 09:00:00,-2.4,78,0.0,0.0,975.6,16.3,35.6,era5
2024-12-30 10:00:00,-3.3,82,0.0,0.0,975.5,15.1,34.2,era5
2024-12-30 11:00:00,-4.5,88,0.0,0.0,975.4,13.8,31.0,era5
2024-12-30 12:00:00,-5.4,92,0.0,0.0,975.3,14.3,27.4,era5
2024-12-30 13:00:00,-6.2,92,0.0,0.0,975.2,11.8,27.4,era5
2024-12-30 14:00:00,-6.7,91,0.0,0.0,975.0,10.1,22.3,era5
2024-12-30 15:00:00,-7.7,88,0.0,0.0,974.3,6.9,19.1,era5
2024-12-30 16:00:00,-9.2,93,0.0,0.0,974.3,8.7,15.8,era5
2024-12-30 17:00:00,-9.9,93,0.0,0.0,974.3,8.8,15.1,era5
2024-12-30 18:00:00,-10.7,94,0.0,0.0,974.5,8.6,14.4,era5
2024-12-30 19:00:00,-9.4,91,0.0,0.0,974.0,11.0,20.5,era5
2024-12-30 20:00:00,-9.3,90,0.0,0.0,973.7,8.1,19.8,era5
2024-12-30 21:00:00,-9.2,89,0.0,0.0,973.4,8.5,14.8,era5
2024-12-30 22:00:00,-9.0,89,0.0,0.0,972.8,6.8,15.5,era5
2024-12-30 23:00:00,-9.5,89,0.0,0.0,972.6,5.4,12.2,era5
2024-12-31 00:00:00,-8.8,88,0.2,0.14,972.5,4.2,9.0,era5
2024-12-31 01:00:00,-7.6,88,0.1,0.07,972.5,2.2,8.3,era5
2024-12-31 02:00:00,-6.3,90,0.0,0.0,972.7,12.1,19.8,era5
2024-12-31 03:00:00,-4.6,88,0.0,0.0,973.6,16.5,33.5,era5
2024-12-31 04:00:00,-6.0,92,0.0,0.0,974.9,14.7,29.2,era5
2024-12-31 05:00:00,-5.0,93,0.0,0.0,975.4,15.3,30.6,era5
2024-12-31 06:00:00,-3.7,89,0.4,0.28,975.3,15.3,33.1,era5
2024-12-31 07:00:00,-0.7,84,0.2,0.14,975.3,24.5,50.4,era5
2024-12-31 08:00:00,-0.5,84,0.6,0.42,976.2,24.7,52.2,era5
2024-12-31 09:00:00,0.2,83,0.0,0.0,977.0,25.0,53.3,era5
2024-12-31 10:00:00,0.2,83,0.0,0.0,978.1,23.6,52.6,era5
2024-12-31 11:00:00,0.3,82,0.0,0.0,979.6,23.9,50.0,era5
2024-12-31 12:00:00,0.0,81,0.0,0.0,981.0,23.8,50.8,era5
2024-12-31 13:00:00,0.1,79,0.0,0.0,982.0,23.4,50.0,era5
2024-12-31 14:00:00,-0.5,80,0.0,0.0,983.1,23.3,49.0,era5
2024-12-31 15:00:00,-0.5,81,0.0,0.0,984.4,22.1,49.0,era5
2024-12-31 16:00:00,-0.6,80,0.0,0.0,985.5,20.2,48.6,era5
2024-12-31 17:00:00,-1.6,85,0.0,0.0,986.9,17.2,42.1,era5
2024-12-31 18:00:00,-2.1,89,0.0,0.0,988.2,16.0,34.9,era5
2024-12-31 19:00:00,-1.8,88,0.0,0.0,988.9,16.2,33.1,era5
2024-12-31 20:00:00,-2.5,89,0.0,0.0,989.5,14.3,32.8,era5
2024-12-31 21:00:00,-2.6,89,0.0,0.0,990.2,13.3,28.4,era5
2024-12-31 22:00:00,-4.0,93,0.0,0.0,990.6,11.8,26.3,era5
2024-12-31 23:00:00,-4.8,92,0.0,0.0,991.0,11.4,22.3,era5
