datetime,temperature,humidity,wind_speed,wind_gust,pressure,precipitation,ww_raw,source
2024-01-01 00:00:00,-18.1,86,1,2.0,1028.0459420000002,, ,station
2024-01-01 03:00:00,-16.4,88,1,1.0,1028.312586,, ,station
2024-01-01 06:00:00,-15.6,88,1,2.0,1028.445908,0.0, ,station
2024-01-01 09:00:00,-14.2,87,2,4.0,1028.0459420000002,0.0, ,station
2024-01-01 12:00:00,-14.9,89,1,2.0,1028.445908,,Облака в целом рассеиваются или становятся менее развитыми. ,station
2024-01-01 15:00:00,-14.7,87,1,3.0,1028.57923,,Состояние неба в общем не изменилось. ,station
2024-01-01 18:00:00,-15.3,88,1,2.0,1028.57923,0.0, ,station
2024-01-01 21:00:00,-14.4,83,1,3.0,1028.845874,0.0, ,station
2024-01-02 00:00:00,-18.2,88,1,2.0,1028.845874,, ,station
2024-01-02 03:00:00,-20.9,85,1,3.0,1028.7125520000002,, ,station
2024-01-02 06:00:00,-21.2,82,2,4.0,1028.445908,0.0, ,station
2024-01-02 09:00:00,-22.8,82,2,4.0,1028.445908,0.0, ,station
2024-01-02 12:00:00,-24.2,81,2,4.0,1028.445908,, ,station
2024-01-02 15:00:00,-25.0,80,2,4.0,1027.91262,, ,station
2024-01-02 18:00:00,-26.5,79,2,3.0,1026.979366,0.0, ,station
2024-01-02 21:00:00,-27.4,78,2,3.0,1026.446078,0.0, ,station
2024-01-03 00:00:00,-29.3,76,2,3.0,1025.5128240000001,, ,station
2024-01-03 03:00:00,-30.1,76,2,3.0,1024.446248,, ,station
2024-01-03 06:00:00,-30.6,76,2,2.0,1023.113028,0.0, ,station
2024-01-03 09:00:00,-31.5,75,2,3.0,1022.446418,0.0, ,station
2024-01-03 12:00:00,-31.2,75,3,3.0,1022.046452,, ,station
2024-01-03 15:00:00,-29.5,76,2,3.0,1020.979876,, ,station
2024-01-03 18:00:00,-29.9,76,2,,1019.779978,0.0, ,station
2024-01-03 21:00:00,-30.0,76,2,3.0,1018.8467240000001,0.0, ,station
2024-01-04 00:00:00,-30.8,76,2,3.0,1018.313436,, ,station
2024-01-04 03:00:00,-28.8,77,2,3.0,1017.646826,, ,station
2024-01-04 06:00:00,-28.8,77,2,3.0,1016.5802500000001,0.0, ,station
2024-01-04 09:00:00,-30.5,76,2,3.0,1015.646996,0.0, ,station
2024-01-04 12:00:00,-30.6,76,2,3.0,1015.3803520000001,, ,station
2024-01-04 15:00:00,-30.7,76,2,3.0,1014.447098,, ,station
2024-01-04 18:00:00,-31.1,76,2,4.0,1013.647166,0.0, ,station
2024-01-04 21:00:00,-32.2,74,2,3.0,1012.8472340000001,0.0, ,station
2024-01-05 00:00:00,-32.6,74,3,3.0,1012.713912,, ,station
2024-01-05 03:00:00,-33.3,74,1,,1012.0473020000001,, ,station
2024-01-05 06:00:00,-34.2,73,1,,1011.24737,0.0, ,station
2024-01-05 09:00:00,-33.4,74,2,3.0,1011.24737,0.0, ,station
2024-01-05 12:00:00,-31.5,75,2,3.0,1011.3806920000001,, ,station
2024-01-05 15:00:00,-30.6,76,2,3.0,1012.0473020000001,, ,station
2024-01-05 18:00:00,-29.7,77,2,4.0,1012.1806240000001,0.0, ,station
2024-01-05 21:00:00,-29.8,76,2,3.0,1013.380522,0.0, ,station
2024-01-06 00:00:00,-28.2,78,2,3.0,1014.980386,, ,station
2024-01-06 03:00:00,-22.3,82,1,2.0,1016.1802840000001,, ,station
2024-01-06 06:00:00,-18.6,82,1,3.0,1017.1135380000001,0.0, ,station
2024-01-06 09:00:00,-18.3,82,1,3.0,1018.0467920000001,0.0, ,station
2024-01-06 12:00:00,-21.7,83,0,,1019.646656,, ,station
2024-01-06 15:00:00,-18.0,83,0,,1020.0466220000001,,Снег с перерывами слабый в срок наблюдения. ,station
2024-01-06 18:00:00,-18.8,84,1,,1020.1799440000001,0.0,Снег непрерывный слабый в срок наблюдения. ,station
2024-01-06 21:00:00,-22.9,82,0,,1020.0466220000001,0.0,Облака в целом рассеиваются или становятся менее развитыми. ,station
2024-01-07 00:00:00,-24.9,80,2,3.0,1019.3800120000001,, ,station
2024-01-07 03:00:00,-24.1,80,2,3.0,1018.7134020000001,, ,station
2024-01-07 06:00:00,-22.0,82,1,2.0,1018.980046,0.0, ,station
2024-01-07 09:00:00,-20.1,85,1,,1019.9133,0.0, ,station
2024-01-07 12:00:00,-23.0,82,1,2.0,1021.24652,, ,station
2024-01-07 15:00:00,-18.9,84,1,2.0,1019.646656,, ,station
2024-01-07 18:00:00,-19.2,84,0,,1017.2468600000001,0.0, ,station
2024-01-07 21:00:00,-13.9,86,2,4.0,1012.8472340000001,0.0, ,station
2024-01-08 00:00:00,-13.7,87,0,,1010.447438,,Ливневый снег слабый в срок наблюдения или за последний час. ,station
2024-01-08 03:00:00,-13.3,88,0,,1009.647506,,Облака в целом рассеиваются или становятся менее развитыми. ,station
2024-01-08 06:00:00,-5.9,86,3,6.0,1010.0474720000001,0.6,Слабый или умеренный поземок в целом низкий (ниже уровня глаз наблюдателя). ,station
2024-01-08 09:00:00,-6.2,81,3,8.0,1012.980556,0.6,Слабый или умеренный поземок в целом низкий (ниже уровня глаз наблюдателя). ,station
2024-01-08 12:00:00,-7.4,85,1,3.0,1016.4469280000001,,Облака в целом образовывались или развивались. ,station
2024-01-08 15:00:00,-10.3,99,1,2.0,1017.646826,,Облака в целом рассеиваются или становятся менее развитыми. ,station
2024-01-08 18:00:00,-12.8,94,1,2.0,1017.780148,0.0, ,station
2024-01-08 21:00:00,-13.2,92,2,2.0,1016.980216,0.0, ,station
2024-01-09 00:00:00,-11.8,94,0,,1014.980386,,Снег с перерывами слабый в срок наблюдения. ,station
2024-01-09 03:00:00,-10.6,96,1,,1012.313946,,Снег непрерывный умеренный в срок наблюдения. ,station
2024-01-09 06:00:00,-7.0,100,2,6.0,1009.9141500000001,2.0,Снег непрерывный умеренный в срок наблюдения. ,station
2024-01-09 09:00:00,-6.7,98,1,,1008.980896,3.0,Снег непрерывный слабый в срок наблюдения. ,station
2024-01-09 12:00:00,-7.5,98,1,3.0,1011.114048,,Снег непрерывный слабый в срок наблюдения. ,station
2024-01-09 15:00:00,-8.4,97,1,,1012.8472340000001,,Ливневый снег слабый в срок наблюдения или за последний час. ,station
2024-01-09 18:00:00,-10.3,95,2,3.0,1015.2470300000001,0.8,Состояние неба в общем не изменилось. ,station
2024-01-09 21:00:00,-13.0,95,1,,1016.4469280000001,0.4,Состояние неба в общем не изменилось. ,station
2024-01-10 00:00:00,-12.4,94,2,3.0,1016.4469280000001,, ,station
2024-01-10 03:00:00,-12.4,95,1,1.0,1015.646996,, ,station
2024-01-10 06:00:00,-11.9,95,0,,1012.8472340000001,0.0,Ливневый снег слабый в срок наблюдения или за последний час. ,station
2024-01-10 09:00:00,-9.5,98,1,3.0,1008.5809300000001,0.6,Ливневый снег умеренный или сильный в срок наблюдения или за последний час. ,station
2024-01-10 12:00:00,-9.8,98,1,3.0,1004.447948,,Ливневый снег умеренный или сильный в срок наблюдения или за последний час. ,station
2024-01-10 15:00:00,-9.7,97,1,2.0,1001.114898,,Ливневый снег слабый в срок наблюдения или за последний час. ,station
2024-01-10 18:00:00,-11.3,95,1,2.0,1001.648186,3.0,Облака в целом рассеиваются или становятся менее развитыми. ,station
2024-01-10 21:00:00,-11.2,91,2,3.0,1004.447948,2.0,Ливневый снег слабый в срок наблюдения или за последний час. ,station
2024-01-11 00:00:00,-9.2,90,2,4.0,1006.447778,,Ливневый снег или ливневый дождь и снег. ,station
2024-01-11 03:00:00,-8.3,89,3,7.0,1006.8477440000001,,Ливневый снег слабый в срок наблюдения или за последний час. ,station
2024-01-11 06:00:00,-8.1,90,2,5.0,1010.980726,0.3,Ливневый снег слабый в срок наблюдения или за последний час. ,station
2024-01-11 09:00:00,-11.1,92,1,3.0,1015.2470300000001,0.3,Облака в целом рассеиваются или становятся менее развитыми. ,station
2024-01-11 12:00:00,-14.5,96,0,,1017.646826,, ,station
2024-01-11 15:00:00,-14.3,93,1,2.0,1017.780148,, ,station
2024-01-11 18:00:00,-15.0,92,2,3.0,1016.313606,0.0, ,station
2024-01-11 21:00:00,-14.2,94,1,2.0,1014.8470640000002,0.0, ,station
2024-01-12 00:00:00,-10.7,96,1,2.0,1013.91381,, ,station
2024-01-12 03:00:00,-9.6,96,2,3.0,1012.980556,, ,station
2024-01-12 06:00:00,-11.4,95,0,,1012.58059,0.0, ,station
2024-01-12 09:00:00,-14.5,93,2,4.0,1013.113878,0.0, ,station
2024-01-12 12:00:00,-15.0,90,1,1.0,1014.447098,, ,station
2024-01-12 15:00:00,-17.4,90,0,,1014.7137420000001,, ,station
2024-01-12 18:00:00,-18.2,87,1,,1013.91381,0.0, ,station
2024-01-12 21:00:00,-20.9,83,1,2.0,1012.447268,0.0, ,station
2024-01-13 00:00:00,-19.9,85,1,3.0,1009.780828,, ,station
2024-01-13 03:00:00,-21.0,84,1,2.0,1007.3810320000001,, ,station
2024-01-13 06:00:00,-17.1,87,0,,1003.91466,0.0, ,station
2024-01-13 09:00:00,-15.6,89,0,,1000.448288,0.2,Снег непрерывный слабый в срок наблюдения. ,station
2024-01-13 12:00:00,-15.0,90,1,,997.781848,,Снег непрерывный слабый в срок наблюдения. ,station
2024-01-13 15:00:00,-17.7,87,1,1.0,996.048662,,Снег неливневый. ,station
2024-01-13 18:00:00,-21.1,84,1,1.0,994.8487640000001,0.6, ,station
2024-01-13 21:00:00,-22.4,82,0,,994.1821540000001,0.4, ,station
2024-01-14 00:00:00,-22.0,83,0,,994.0488320000001,, ,station
2024-01-14 03:00:00,-22.1,82,1,2.0,993.782188,, ,station
2024-01-14 06:00:00,-20.4,85,2,3.0,992.8489340000001,0.0, ,station
2024-01-14 09:00:00,-21.6,83,2,,991.649036,0.0, ,station
2024-01-14 12:00:00,-21.0,86,1,2.0,991.649036,, ,station
2024-01-14 15:00:00,-22.7,82,1,,991.3823920000001,, ,station
2024-01-14 18:00:00,-19.1,87,1,2.0,990.8491040000001,0.0, ,station
2024-01-14 21:00:00,-16.2,88,2,3.0,990.4491380000001,0.0, ,station
2024-01-15 00:00:00,-16.9,88,2,3.0,991.3823920000001,, ,station
2024-01-15 03:00:00,-17.2,87,1,3.0,991.782358,,Снег с перерывами слабый в срок наблюдения. ,station
2024-01-15 06:00:00,-16.6,88,1,3.0,992.1823240000001,0.0,Снег неливневый. ,station
2024-01-15 09:00:00,-15.4,89,2,5.0,992.7156120000001,0.0,Состояние неба в общем не изменилось. ,station
2024-01-15 12:00:00,-15.3,88,2,6.0,994.0488320000001,, ,station
2024-01-15 15:00:00,-15.6,83,2,6.0,995.382052,, ,station
2024-01-15 18:00:00,-13.7,83,2,5.0,995.91534,0.0,Снег непрерывный слабый в срок наблюдения. ,station
2024-01-15 21:00:00,-14.0,82,3,6.0,996.8485940000002,0.0,Снег непрерывный слабый в срок наблюдения. ,station
2024-01-16 00:00:00,-14.8,80,2,6.0,997.9151700000001,,Снег непрерывный слабый в срок наблюдения. ,station
2024-01-16 03:00:00,-15.5,79,2,6.0,998.1818140000001,,Снег непрерывный слабый в срок наблюдения. ,station
2024-01-16 06:00:00,-15.3,79,3,6.0,997.9151700000001,0.5,Снег непрерывный слабый в срок наблюдения. ,station
2024-01-16 09:00:00,-15.4,75,1,,998.0484920000001,0.7,Снег непрерывный слабый в срок наблюдения. ,station
2024-01-16 12:00:00,-15.6,77,1,3.0,998.1818140000001,,Снег неливневый. ,station
2024-01-16 15:00:00,-15.2,77,1,,998.0484920000001,,Состояние неба в общем не изменилось. ,station
2024-01-16 18:00:00,-15.3,79,2,4.0,998.0484920000001,0.2,Снег с перерывами слабый в срок наблюдения. ,station
2024-01-16 21:00:00,-14.3,77,3,7.0,997.648526,0.0,Снег непрерывный слабый в срок наблюдения. ,station
2024-01-17 00:00:00,-13.7,81,3,5.0,998.0484920000001,,Снег непрерывный умеренный в срок наблюдения. ,station
2024-01-17 03:00:00,-13.2,82,2,5.0,998.0484920000001,,Снег непрерывный умеренный в срок наблюдения. ,station
2024-01-17 06:00:00,-13.0,78,3,7.0,998.0484920000001,2.0,Снег непрерывный слабый в срок наблюдения. ,station
2024-01-17 09:00:00,-12.9,80,2,4.0,998.1818140000001,2.0,Снег непрерывный слабый в срок наблюдения. ,station
2024-01-17 12:00:00,-12.3,79,3,6.0,999.1150680000001,,Снег непрерывный слабый в срок наблюдения. ,station
2024-01-17 15:00:00,-12.3,87,1,2.0,999.1150680000001,,Снег непрерывный слабый в срок наблюдения. ,station
2024-01-17 18:00:00,-12.3,89,0,,999.781678,2.0,Снег непрерывный слабый в срок наблюдения. ,station
2024-01-17 21:00:00,-12.6,88,1,2.0,1000.0483220000001,1.0,Снег непрерывный слабый в срок наблюдения. ,station
2024-01-18 00:00:00,-13.5,89,1,2.0,1000.5816100000001,,Снег непрерывный слабый в срок наблюдения. ,station
2024-01-18 03:00:00,-14.1,86,2,3.0,1001.2482200000001,,Снег неливневый. ,station
2024-01-18 06:00:00,-16.9,88,1,2.0,1001.5148640000001,0.8,Снег непрерывный слабый в срок наблюдения. ,station
2024-01-18 09:00:00,-17.5,87,1,3.0,1001.2482200000001,0.4,Облака в целом рассеиваются или становятся менее развитыми. ,station
2024-01-18 12:00:00,-19.5,86,0,,1001.648186,, ,station
2024-01-18 15:00:00,-20.8,86,1,4.0,1001.2482200000001,, ,station
2024-01-18 18:00:00,-20.9,85,2,4.0,1000.448288,0.0, ,station
2024-01-18 21:00:00,-19.6,84,1,2.0,999.1150680000001,0.0,Ливневый снег слабый в срок наблюдения или за последний час. ,station
2024-01-19 00:00:00,-17.3,87,2,4.0,996.715272,,Ливневый снег умеренный или сильный в срок наблюдения или за последний час. ,station
2024-01-19 03:00:00,-13.6,89,2,6.0,993.3822220000001,,Ливневый снег слабый в срок наблюдения или за последний час. ,station
2024-01-19 06:00:00,-12.7,86,5,10.0,988.7159520000001,0.6,Ливневый снег слабый в срок наблюдения или за последний час. ,station
2024-01-19 09:00:00,-12.3,87,3,8.0,987.382732,1.0,Ливневый снег слабый в срок наблюдения или за последний час. ,station
2024-01-19 12:00:00,-12.3,87,1,3.0,986.449478,,Снег с перерывами слабый в срок наблюдения. ,station
2024-01-19 15:00:00,-12.7,85,1,3.0,986.1828340000001,,Снег непрерывный слабый в срок наблюдения. ,station
2024-01-19 18:00:00,-15.7,90,1,2.0,987.24941,1.0,Состояние неба в общем не изменилось. ,station
2024-01-19 21:00:00,-14.7,91,0,,987.91602,1.0,Снег непрерывный слабый в срок наблюдения. ,station
2024-01-20 00:00:00,-14.2,91,1,,990.0491720000001,,Снег неливневый. ,station
2024-01-20 03:00:00,-15.4,91,1,,992.448968,,Облака в целом рассеиваются или становятся менее развитыми. ,station
2024-01-20 06:00:00,-18.5,87,1,2.0,994.982086,0.5, ,station
2024-01-20 09:00:00,-20.2,85,2,3.0,998.0484920000001,0.2, ,station
2024-01-20 12:00:00,-19.2,85,1,2.0,1002.0481520000001,, ,station
2024-01-20 15:00:00,-19.2,86,2,2.0,1005.24788,, ,station
2024-01-20 18:00:00,-21.7,83,2,3.0,1008.1809640000001,0.0, ,station
2024-01-20 21:00:00,-22.6,83,2,4.0,1010.7140820000001,0.0, ,station
2024-01-21 00:00:00,-26.4,79,3,3.0,1012.8472340000001,, ,station
2024-01-21 03:00:00,-28.9,77,2,2.0,1013.647166,, ,station
2024-01-21 06:00:00,-30.7,76,2,3.0,1013.647166,0.0, ,station
2024-01-21 09:00:00,-31.4,75,1,,1013.5138440000001,0.0, ,station
2024-01-21 12:00:00,-30.1,76,1,2.0,1014.1804540000002,, ,station
2024-01-21 15:00:00,-24.6,81,1,,1013.2472,,Снег непрерывный слабый в срок наблюдения. ,station
2024-01-21 18:00:00,-20.5,84,0,,1012.0473020000001,0.0,Снег непрерывный слабый в срок наблюдения. ,station
2024-01-21 21:00:00,-18.6,86,0,,1010.314116,0.3,Снег непрерывный слабый в срок наблюдения. ,station
2024-01-22 00:00:00,-17.3,87,0,,1008.5809300000001,,Снег непрерывный слабый в срок наблюдения. ,station
2024-01-22 03:00:00,-15.3,90,0,,1005.647846,,Снег непрерывный умеренный в срок наблюдения. ,station
2024-01-22 06:00:00,-13.7,92,0,,1003.114728,2.0,Снег непрерывный слабый в срок наблюдения. ,station
2024-01-22 09:00:00,-8.6,98,2,5.0,1000.448288,2.0,Снег непрерывный умеренный в срок наблюдения. ,station
2024-01-22 12:00:00,-7.2,100,1,3.0,998.4484580000001,,Снег с перерывами умеренный в срок наблюдения. ,station
2024-01-22 15:00:00,-4.6,100,2,5.0,994.982086,,Снег непрерывный слабый в срок наблюдения. ,station
2024-01-22 18:00:00,-3.1,100,3,,991.782358,2.0,Снег непрерывный слабый в срок наблюдения. ,station
2024-01-22 21:00:00,-2.6,100,4,9.0,988.315986,2.0,Снег с перерывами слабый в срок наблюдения. ,station
2024-01-23 00:00:00,-2.8,100,4,10.0,984.316326,,Снег непрерывный сильный в срок наблюдения. ,station
2024-01-23 03:00:00,-3.4,100,3,8.0,982.0498520000001,,Снег непрерывный сильный в срок наблюдения. ,station
2024-01-23 06:00:00,-3.7,100,3,6.0,980.4499880000001,5.0,Снег непрерывный сильный в срок наблюдения. ,station
2024-01-23 09:00:00,-3.0,100,3,,979.783378,6.0,Снег непрерывный слабый в срок наблюдения. ,station
2024-01-23 12:00:00,-1.8,100,2,5.0,979.650056,,Снег непрерывный слабый в срок наблюдения. ,station
2024-01-23 15:00:00,-0.2,99,2,4.0,979.783378,,Снег непрерывный слабый в срок наблюдения. ,station
2024-01-23 18:00:00,0.5,100,2,4.0,980.5833100000001,3.0,Снег непрерывный слабый в срок наблюдения. ,station
2024-01-23 21:00:00,-0.1,100,0,,981.7832080000001,3.0,Снег непрерывный слабый в срок наблюдения. ,station
2024-01-24 00:00:00,-0.6,100,0,,983.91636,,Снег непрерывный слабый в срок наблюдения. ,station
2024-01-24 03:00:00,-1.2,100,1,2.0,985.782868,,Облака в целом рассеиваются или становятся менее развитыми. ,station
2024-01-24 06:00:00,-2.7,100,0,,986.8494440000001,1.0,Снег непрерывный слабый в срок наблюдения. ,station
2024-01-24 09:00:00,-3.4,100,0,,988.5826300000001,0.9,Снег непрерывный слабый в срок наблюдения. ,station
2024-01-24 12:00:00,-4.9,100,1,2.0,990.0491720000001,,Облака в целом рассеиваются или становятся менее развитыми. ,station
2024-01-24 15:00:00,-5.7,100,1,2.0,991.9156800000001,,Облака в целом рассеиваются или становятся менее развитыми. ,station
2024-01-24 18:00:00,-10.1,100,1,,993.91551,0.6, ,station
2024-01-24 21:00:00,-13.2,95,1,2.0,995.648696,0.2, ,station
2024-01-25 00:00:00,-10.3,98,1,2.0,997.3818820000001,, ,station
2024-01-25 03:00:00,-13.4,93,1,2.0,999.648356,, ,station
2024-01-25 06:00:00,-13.9,91,1,1.0,1002.0481520000001,0.0, ,station
2024-01-25 09:00:00,-15.3,91,0,,1004.314626,0.0,  Диаметр изморозевого отложения составляет 2 мм.,station
2024-01-25 12:00:00,-6.1,100,2,5.0,1006.314456,, ,station
2024-01-25 15:00:00,-4.4,100,3,5.0,1008.314286,, ,station
2024-01-25 18:00:00,-8.5,99,1,1.0,1010.7140820000001,0.0, ,station
2024-01-25 21:00:00,-8.3,100,1,3.0,1012.1806240000001,0.0, ,station
2024-01-26 00:00:00,-7.7,100,0,,1014.047132,, ,station
2024-01-26 03:00:00,-7.1,100,0,,1014.8470640000002,, ,station
2024-01-26 06:00:00,-6.5,100,1,,1015.2470300000001,0.0, ,station
2024-01-26 09:00:00,-5.0,100,1,1.0,1015.3803520000001,0.0, ,station
2024-01-26 12:00:00,-4.6,100,0,,1015.113708,, ,station
2024-01-26 15:00:00,-4.1,100,0,,1014.047132,, ,station
2024-01-26 18:00:00,-4.9,100,0,,1012.980556,0.0, ,station
2024-01-26 21:00:00,-7.3,99,0,,1012.313946,0.0, ,station
2024-01-27 00:00:00,-6.1,100,1,2.0,1011.780658,,Снег непрерывный слабый в срок наблюдения. ,station
2024-01-27 03:00:00,-5.5,100,2,5.0,1010.58076,,Снег неливневый. ,station
2024-01-27 06:00:00,-5.8,99,2,5.0,1009.2475400000001,0.4, ,station
2024-01-27 09:00:00,-6.1,100,4,7.0,1006.8477440000001,0.4,Слабый или умеренный поземок в целом низкий (ниже уровня глаз наблюдателя). ,station
2024-01-27 12:00:00,-5.7,100,3,6.0,1004.8479140000001,,Снег непрерывный слабый в срок наблюдения. ,station
2024-01-27 15:00:00,-5.5,95,3,6.0,1005.647846,,Состояние неба в общем не изменилось. ,station
2024-01-27 18:00:00,-5.4,99,3,6.0,1006.8477440000001,0.6, ,station
2024-01-27 21:00:00,-5.5,98,4,,1005.381202,0.6,Слабый или умеренный поземок в целом низкий (ниже уровня глаз наблюдателя). ,station
2024-01-28 00:00:00,-4.8,97,4,,1004.714592,,Слабый или умеренный поземок в целом низкий (ниже уровня глаз наблюдателя). ,station
2024-01-28 03:00:00,-4.1,94,4,7.0,1003.5146940000001,,Слабый или умеренный поземок в целом низкий (ниже уровня глаз наблюдателя). ,station
2024-01-28 06:00:00,-2.3,96,2,4.0,1004.047982,0.0,Состояние неба в общем не изменилось. ,station
2024-01-28 09:00:00,-1.0,97,1,3.0,1003.648016,0.0,Состояние неба в общем не изменилось. ,station
2024-01-28 12:00:00,0.2,92,2,5.0,1004.981236,, ,station
2024-01-28 15:00:00,0.4,85,2,5.0,1007.5143540000001,, ,station
2024-01-28 18:00:00,-2.6,100,1,2.0,1009.647506,0.0, ,station
2024-01-28 21:00:00,-1.3,97,3,6.0,1009.2475400000001,0.0, ,station
2024-01-29 00:00:00,-0.8,100,4,,1006.447778,,Снег с перерывами умеренный в срок наблюдения. ,station
2024-01-29 03:00:00,-0.5,100,3,7.0,1002.981406,,Снег непрерывный слабый в срок наблюдения. ,station
2024-01-29 06:00:00,-0.4,100,3,7.0,999.781678,2.0,Состояние неба в общем не изменилось. ,station
2024-01-29 09:00:00,0.1,100,4,9.0,995.91534,2.0,Состояние неба в общем не изменилось. ,station
2024-01-29 12:00:00,0.7,100,3,7.0,994.0488320000001,, ,station
2024-01-29 15:00:00,1.3,100,3,6.0,992.0490020000001,,Дождь (незамерзающий) неливневый. ,station
2024-01-29 18:00:00,1.6,97,2,5.0,991.115748,0.0, ,station
2024-01-29 21:00:00,2.6,72,3,8.0,991.782358,0.0, ,station
2024-01-30 00:00:00,2.3,67,2,5.0,994.315476,, ,station
2024-01-30 03:00:00,1.6,61,4,8.0,996.048662,, ,station
2024-01-30 06:00:00,1.9,62,4,9.0,998.5817800000001,0.0, ,station
2024-01-30 09:00:00,1.0,65,3,7.0,1002.7147620000001,0.0, ,station
2024-01-30 12:00:00,1.6,57,4,9.0,1005.24788,, ,station
2024-01-30 15:00:00,0.0,71,2,4.0,1006.1811340000002,, ,station
2024-01-30 18:00:00,0.9,82,1,2.0,1005.91449,0.0, ,station
2024-01-30 21:00:00,0.0,88,1,3.0,1005.91449,0.0, ,station
2024-01-31 00:00:00,1.2,79,1,3.0,1005.381202,, ,station
2024-01-31 03:00:00,0.5,80,2,4.0,1004.314626,, ,station
2024-01-31 06:00:00,-0.7,77,2,4.0,1002.0481520000001,0.0, ,station
2024-01-31 09:00:00,-0.6,70,3,6.0,999.5150340000001,0.0, ,station
2024-01-31 12:00:00,-1.1,74,3,7.0,998.1818140000001,, ,station
2024-01-31 15:00:00,-1.1,89,2,4.0,996.715272,, ,station
2024-01-31 18:00:00,0.5,82,2,4.0,995.24873,0.0, ,station
2024-01-31 21:00:00,-1.0,89,2,5.0,992.448968,0.0, ,station
2024-02-01 00:00:00,-0.5,83,4,8.0,987.91602,, ,station
2024-02-01 03:00:00,-0.6,100,4,8.0,980.7166320000001,, ,station
2024-02-01 06:00:00,1.6,92,5,11.0,973.9172100000001,0.5,Ливневый снег слабый в срок наблюдения или за последний час. ,station
2024-02-01 09:00:00,0.2,100,4,9.0,968.8509740000001,3.0,Ливневый снег умеренный или сильный в срок наблюдения или за последний час. ,station
2024-02-01 12:00:00,0.3,99,4,,966.0512120000001,,Ливневый снег слабый в срок наблюдения или за последний час.  Диаметр отложения мокрого снега составляет 3 мм.,station
2024-02-01 15:00:00,0.8,100,4,,963.5180940000001,,Ливневый снег или ливневый дождь и снег. ,station
2024-02-01 18:00:00,0.5,100,4,9.0,961.118298,5.0,Ливневый снег или ливневый дождь и снег. ,station
2024-02-01 21:00:00,0.9,99,2,4.0,962.7181620000001,3.0,Состояние неба в общем не изменилось. ,station
2024-02-02 00:00:00,0.2,85,1,3.0,966.451178,, ,station
2024-02-02 03:00:00,-0.9,100,0,,971.3840920000001,,Ливневый снег слабый в срок наблюдения или за последний час. ,station
2024-02-02 06:00:00,-0.9,85,4,9.0,976.8502940000001,0.6,Ливневый снег слабый в срок наблюдения или за последний час. ,station
2024-02-02 09:00:00,-1.1,80,2,5.0,982.1831740000001,0.3,Ливневый снег слабый в срок наблюдения или за последний час. ,station
2024-02-02 12:00:00,-2.3,67,3,8.0,986.049512,,Облака в целом рассеиваются или становятся менее развитыми. ,station
2024-02-02 15:00:00,-3.6,68,1,2.0,988.449308,,Облака в целом рассеиваются или становятся менее развитыми. ,station
2024-02-02 18:00:00,-10.0,99,1,1.0,989.649206,0.0, ,station
2024-02-02 21:00:00,-14.4,94,2,2.0,989.649206,0.0, ,station
2024-02-03 00:00:00,-18.4,87,2,3.0,987.782698,, ,station
2024-02-03 03:00:00,-17.9,85,1,2.0,985.782868,, ,station
2024-02-03 06:00:00,-5.8,99,3,7.0,982.8497840000001,0.7,Ливневый снег слабый в срок наблюдения или за последний час. ,station
2024-02-03 09:00:00,-6.4,97,3,,981.3832420000001,0.7,Слабый или умеренный поземок в целом низкий (ниже уровня глаз наблюдателя). ,station
2024-02-03 12:00:00,-5.7,81,4,10.0,979.25009,,Слабый или умеренный поземок в целом низкий (ниже уровня глаз наблюдателя). ,station
2024-02-03 15:00:00,-4.3,82,4,10.0,977.116938,,Ливневый снег слабый в срок наблюдения или за последний час. ,station
2024-02-03 18:00:00,-4.3,100,5,11.0,975.3837520000001,2.0,Ливневый снег умеренный или сильный в срок наблюдения или за последний час. ,station
2024-02-03 21:00:00,-5.0,100,4,9.0,974.8504640000001,7.0,Ливневый снег умеренный или сильный в срок наблюдения или за последний час. ,station
2024-02-04 00:00:00,-4.6,100,3,,975.117108,,Ливневый снег слабый в срок наблюдения или за последний час. ,station
2024-02-04 03:00:00,-4.3,100,2,5.0,976.1836840000001,,Состояние неба в общем не изменилось. ,station
2024-02-04 06:00:00,-4.1,100,3,,977.91687,9.0,Состояние неба в общем не изменилось. ,station
2024-02-04 09:00:00,-3.7,100,1,,979.650056,3.0,Снег неливневый. ,station
2024-02-04 12:00:00,-3.4,97,2,4.0,981.649886,,Снег непрерывный слабый в срок наблюдения. ,station
2024-02-04 15:00:00,-4.0,93,2,4.0,983.649716,,Снег непрерывный слабый в срок наблюдения. ,station
2024-02-04 18:00:00,-4.9,86,2,6.0,986.049512,0.2,Снег с перерывами слабый в срок наблюдения. ,station
2024-02-04 21:00:00,-5.1,86,3,6.0,987.649376,0.5,Снег непрерывный слабый в срок наблюдения. ,station
2024-02-05 00:00:00,-5.8,82,3,8.0,988.8492740000002,,Снег непрерывный слабый в срок наблюдения. ,station
2024-02-05 03:00:00,-6.0,78,3,8.0,990.5824600000001,,Снег непрерывный слабый в срок наблюдения. ,station
2024-02-05 06:00:00,-7.1,73,3,9.0,992.1823240000001,0.6,Слабый или умеренный поземок в целом низкий (ниже уровня глаз наблюдателя). ,station
2024-02-05 09:00:00,-9.8,76,2,6.0,994.0488320000001,0.3,Облака в целом образовывались или развивались. ,station
2024-02-05 12:00:00,-12.0,76,2,4.0,996.448628,, ,station
2024-02-05 15:00:00,-13.2,74,1,4.0,998.0484920000001,, ,station
2024-02-05 18:00:00,-14.5,80,2,5.0,1000.1816440000001,0.0, ,station
2024-02-05 21:00:00,-15.8,82,1,3.0,1000.8482540000001,0.0,Ливневый снег слабый в срок наблюдения или за последний час. ,station
2024-02-06 00:00:00,-17.8,87,1,3.0,1001.2482200000001,,Облака в целом рассеиваются или становятся менее развитыми. ,station
2024-02-06 03:00:00,-18.9,83,3,5.0,1001.648186,,Состояние неба в общем не изменилось. ,station
2024-02-06 06:00:00,-20.9,83,2,3.0,1001.114898,0.0, ,station
2024-02-06 09:00:00,-23.9,81,0,,999.9150000000001,0.0, ,station
2024-02-06 12:00:00,-23.1,79,0,,999.2483900000001,, ,station
2024-02-06 15:00:00,-20.8,80,1,1.0,998.0484920000001,, ,station
2024-02-06 18:00:00,-24.2,81,2,2.0,997.5152040000002,0.0, ,station
2024-02-06 21:00:00,-26.1,79,2,2.0,996.8485940000002,0.0, ,station
2024-02-07 00:00:00,-26.6,79,2,3.0,997.115238,, ,station
2024-02-07 03:00:00,-24.4,79,1,2.0,997.648526,, ,station
2024-02-07 06:00:00,-24.3,79,1,2.0,998.0484920000001,0.0,Снег неливневый. ,station
2024-02-07 09:00:00,-27.0,78,2,2.0,998.7151020000001,0.0,Облака в целом образовывались или развивались. ,station
2024-02-07 12:00:00,-23.9,78,1,,999.9150000000001,,Снег непрерывный слабый в срок наблюдения. ,station
2024-02-07 15:00:00,-20.5,80,0,,1000.7149320000001,,Снег непрерывный слабый в срок наблюдения. ,station
2024-02-07 18:00:00,-24.9,80,1,,1001.5148640000001,0.2,Снег непрерывный слабый в срок наблюдения. ,station
2024-02-07 21:00:00,-26.4,79,2,2.0,1002.0481520000001,0.2,Снег неливневый. ,station
2024-02-08 00:00:00,-26.2,78,1,2.0,1003.24805,,Снег непрерывный слабый в срок наблюдения. ,station
2024-02-08 03:00:00,-28.7,77,1,2.0,1003.91466,,Облака в целом образовывались или развивались. ,station
2024-02-08 06:00:00,-29.6,77,2,3.0,1004.8479140000001,0.2, ,station
2024-02-08 09:00:00,-30.8,76,0,,1005.647846,0.2, ,station
2024-02-08 12:00:00,-25.8,78,2,4.0,1006.314456,, ,station
2024-02-08 15:00:00,-20.7,77,1,3.0,1006.8477440000001,, ,station
2024-02-08 18:00:00,-24.4,81,1,,1007.2477100000001,0.0, ,station
2024-02-08 21:00:00,-24.7,81,2,3.0,1008.0476420000001,0.0, ,station
2024-02-09 00:00:00,-24.8,78,2,4.0,1008.8475740000001,, ,station
2024-02-09 03:00:00,-23.0,79,2,4.0,1009.647506,, ,station
2024-02-09 06:00:00,-21.7,81,2,4.0,1010.0474720000001,0.0, ,station
2024-02-09 09:00:00,-19.6,81,2,4.0,1010.58076,0.0, ,station
2024-02-09 12:00:00,-16.6,80,2,5.0,1011.5140140000001,, ,station
2024-02-09 15:00:00,-16.1,79,2,5.0,1011.647336,, ,station
2024-02-09 18:00:00,-17.7,81,2,4.0,1012.313946,0.0, ,station
2024-02-09 21:00:00,-16.6,80,2,4.0,1012.8472340000001,0.0, ,station
2024-02-10 00:00:00,-15.0,76,2,5.0,1013.2472,, ,station
2024-02-10 03:00:00,-16.3,78,1,3.0,1014.047132,, ,station
2024-02-10 06:00:00,-16.6,79,2,4.0,1014.447098,0.0, ,station
2024-02-10 09:00:00,-16.9,82,1,3.0,1014.58042,0.0, ,station
2024-02-10 12:00:00,-13.6,78,1,2.0,1014.8470640000002,,Снег с перерывами слабый в срок наблюдения. ,station
2024-02-10 15:00:00,-11.4,78,2,4.0,1015.113708,,Снег непрерывный слабый в срок наблюдения. ,station
2024-02-10 18:00:00,-14.4,90,0,,1014.8470640000002,0.5,Снег непрерывный слабый в срок наблюдения. ,station
2024-02-10 21:00:00,-13.7,87,1,2.0,1014.447098,0.5,Состояние неба в общем не изменилось. ,station
2024-02-11 00:00:00,-14.6,89,1,2.0,1014.047132,,Снег непрерывный слабый в срок наблюдения. ,station
2024-02-11 03:00:00,-15.6,89,1,2.0,1013.91381,,Снег непрерывный слабый в срок наблюдения. ,station
2024-02-11 06:00:00,-15.5,87,2,3.0,1013.5138440000001,0.5,Снег непрерывный слабый в срок наблюдения. ,station
2024-02-11 09:00:00,-16.7,88,0,,1013.5138440000001,0.9,Снег непрерывный слабый в срок наблюдения. ,station
2024-02-11 12:00:00,-16.4,86,0,,1013.91381,,Облака в целом рассеиваются или становятся менее развитыми. ,station
2024-02-11 15:00:00,-14.1,80,1,2.0,1013.780488,,Состояние неба в общем не изменилось. ,station
2024-02-11 18:00:00,-16.0,88,1,2.0,1013.647166,0.4, ,station
2024-02-11 21:00:00,-16.2,87,0,,1013.5138440000001,0.0,Снег непрерывный слабый в срок наблюдения. ,station
2024-02-12 00:00:00,-16.8,87,1,2.0,1014.047132,,Снег непрерывный слабый в срок наблюдения. ,station
2024-02-12 03:00:00,-15.2,88,0,,1014.313776,,Снег непрерывный слабый в срок наблюдения. ,station
2024-02-12 06:00:00,-16.1,87,1,3.0,1014.7137420000001,0.4,Снег непрерывный слабый в срок наблюдения. ,station
2024-02-12 09:00:00,-18.3,85,1,2.0,1016.5802500000001,0.4,Снег неливневый. ,station
2024-02-12 12:00:00,-15.0,86,1,2.0,1018.5800800000001,, ,station
2024-02-12 15:00:00,-13.9,76,1,3.0,1020.57991,, ,station
2024-02-12 18:00:00,-19.4,85,1,2.0,1022.979706,0.0, ,station
2024-02-12 21:00:00,-20.6,83,2,4.0,1024.8462140000001,0.0, ,station
2024-02-13 00:00:00,-23.1,82,1,2.0,1027.112688,, ,station
2024-02-13 03:00:00,-24.2,81,1,3.0,1029.24584,, ,station
2024-02-13 06:00:00,-26.0,79,1,3.0,1030.4457380000001,0.0, ,station
2024-02-13 09:00:00,-28.1,77,1,3.0,1032.445568,0.0, ,station
2024-02-13 12:00:00,-25.0,78,1,,1034.0454320000001,,Снег неливневый. ,station
2024-02-13 15:00:00,-21.8,79,1,1.0,1034.57872,,Дымка. ,station
2024-02-13 18:00:00,-22.8,84,1,2.0,1035.645296,0.0, ,station
2024-02-13 21:00:00,-25.2,80,2,2.0,1036.311906,0.2,Снег непрерывный слабый в срок наблюдения. ,station
2024-02-14 00:00:00,-20.3,85,1,3.0,1036.445228,,Снег непрерывный слабый в срок наблюдения. ,station
2024-02-14 03:00:00,-21.2,83,1,2.0,1036.8451940000002,,Состояние неба в общем не изменилось. ,station
2024-02-14 06:00:00,-19.4,84,1,,1036.445228,0.5,Снег непрерывный слабый в срок наблюдения. ,station
2024-02-14 09:00:00,-18.7,82,3,7.0,1036.311906,0.5,Снег непрерывный слабый в срок наблюдения. ,station
2024-02-14 12:00:00,-17.9,80,3,6.0,1036.311906,,Состояние неба в общем не изменилось. ,station
2024-02-14 15:00:00,-17.1,82,3,6.0,1035.112008,,Облака в целом рассеиваются или становятся менее развитыми. ,station
2024-02-14 18:00:00,-17.0,83,3,7.0,1033.512144,0.4,Состояние неба в общем не изменилось. ,station
2024-02-14 21:00:00,-16.3,85,4,,1032.57889,0.2,Слабый или умеренный поземок в целом низкий (ниже уровня глаз наблюдателя). ,station
2024-02-15 00:00:00,-16.2,85,4,7.0,1031.91228,,Облака в целом образовывались или развивались. ,station
2024-02-15 03:00:00,-16.4,83,3,,1031.3789920000002,,Состояние неба в общем не изменилось. ,station
2024-02-15 06:00:00,-16.8,81,3,6.0,1030.4457380000001,0.0,Облака в целом образовывались или развивались. ,station
2024-02-15 09:00:00,-17.0,80,3,7.0,1029.645806,0.0,Состояние неба в общем не изменилось. ,station
2024-02-15 12:00:00,-16.2,81,3,6.0,1028.979196,,Снег с перерывами умеренный в срок наблюдения. ,station
2024-02-15 15:00:00,-16.0,79,3,6.0,1028.312586,,Снег непрерывный слабый в срок наблюдения. ,station
2024-02-15 18:00:00,-16.6,83,2,5.0,1027.779298,1.0,Снег с перерывами слабый в срок наблюдения. ,station
2024-02-15 21:00:00,-15.8,83,3,6.0,1027.512654,1.0,Снег непрерывный слабый в срок наблюдения. ,station
2024-02-16 00:00:00,-15.5,85,2,5.0,1026.8460440000001,,Снег непрерывный слабый в срок наблюдения. ,station
2024-02-16 03:00:00,-15.3,85,2,5.0,1026.312756,,Снег непрерывный слабый в срок наблюдения. ,station
2024-02-16 06:00:00,-14.3,84,2,5.0,1025.91279,0.6,Снег непрерывный слабый в срок наблюдения. ,station
2024-02-16 09:00:00,-13.5,86,2,5.0,1025.112858,0.6,Снег непрерывный слабый в срок наблюдения. ,station
2024-02-16 12:00:00,-12.6,84,3,6.0,1024.57957,,Снег непрерывный слабый в срок наблюдения. ,station
2024-02-16 15:00:00,-12.0,90,3,5.0,1023.646316,,Снег непрерывный умеренный в срок наблюдения. ,station
2024-02-16 18:00:00,-11.6,93,3,6.0,1022.313096,1.0,Снег непрерывный слабый в срок наблюдения. ,station
2024-02-16 21:00:00,-10.9,95,3,6.0,1020.0466220000001,1.0,Снег непрерывный слабый в срок наблюдения. ,station
2024-02-17 00:00:00,-10.1,94,2,5.0,1018.446758,,Снег непрерывный слабый в срок наблюдения. ,station
2024-02-17 03:00:00,-7.9,98,2,5.0,1015.5136740000002,,Снег непрерывный умеренный в срок наблюдения. ,station
2024-02-17 06:00:00,-7.8,100,1,2.0,1010.8474040000001,2.0,Снег непрерывный умеренный в срок наблюдения. ,station
2024-02-17 09:00:00,-6.1,99,1,,1007.2477100000001,4.0,Снег непрерывный умеренный в срок наблюдения. ,station
2024-02-17 12:00:00,-6.2,97,2,,1003.381372,,Снег непрерывный сильный в срок наблюдения. ,station
2024-02-17 15:00:00,-7.1,98,2,5.0,1000.314966,,Снег непрерывный сильный в срок наблюдения. ,station
2024-02-17 18:00:00,-8.0,95,1,3.0,998.4484580000001,10.0,Снег непрерывный сильный в срок наблюдения. ,station
2024-02-17 21:00:00,-8.3,96,1,2.0,997.3818820000001,9.0,Снег непрерывный умеренный в срок наблюдения. ,station
2024-02-18 00:00:00,-6.4,96,3,7.0,997.24856,,Снег непрерывный слабый в срок наблюдения. ,station
2024-02-18 03:00:00,-2.2,94,4,11.0,998.0484920000001,,Снег непрерывный умеренный в срок наблюдения. ,station
2024-02-18 06:00:00,-3.4,82,4,,1002.0481520000001,4.0,Снег непрерывный слабый в срок наблюдения. ,station
2024-02-18 09:00:00,-4.4,80,4,9.0,1005.647846,2.0,Слабый или умеренный поземок в целом низкий (ниже уровня глаз наблюдателя). ,station
2024-02-18 12:00:00,-3.3,72,4,8.0,1009.114218,,Слабый или умеренный поземок в целом низкий (ниже уровня глаз наблюдателя). ,station
2024-02-18 15:00:00,-2.4,69,4,9.0,1010.7140820000001,,Слабый или умеренный поземок в целом низкий (ниже уровня глаз наблюдателя). ,station
2024-02-18 18:00:00,-5.8,79,0,,1012.0473020000001,0.0,Состояние неба в общем не изменилось. ,station
2024-02-18 21:00:00,-10.8,95,1,,1012.713912,0.0,Состояние неба в общем не изменилось. ,station
2024-02-19 00:00:00,-16.0,90,1,1.0,1012.980556,, ,station
2024-02-19 03:00:00,-18.4,87,2,3.0,1012.8472340000001,, ,station
2024-02-19 06:00:00,-20.6,84,1,,1012.447268,0.0, ,station
2024-02-19 09:00:00,-23.0,81,1,,1012.1806240000001,0.0, ,station
2024-02-19 12:00:00,-13.1,92,0,,1010.7140820000001,, ,station
2024-02-19 15:00:00,-7.1,76,2,4.0,1009.2475400000001,, ,station
2024-02-19 18:00:00,-6.7,73,2,5.0,1007.647676,0.0, ,station
2024-02-19 21:00:00,-7.6,76,2,4.0,1006.0478120000001,0.0, ,station
2024-02-20 00:00:00,-7.2,73,1,3.0,1004.58127,, ,station
2024-02-20 03:00:00,-6.4,74,2,3.0,1002.7147620000001,, ,station
2024-02-20 06:00:00,-5.8,74,1,3.0,1001.2482200000001,0.0, ,station
2024-02-20 09:00:00,-6.3,100,0,,1002.58144,0.5,Снег непрерывный слабый в срок наблюдения. ,station
2024-02-20 12:00:00,-4.9,73,3,7.0,1005.647846,,Облака в целом рассеиваются или становятся менее развитыми. ,station
2024-02-20 15:00:00,-4.1,59,2,5.0,1008.314286,,Состояние неба в общем не изменилось. ,station
2024-02-20 18:00:00,-11.3,84,1,,1010.0474720000001,0.5, ,station
2024-02-20 21:00:00,-16.8,92,2,2.0,1011.114048,0.0, ,station
2024-02-21 00:00:00,-20.3,85,2,3.0,1011.780658,, ,station
2024-02-21 03:00:00,-23.6,81,2,3.0,1011.647336,, ,station
2024-02-21 06:00:00,-20.0,83,1,,1010.8474040000001,0.0,Снег с перерывами слабый в срок наблюдения. ,station
2024-02-21 09:00:00,-16.3,85,0,,1009.647506,0.3,Снег непрерывный слабый в срок наблюдения. ,station
2024-02-21 12:00:00,-13.4,89,0,,1009.2475400000001,,Снег непрерывный слабый в срок наблюдения. ,station
2024-02-21 15:00:00,-10.9,85,0,,1008.1809640000001,,Снег непрерывный слабый в срок наблюдения. ,station
2024-02-21 18:00:00,-9.9,95,0,,1007.2477100000001,1.0,Снег непрерывный умеренный в срок наблюдения. ,station
2024-02-21 21:00:00,-9.1,98,0,,1006.314456,2.0,Снег непрерывный слабый в срок наблюдения. ,station
2024-02-22 00:00:00,-8.7,100,0,,1005.24788,,Снег непрерывный слабый в срок наблюдения. ,station
2024-02-22 03:00:00,-7.9,100,1,,1003.781338,,Снег непрерывный слабый в срок наблюдения. ,station
2024-02-22 06:00:00,-3.2,100,2,4.0,1001.648186,3.0,Снег непрерывный умеренный в срок наблюдения. ,station
2024-02-22 09:00:00,-3.5,100,2,5.0,1000.448288,4.0,Снег непрерывный умеренный в срок наблюдения. ,station
2024-02-22 12:00:00,-2.8,100,2,4.0,1000.314966,,Состояние неба в общем не изменилось. ,station
2024-02-22 15:00:00,-1.8,100,2,4.0,1000.314966,,Состояние неба в общем не изменилось. ,station
2024-02-22 18:00:00,-1.5,100,2,5.0,1000.448288,2.0, ,station
2024-02-22 21:00:00,-1.6,100,3,6.0,1000.0483220000001,0.4, ,station
2024-02-23 00:00:00,-1.1,100,3,6.0,1000.0483220000001,,Снег непрерывный слабый в срок наблюдения. ,station
2024-02-23 03:00:00,-0.6,100,2,5.0,1000.8482540000001,,Состояние неба в общем не изменилось. ,station
2024-02-23 06:00:00,0.0,100,3,7.0,1001.2482200000001,0.0, ,station
2024-02-23 09:00:00,0.3,100,3,6.0,1002.0481520000001,0.0,Состояние неба в общем не изменилось. ,station
2024-02-23 12:00:00,1.0,100,2,5.0,1003.24805,, ,station
2024-02-23 15:00:00,0.8,99,3,,1003.648016,,Ливневый(ые) дождь(и) слабый(ые) в срок наблюдения или за последний час. ,station
2024-02-23 18:00:00,0.6,100,4,7.0,1003.24805,0.4,Состояние неба в общем не изменилось. ,station
2024-02-23 21:00:00,0.7,100,3,7.0,1002.981406,0.4,Состояние неба в общем не изменилось. ,station
2024-02-24 00:00:00,0.9,100,3,6.0,1002.8480840000001,,Состояние неба в общем не изменилось. ,station
2024-02-24 03:00:00,0.2,100,4,10.0,1002.0481520000001,,Снег непрерывный умеренный в срок наблюдения. ,station
2024-02-24 06:00:00,0.5,100,4,9.0,1001.5148640000001,2.0,Снег непрерывный слабый в срок наблюдения. ,station
2024-02-24 09:00:00,0.9,100,2,5.0,1002.0481520000001,2.0,Снег неливневый. ,station
2024-02-24 12:00:00,1.6,100,3,7.0,1002.8480840000001,,Состояние неба в общем не изменилось. ,station
2024-02-24 15:00:00,2.4,94,4,,1003.781338,,Облака в целом рассеиваются или становятся менее развитыми. ,station
2024-02-24 18:00:00,2.4,92,3,5.0,1004.8479140000001,0.3, ,station
2024-02-24 21:00:00,1.6,99,4,7.0,1005.381202,0.0, ,station
2024-02-25 00:00:00,1.1,100,2,5.0,1004.447948,, ,station
2024-02-25 03:00:00,0.9,100,3,,1002.314796,, ,station
2024-02-25 06:00:00,0.9,99,2,4.0,999.648356,0.0,Снег с перерывами слабый в срок наблюдения. ,station
2024-02-25 09:00:00,0.0,100,0,,996.58195,4.0,Снег непрерывный сильный в срок наблюдения.  Диаметр отложения мокрого снега составляет 6 мм.,station
2024-02-25 12:00:00,0.5,100,0,,997.24856,,Снег непрерывный слабый в срок наблюдения. ,station
2024-02-25 15:00:00,1.2,100,1,2.0,1000.0483220000001,,Облака в целом образовывались или развивались. ,station
2024-02-25 18:00:00,1.0,100,2,4.0,1003.24805,8.0, ,station
2024-02-25 21:00:00,1.0,100,3,6.0,1005.114558,4.0, ,station
2024-02-26 00:00:00,1.7,100,3,7.0,1006.447778,, ,station
2024-02-26 03:00:00,1.4,100,2,5.0,1006.7144220000001,,Состояние неба в общем не изменилось. ,station
2024-02-26 06:00:00,1.2,100,3,5.0,1006.0478120000001,0.1, ,station
2024-02-26 09:00:00,1.3,100,2,5.0,1006.0478120000001,0.1, ,station
2024-02-26 12:00:00,2.3,93,3,6.0,1006.7144220000001,, ,station
2024-02-26 15:00:00,2.8,78,2,5.0,1006.8477440000001,, ,station
2024-02-26 18:00:00,2.0,86,3,6.0,1006.9810659999999,0.0, ,station
2024-02-26 21:00:00,1.9,84,3,6.0,1007.2477100000001,0.0, ,station
2024-02-27 00:00:00,1.8,83,1,3.0,1008.4476080000001,, ,station
2024-02-27 03:00:00,0.3,89,1,2.0,1009.647506,, ,station
2024-02-27 06:00:00,-2.1,100,1,2.0,1010.8474040000001,0.0, ,station
2024-02-27 09:00:00,-1.3,98,0,,1012.1806240000001,0.0, ,station
2024-02-27 12:00:00,0.2,85,1,4.0,1013.2472,, ,station
2024-02-27 15:00:00,1.1,77,2,3.0,1013.5138440000001,, ,station
2024-02-27 18:00:00,0.3,97,1,2.0,1014.047132,0.0, ,station
2024-02-27 21:00:00,-0.3,100,2,4.0,1014.58042,0.1,Ливневый снег слабый в срок наблюдения или за последний час. ,station
2024-02-28 00:00:00,-1.0,88,2,3.0,1014.8470640000002,,Состояние неба в общем не изменилось. ,station
2024-02-28 03:00:00,-1.2,82,2,4.0,1015.2470300000001,,Состояние неба в общем не изменилось. ,station
2024-02-28 06:00:00,-1.5,86,2,4.0,1014.313776,0.4, ,station
2024-02-28 09:00:00,-2.0,91,2,5.0,1014.047132,0.3, ,station
2024-02-28 12:00:00,-1.8,93,3,6.0,1012.8472340000001,, ,station
2024-02-28 15:00:00,-1.2,87,3,5.0,1012.1806240000001,,Ливневый снег или ливневый дождь и снег. ,station
2024-02-28 18:00:00,-0.9,85,3,6.0,1011.24737,0.0, ,station
2024-02-28 21:00:00,-1.0,92,2,4.0,1010.8474040000001,0.0, ,station
2024-02-29 00:00:00,-1.3,94,3,6.0,1009.9141500000001,, ,station
2024-02-29 03:00:00,-1.0,92,2,5.0,1010.314116,, ,station
2024-02-29 06:00:00,-1.0,89,2,5.0,1010.7140820000001,0.0, ,station
2024-02-29 09:00:00,-1.3,94,3,5.0,1011.5140140000001,0.0, ,station
2024-02-29 12:00:00,-0.1,89,3,6.0,1012.58059,, ,station
2024-02-29 15:00:00,0.9,82,2,5.0,1013.380522,, ,station
2024-02-29 18:00:00,0.3,90,3,6.0,1014.047132,0.0, ,station
2024-02-29 21:00:00,0.0,87,3,7.0,1014.313776,0.0, ,station
2024-03-01 00:00:00,-0.2,85,3,6.0,1013.647166,, ,station
2024-03-01 03:00:00,0.0,87,3,,1012.8472340000001,, ,station
2024-03-01 06:00:00,0.4,96,4,7.0,1011.647336,0.0,Ливневый снег или ливневый дождь и снег. ,station
2024-03-01 09:00:00,1.4,90,3,6.0,1012.1806240000001,0.0,Состояние неба в общем не изменилось. ,station
2024-03-01 12:00:00,2.2,87,2,4.0,1013.5138440000001,, ,station
2024-03-01 15:00:00,2.3,91,2,4.0,1014.58042,, ,station
2024-03-01 18:00:00,1.7,98,2,5.0,1015.2470300000001,0.0, ,station
2024-03-01 21:00:00,1.4,100,3,5.0,1016.0469620000001,0.0,Дождь незамерзающий с перерывами слабый в срок наблюдения. ,station
2024-03-02 00:00:00,1.7,100,3,5.0,1016.5802500000001,,Состояние неба в общем не изменилось. ,station
2024-03-02 03:00:00,2.9,78,2,5.0,1017.646826,,Состояние неба в общем не изменилось. ,station
2024-03-02 06:00:00,1.7,91,2,4.0,1018.0467920000001,0.0, ,station
2024-03-02 09:00:00,1.9,95,2,3.0,1018.313436,0.0, ,station
2024-03-02 12:00:00,1.7,97,2,4.0,1019.2466900000001,, ,station
2024-03-02 15:00:00,2.0,92,2,5.0,1019.779978,, ,station
2024-03-02 18:00:00,1.5,97,1,2.0,1020.446588,0.0, ,station
2024-03-02 21:00:00,2.0,98,1,1.0,1021.646486,0.0, ,station
2024-03-03 00:00:00,1.3,100,0,,1022.446418,, ,station
2024-03-03 03:00:00,1.0,100,0,,1022.046452,, ,station
2024-03-03 06:00:00,0.4,100,0,,1021.646486,0.3,Дождь незамерзающий с перерывами слабый в срок наблюдения. ,station
2024-03-03 09:00:00,0.7,100,1,2.0,1020.8465540000001,0.4,Состояние неба в общем не изменилось. ,station
2024-03-03 12:00:00,2.3,99,1,2.0,1020.446588,, ,station
2024-03-03 15:00:00,2.6,100,1,2.0,1019.9133,,Дождь незамерзающий непрерывный слабый в срок наблюдения. ,station
2024-03-03 18:00:00,1.8,100,0,,1020.1799440000001,0.7,Облака в целом рассеиваются или становятся менее развитыми. ,station
2024-03-03 21:00:00,1.4,100,2,5.0,1021.91313,0.6,Облака в целом рассеиваются или становятся менее развитыми. ,station
2024-03-04 00:00:00,1.1,97,2,4.0,1023.779638,, ,station
2024-03-04 03:00:00,0.7,91,1,3.0,1025.646146,, ,station
2024-03-04 06:00:00,0.5,89,2,4.0,1028.0459420000002,0.0, ,station
2024-03-04 09:00:00,0.3,87,2,6.0,1029.645806,0.0, ,station
2024-03-04 12:00:00,1.6,71,2,4.0,1031.3789920000002,, ,station
2024-03-04 15:00:00,2.7,64,2,4.0,1031.91228,, ,station
2024-03-04 18:00:00,0.3,74,1,2.0,1032.312246,0.0, ,station
2024-03-04 21:00:00,-3.8,100,1,,1032.312246,0.0, ,station
2024-03-05 00:00:00,-6.2,100,1,2.0,1031.778958,, ,station
2024-03-05 03:00:00,-8.0,100,0,,1031.512314,, ,station
2024-03-05 06:00:00,-7.9,100,2,3.0,1030.845704,0.0, ,station
2024-03-05 09:00:00,-6.9,99,2,5.0,1030.57906,0.0, ,station
2024-03-05 12:00:00,-3.7,89,2,6.0,1030.312416,, ,station
2024-03-05 15:00:00,-2.3,89,2,5.0,1029.7791280000001,, ,station
2024-03-05 18:00:00,-1.7,85,2,5.0,1029.24584,0.0, ,station
2024-03-05 21:00:00,-1.7,88,2,3.0,1029.24584,0.0, ,station
2024-03-06 00:00:00,-1.9,87,2,4.0,1029.512484,, ,station
2024-03-06 03:00:00,-2.1,84,2,5.0,1029.3791620000002,, ,station
2024-03-06 06:00:00,-2.4,90,2,4.0,1029.512484,0.0, ,station
2024-03-06 09:00:00,-3.1,90,1,3.0,1029.645806,0.0, ,station
2024-03-06 12:00:00,-3.8,94,2,4.0,1029.7791280000001,, ,station
2024-03-06 15:00:00,-1.6,71,1,3.0,1028.7125520000002,, ,station
2024-03-06 18:00:00,-1.0,80,1,3.0,1027.512654,0.0, ,station
2024-03-06 21:00:00,-1.3,88,1,1.0,1026.1794340000001,0.0, ,station
2024-03-07 00:00:00,-2.1,100,1,2.0,1024.8462140000001,,Облака в целом рассеиваются или становятся менее развитыми. ,station
2024-03-07 03:00:00,0.5,96,1,2.0,1023.5129940000002,,Облака в целом образовывались или развивались. ,station
2024-03-07 06:00:00,3.6,87,3,8.0,1021.379842,0.0, ,station
2024-03-07 09:00:00,3.8,82,3,7.0,1019.646656,0.0, ,station
2024-03-07 12:00:00,4.5,70,3,7.0,1017.9134700000001,,"Осадки в поле зрения, не достигающие поверхности земли или моря поблизости. ",station
2024-03-07 15:00:00,3.6,60,5,13.0,1018.0467920000001,,Облака в целом рассеиваются или становятся менее развитыми. ,station
2024-03-07 18:00:00,2.4,67,3,6.0,1020.0466220000001,0.4, ,station
2024-03-07 21:00:00,1.5,73,2,4.0,1020.979876,0.4, ,station
2024-03-08 00:00:00,1.5,74,3,7.0,1021.24652,, ,station
2024-03-08 03:00:00,-0.4,66,3,5.0,1023.3796720000001,,Ливневый снег слабый в срок наблюдения или за последний час. ,station
2024-03-08 06:00:00,-2.2,94,1,,1024.712892,0.6,Ливневый снег умеренный или сильный в срок наблюдения или за последний час. ,station
2024-03-08 09:00:00,-2.4,77,2,5.0,1025.379502,0.6,Состояние неба в общем не изменилось. ,station
2024-03-08 12:00:00,-0.1,62,3,5.0,1025.779468,, ,station
2024-03-08 15:00:00,0.3,59,2,5.0,1025.646146,,Облака в целом образовывались или развивались. ,station
2024-03-08 18:00:00,-0.6,68,2,4.0,1025.24618,0.0, ,station
2024-03-08 21:00:00,-2.5,80,0,,1024.046282,0.0,Состояние неба в общем не изменилось. ,station
2024-03-09 00:00:00,-2.1,81,0,,1023.24635,,Ливневый снег слабый в срок наблюдения или за последний час. ,station
2024-03-09 03:00:00,-3.3,89,0,,1022.046452,,Облака в целом рассеиваются или становятся менее развитыми. ,station
2024-03-09 06:00:00,-4.2,99,0,,1020.446588,0.0,Ливневый снег слабый в срок наблюдения или за последний час. ,station
2024-03-09 09:00:00,-3.1,100,0,,1019.113368,0.6,Ливневый снег умеренный или сильный в срок наблюдения или за последний час. ,station
2024-03-09 12:00:00,-1.1,100,0,,1018.446758,,Ливневый снег слабый в срок наблюдения или за последний час. ,station
2024-03-09 15:00:00,2.5,94,2,4.0,1018.446758,,Состояние неба в общем не изменилось. ,station
2024-03-09 18:00:00,1.5,85,1,3.0,1019.2466900000001,1.0,Состояние неба в общем не изменилось. ,station
2024-03-09 21:00:00,-1.1,100,1,1.0,1018.8467240000001,0.9,Облака в целом образовывались или развивались. ,station
2024-03-10 00:00:00,1.5,89,1,3.0,1018.313436,,Состояние неба в общем не изменилось. ,station
2024-03-10 03:00:00,2.0,86,1,,1017.780148,,Состояние неба в общем не изменилось. ,station
2024-03-10 06:00:00,1.9,84,1,3.0,1017.2468600000001,0.1, ,station
2024-03-10 09:00:00,1.8,100,1,2.0,1016.1802840000001,0.1,Ливневый снег слабый в срок наблюдения или за последний час. ,station
2024-03-10 12:00:00,4.3,78,2,5.0,1015.3803520000001,,Состояние неба в общем не изменилось. ,station
2024-03-10 15:00:00,5.1,66,3,6.0,1014.1804540000002,,Состояние неба в общем не изменилось. ,station
2024-03-10 18:00:00,4.2,66,3,5.0,1013.647166,0.2, ,station
2024-03-10 21:00:00,3.5,72,2,4.0,1012.447268,0.1, ,station
2024-03-11 00:00:00,3.0,76,3,6.0,1012.1806240000001,, ,station
2024-03-11 03:00:00,1.1,79,1,,1014.1804540000002,,Состояние неба в общем не изменилось. ,station
2024-03-11 06:00:00,1.3,71,3,6.0,1015.3803520000001,0.3, ,station
2024-03-11 09:00:00,0.8,78,2,5.0,1017.3801820000001,0.3, ,station
2024-03-11 12:00:00,1.5,62,3,8.0,1018.8467240000001,, ,station
2024-03-11 15:00:00,1.9,62,2,5.0,1019.2466900000001,, ,station
2024-03-11 18:00:00,1.2,64,2,5.0,1019.3800120000001,0.0, ,station
2024-03-11 21:00:00,1.1,65,1,4.0,1019.2466900000001,0.0, ,station
2024-03-12 00:00:00,-0.6,78,1,1.0,1018.5800800000001,, ,station
2024-03-12 03:00:00,-0.7,85,0,,1017.9134700000001,, ,station
2024-03-12 06:00:00,1.2,68,1,2.0,1016.7135720000001,0.0, ,station
2024-03-12 09:00:00,1.5,70,1,2.0,1015.646996,0.0, ,station
2024-03-12 12:00:00,2.9,65,2,4.0,1014.313776,, ,station
2024-03-12 15:00:00,2.0,63,4,8.0,1014.047132,, ,station
2024-03-12 18:00:00,-2.4,74,1,4.0,1014.047132,0.0, ,station
2024-03-12 21:00:00,-2.6,84,1,3.0,1014.980386,0.0,Ливневый снег слабый в срок наблюдения или за последний час. ,station
2024-03-13 00:00:00,-2.8,86,2,5.0,1015.646996,,Ливневый снег или ливневый дождь и снег. ,station
2024-03-13 03:00:00,-2.9,71,2,4.0,1016.980216,,Состояние неба в общем не изменилось. ,station
2024-03-13 06:00:00,-3.7,68,1,3.0,1017.646826,0.2, ,station
2024-03-13 09:00:00,-3.8,65,1,2.0,1017.9134700000001,0.2, ,station
2024-03-13 12:00:00,-3.3,59,2,4.0,1017.5135040000001,, ,station
2024-03-13 15:00:00,-3.5,68,2,5.0,1016.0469620000001,,Снег непрерывный слабый в срок наблюдения. ,station
2024-03-13 18:00:00,-4.4,87,2,5.0,1013.647166,0.2,Снег непрерывный слабый в срок наблюдения. ,station
2024-03-13 21:00:00,-4.3,83,2,,1011.780658,0.2,Снег непрерывный слабый в срок наблюдения. ,station
2024-03-14 00:00:00,-3.9,92,2,5.0,1009.780828,,Состояние неба в общем не изменилось. ,station
2024-03-14 03:00:00,-4.0,97,2,3.0,1007.2477100000001,,Состояние неба в общем не изменилось. ,station
2024-03-14 06:00:00,-3.9,90,1,3.0,1004.981236,0.0, ,station
2024-03-14 09:00:00,-3.5,100,2,5.0,1001.781508,0.0, ,station
2024-03-14 12:00:00,-3.2,99,3,6.0,998.4484580000001,, ,station
2024-03-14 15:00:00,-2.8,99,3,,992.7156120000001,,Снег непрерывный сильный в срок наблюдения. ,station
2024-03-14 18:00:00,-1.0,100,4,,985.5162240000001,6.0,Снег непрерывный умеренный в срок наблюдения. ,station
2024-03-14 21:00:00,0.5,100,1,3.0,982.449818,7.0,Снег неливневый. ,station
2024-03-15 00:00:00,0.9,78,4,8.0,984.0496820000001,,Состояние неба в общем не изменилось. ,station
2024-03-15 03:00:00,-4.2,75,1,,987.24941,,Облака в целом рассеиваются или становятся менее развитыми. ,station
2024-03-15 06:00:00,-6.5,89,1,1.0,988.8492740000002,1.0, ,station
2024-03-15 09:00:00,-4.8,76,1,3.0,989.649206,0.1, ,station
2024-03-15 12:00:00,-4.0,80,2,4.0,991.649036,,Снег непрерывный слабый в срок наблюдения. ,station
2024-03-15 15:00:00,-1.4,67,2,4.0,993.91551,,Облака в целом рассеиваются или становятся менее развитыми. ,station
2024-03-15 18:00:00,-1.0,68,1,2.0,996.58195,0.9, ,station
2024-03-15 21:00:00,-1.9,81,1,3.0,998.8484240000001,0.9,Снег непрерывный слабый в срок наблюдения. ,station
2024-03-16 00:00:00,-2.6,99,1,3.0,1000.0483220000001,,Снег непрерывный слабый в срок наблюдения. ,station
2024-03-16 03:00:00,-2.9,90,2,4.0,1000.0483220000001,,Снег непрерывный слабый в срок наблюдения. ,station
2024-03-16 06:00:00,-3.7,100,1,,998.1818140000001,1.0,Снег непрерывный умеренный в срок наблюдения. ,station
2024-03-16 09:00:00,-3.6,100,1,,996.048662,3.0,Снег непрерывный умеренный в срок наблюдения. ,station
2024-03-16 12:00:00,-2.2,93,1,2.0,995.648696,,Снег неливневый. ,station
2024-03-16 15:00:00,-1.0,77,4,8.0,997.115238,,Состояние неба в общем не изменилось. ,station
2024-03-16 18:00:00,-1.9,71,3,8.0,1000.7149320000001,2.0,Снег непрерывный слабый в срок наблюдения. ,station
2024-03-16 21:00:00,-5.4,71,2,5.0,1004.8479140000001,0.5,Облака в целом рассеиваются или становятся менее развитыми. ,station
2024-03-17 00:00:00,-7.6,59,2,4.0,1007.9143200000001,, ,station
2024-03-17 03:00:00,-9.6,66,2,5.0,1010.447438,, ,station
2024-03-17 06:00:00,-13.3,86,1,2.0,1013.647166,0.0, ,station
2024-03-17 09:00:00,-13.4,84,0,,1017.2468600000001,0.0, ,station
2024-03-17 12:00:00,-6.0,50,2,4.0,1020.313266,, ,station
2024-03-17 15:00:00,-2.2,38,2,4.0,1021.646486,, ,station
2024-03-17 18:00:00,-2.4,36,2,5.0,1022.446418,0.0, ,station
2024-03-17 21:00:00,-11.3,71,0,,1024.312926,0.0, ,station
2024-03-18 00:00:00,-15.4,81,2,3.0,1024.57957,, ,station
2024-03-18 03:00:00,-10.4,81,2,4.0,1022.713062,, ,station
2024-03-18 06:00:00,-5.8,46,2,8.0,1020.7132320000001,0.0, ,station
2024-03-18 09:00:00,-3.7,33,3,7.0,1019.5133340000001,0.0,Состояние неба в общем не изменилось. ,station
2024-03-18 12:00:00,-0.4,23,2,,1018.0467920000001,,Слабый или умеренный поземок в целом низкий (ниже уровня глаз наблюдателя). ,station
2024-03-18 15:00:00,1.2,23,5,9.0,1016.8468940000001,,Слабый или умеренный поземок в целом низкий (ниже уровня глаз наблюдателя). ,station
2024-03-18 18:00:00,0.7,30,4,8.0,1015.2470300000001,0.0,Слабый или умеренный поземок в целом низкий (ниже уровня глаз наблюдателя). ,station
2024-03-18 21:00:00,-0.9,39,2,5.0,1015.7803180000001,0.0,Состояние неба в общем не изменилось. ,station
2024-03-19 00:00:00,-2.1,42,1,2.0,1016.1802840000001,, ,station
2024-03-19 03:00:00,-3.0,56,1,3.0,1016.1802840000001,, ,station
2024-03-19 06:00:00,-5.8,65,1,1.0,1016.5802500000001,0.0, ,station
2024-03-19 09:00:00,-3.7,65,0,,1017.2468600000001,0.0, ,station
2024-03-19 12:00:00,-0.6,58,2,3.0,1018.0467920000001,,Состояние неба в общем не изменилось. ,station
2024-03-19 15:00:00,1.9,55,1,3.0,1018.0467920000001,,Облака в целом рассеиваются или становятся менее развитыми. ,station
2024-03-19 18:00:00,1.1,56,1,2.0,1017.2468600000001,0.0, ,station
2024-03-19 21:00:00,-2.4,67,0,,1017.2468600000001,0.0, ,station
2024-03-20 00:00:00,-6.0,81,1,1.0,1017.3801820000001,, ,station
2024-03-20 03:00:00,-9.1,80,2,3.0,1016.5802500000001,, ,station
2024-03-20 06:00:00,-11.2,74,2,3.0,1015.9136400000001,0.0, ,station
2024-03-20 09:00:00,-7.4,69,1,1.0,1015.113708,0.0, ,station
2024-03-20 12:00:00,-0.3,56,2,3.0,1014.047132,, ,station
2024-03-20 15:00:00,0.7,61,3,6.0,1013.5138440000001,, ,station
2024-03-20 18:00:00,-0.6,65,0,,1013.380522,0.0, ,station
2024-03-20 21:00:00,-2.2,80,1,2.0,1012.8472340000001,0.0, ,station
2024-03-21 00:00:00,-2.2,84,1,1.0,1012.313946,, ,station
2024-03-21 03:00:00,-2.5,86,0,,1011.647336,, ,station
2024-03-21 06:00:00,-0.8,88,1,3.0,1010.447438,0.0, ,station
2024-03-21 09:00:00,-0.6,100,1,1.0,1009.647506,0.2,Снег непрерывный слабый в срок наблюдения. ,station
2024-03-21 12:00:00,1.6,98,1,3.0,1009.114218,,Ливневый снег слабый в срок наблюдения или за последний час. ,station
2024-03-21 15:00:00,2.7,68,2,4.0,1008.8475740000001,,Состояние неба в общем не изменилось. ,station
2024-03-21 18:00:00,2.3,71,2,5.0,1008.8475740000001,0.6,"Осадки в поле зрения, не достигающие поверхности земли или моря поблизости. ",station
2024-03-21 21:00:00,0.6,75,2,4.0,1009.3808620000001,0.4, ,station
2024-03-22 00:00:00,-0.1,76,2,5.0,1009.5141840000001,, ,station
2024-03-22 03:00:00,-2.1,71,2,5.0,1009.2475400000001,, ,station
2024-03-22 06:00:00,-5.6,85,1,2.0,1008.5809300000001,0.0, ,station
2024-03-22 09:00:00,-3.5,74,1,1.0,1007.647676,0.0, ,station
2024-03-22 12:00:00,-2.1,76,1,4.0,1006.8477440000001,, ,station
2024-03-22 15:00:00,-1.6,71,2,3.0,1005.91449,, ,station
2024-03-22 18:00:00,-2.6,83,2,4.0,1004.047982,0.0, ,station
2024-03-22 21:00:00,-3.6,71,1,2.0,1003.24805,0.0, ,station
2024-03-23 00:00:00,-4.3,67,1,3.0,1002.448118,, ,station
2024-03-23 03:00:00,-4.5,75,2,,1001.648186,, ,station
2024-03-23 06:00:00,-7.8,74,2,4.0,1001.5148640000001,0.0, ,station
2024-03-23 09:00:00,-7.6,67,2,5.0,1001.648186,0.0, ,station
2024-03-23 12:00:00,-4.7,34,2,5.0,1001.648186,, ,station
2024-03-23 15:00:00,-2.8,32,2,,1001.3815420000001,, ,station
2024-03-23 18:00:00,-5.3,38,3,8.0,1001.5148640000001,0.0, ,station
2024-03-23 21:00:00,-9.8,58,2,5.0,1003.381372,0.0, ,station
2024-03-24 00:00:00,-12.1,69,3,5.0,1004.047982,, ,station
2024-03-24 03:00:00,-13.0,72,2,5.0,1004.58127,, ,station
2024-03-24 06:00:00,-13.6,75,3,6.0,1005.381202,0.0, ,station
2024-03-24 09:00:00,-10.7,59,1,,1005.647846,0.0, ,station
2024-03-24 12:00:00,-7.1,40,1,3.0,1006.0478120000001,, ,station
2024-03-24 15:00:00,-5.3,43,2,5.0,1006.447778,, ,station
2024-03-24 18:00:00,-5.4,37,2,4.0,1006.447778,0.0, ,station
2024-03-24 21:00:00,-10.5,54,2,3.0,1007.1143880000001,0.0, ,station
2024-03-25 00:00:00,-10.8,54,1,4.0,1007.647676,, ,station
2024-03-25 03:00:00,-15.2,71,1,3.0,1007.1143880000001,, ,station
2024-03-25 06:00:00,-16.0,73,1,2.0,1006.9810659999999,0.0, ,station
2024-03-25 09:00:00,-13.4,65,1,,1007.1143880000001,0.0, ,station
2024-03-25 12:00:00,-8.0,47,1,,1006.8477440000001,, ,station
2024-03-25 15:00:00,-5.4,51,2,3.0,1006.0478120000001,, ,station
2024-03-25 18:00:00,-5.5,54,1,2.0,1005.91449,0.0, ,station
2024-03-25 21:00:00,-11.2,69,1,,1006.8477440000001,0.0, ,station
2024-03-26 00:00:00,-10.4,65,1,,1007.3810320000001,, ,station
2024-03-26 03:00:00,-11.4,67,1,2.0,1008.314286,, ,station
2024-03-26 06:00:00,-12.8,72,1,2.0,1009.2475400000001,0.0, ,station
2024-03-26 09:00:00,-9.0,58,0,,1010.314116,0.0, ,station
2024-03-26 12:00:00,-6.9,53,1,2.0,1011.114048,, ,station
2024-03-26 15:00:00,-4.8,58,3,4.0,1011.647336,, ,station
2024-03-26 18:00:00,-6.2,69,1,,1012.1806240000001,0.0,Ливневый снег слабый в срок наблюдения или за последний час. ,station
2024-03-26 21:00:00,-7.3,82,1,2.0,1012.8472340000001,0.0,Ливневый снег слабый в срок наблюдения или за последний час. ,station
2024-03-27 00:00:00,-7.9,91,1,3.0,1013.647166,,Ливневый снег слабый в срок наблюдения или за последний час. ,station
2024-03-27 03:00:00,-9.6,96,1,2.0,1014.047132,,Снег непрерывный слабый в срок наблюдения. ,station
2024-03-27 06:00:00,-12.3,96,2,3.0,1014.447098,0.2,Снег непрерывный слабый в срок наблюдения. ,station
2024-03-27 09:00:00,-11.0,85,0,,1014.8470640000002,0.2,Состояние неба в общем не изменилось. ,station
2024-03-27 12:00:00,-4.5,72,1,2.0,1014.7137420000001,,Ливневый снег или ливневый дождь и снег. ,station
2024-03-27 15:00:00,-3.4,70,2,4.0,1014.58042,,Состояние неба в общем не изменилось. ,station
2024-03-27 18:00:00,-3.5,67,2,4.0,1014.1804540000002,0.0, ,station
2024-03-27 21:00:00,-9.8,96,1,1.0,1014.447098,0.0, ,station
2024-03-28 00:00:00,-14.2,94,2,3.0,1014.313776,, ,station
2024-03-28 03:00:00,-15.2,91,2,2.0,1013.647166,, ,station
2024-03-28 06:00:00,-17.2,87,2,3.0,1012.447268,0.0, ,station
2024-03-28 09:00:00,-5.2,85,4,7.0,1010.0474720000001,0.0,Снег с перерывами слабый в срок наблюдения. ,station
2024-03-28 12:00:00,-2.9,94,4,9.0,1007.2477100000001,,Снег непрерывный слабый в срок наблюдения. ,station
2024-03-28 15:00:00,-2.8,99,4,9.0,1003.91466,,Снег непрерывный сильный в срок наблюдения. ,station
2024-03-28 18:00:00,-1.6,100,3,6.0,1001.781508,5.0,Снег непрерывный умеренный в срок наблюдения. ,station
2024-03-28 21:00:00,-1.7,99,1,2.0,1001.648186,6.0,Снег непрерывный слабый в срок наблюдения. ,station
2024-03-29 00:00:00,-2.8,100,0,,1001.2482200000001,,Снег непрерывный слабый в срок наблюдения. ,station
2024-03-29 03:00:00,-3.4,94,1,3.0,1001.648186,,Облака в целом рассеиваются или становятся менее развитыми. ,station
2024-03-29 06:00:00,-9.1,100,1,2.0,1002.0481520000001,2.0, ,station
2024-03-29 09:00:00,-4.0,85,1,3.0,1002.1814740000001,0.4, ,station
2024-03-29 12:00:00,-0.2,69,3,6.0,1002.448118,, ,station
2024-03-29 15:00:00,1.0,65,2,5.0,1003.91466,, ,station
2024-03-29 18:00:00,1.1,58,2,4.0,1004.58127,0.0, ,station
2024-03-29 21:00:00,-1.1,71,0,,1005.5145240000002,0.0, ,station
2024-03-30 00:00:00,-2.1,78,0,,1006.5811000000001,, ,station
2024-03-30 03:00:00,-2.0,68,1,2.0,1007.3810320000001,, ,station
2024-03-30 06:00:00,-2.6,70,1,2.0,1007.647676,0.0, ,station
2024-03-30 09:00:00,-1.5,62,0,,1008.1809640000001,0.0, ,station
2024-03-30 12:00:00,-3.3,71,3,5.0,1008.1809640000001,, ,station
2024-03-30 15:00:00,-2.9,69,2,4.0,1007.2477100000001,, ,station
2024-03-30 18:00:00,-4.3,77,2,4.0,1006.8477440000001,0.0, ,station
2024-03-30 21:00:00,-4.9,80,1,3.0,1006.447778,0.0, ,station
2024-03-31 00:00:00,-5.6,100,1,3.0,1006.0478120000001,,Снег непрерывный умеренный в срок наблюдения. ,station
2024-03-31 03:00:00,-5.7,100,1,2.0,1004.8479140000001,,Снег непрерывный слабый в срок наблюдения. ,station
2024-03-31 06:00:00,-5.7,100,1,3.0,1004.047982,4.0,Снег непрерывный умеренный в срок наблюдения. ,station
2024-03-31 09:00:00,-4.9,100,0,,1004.8479140000001,4.0,Снег непрерывный слабый в срок наблюдения. ,station
2024-03-31 12:00:00,-2.3,68,2,5.0,1007.5143540000001,,Ливневый снег или ливневый дождь и снег. ,station
2024-03-31 15:00:00,0.0,61,2,6.0,1009.3808620000001,,Облака в целом образовывались или развивались. ,station
2024-03-31 18:00:00,-0.4,64,2,4.0,1011.3806920000001,0.8, ,station
2024-03-31 21:00:00,-2.5,80,1,1.0,1012.8472340000001,0.0, ,station
2024-04-01 00:00:00,-4.9,87,1,1.0,1012.8472340000001,, ,station
2024-04-01 03:00:00,-6.9,88,0,,1012.980556,, ,station
2024-04-01 06:00:00,-6.3,84,1,,1011.647336,0.0, ,station
2024-04-01 09:00:00,-3.5,73,1,3.0,1009.9141500000001,0.0, ,station
2024-04-01 12:00:00,-4.1,87,2,3.0,1008.4476080000001,,Снег непрерывный умеренный в срок наблюдения. ,station
2024-04-01 15:00:00,-4.0,89,2,5.0,1006.447778,,Снег непрерывный умеренный в срок наблюдения. ,station
2024-04-01 18:00:00,-3.8,86,1,3.0,1005.647846,3.0,Снег непрерывный слабый в срок наблюдения. ,station
2024-04-01 21:00:00,-4.5,98,3,6.0,1006.1811340000002,4.0,Снег непрерывный умеренный в срок наблюдения. ,station
2024-04-02 00:00:00,-5.5,91,2,5.0,1007.1143880000001,,Снег непрерывный слабый в срок наблюдения. ,station
2024-04-02 03:00:00,-6.3,78,3,7.0,1009.780828,,Снег с перерывами слабый в срок наблюдения. ,station
2024-04-02 06:00:00,-8.8,74,3,6.0,1011.647336,2.0,Облака в целом рассеиваются или становятся менее развитыми. ,station
2024-04-02 09:00:00,-7.5,75,4,7.0,1012.8472340000001,0.5,Ливневый снег слабый в срок наблюдения или за последний час. ,station
2024-04-02 12:00:00,-4.0,56,3,6.0,1014.8470640000002,,Состояние неба в общем не изменилось. ,station
2024-04-02 15:00:00,-2.3,44,2,5.0,1015.9136400000001,,Состояние неба в общем не изменилось. ,station
2024-04-02 18:00:00,-3.7,40,2,4.0,1015.7803180000001,0.0, ,station
2024-04-02 21:00:00,-10.7,67,1,2.0,1016.4469280000001,0.0, ,station
2024-04-03 00:00:00,-14.5,76,2,4.0,1016.0469620000001,, ,station
2024-04-03 03:00:00,-16.0,82,1,4.0,1015.646996,, ,station
2024-04-03 06:00:00,-17.6,87,2,3.0,1014.447098,0.0, ,station
2024-04-03 09:00:00,-10.5,65,1,3.0,1013.780488,0.0, ,station
2024-04-03 12:00:00,-4.5,45,2,5.0,1012.980556,, ,station
2024-04-03 15:00:00,-4.4,37,2,5.0,1012.313946,, ,station
2024-04-03 18:00:00,-4.3,34,2,4.0,1012.0473020000001,0.0, ,station
2024-04-03 21:00:00,-10.7,56,2,3.0,1012.980556,0.0, ,station
2024-04-04 00:00:00,-14.3,62,2,4.0,1013.647166,, ,station
2024-04-04 03:00:00,-13.6,66,2,4.0,1014.313776,, ,station
2024-04-04 06:00:00,-17.5,74,2,5.0,1015.2470300000001,0.0, ,station
2024-04-04 09:00:00,-9.7,56,2,4.0,1015.646996,0.0, ,station
2024-04-04 12:00:00,-4.0,46,2,4.0,1015.9136400000001,, ,station
2024-04-04 15:00:00,-2.5,43,3,6.0,1016.1802840000001,, ,station
2024-04-04 18:00:00,-2.6,45,2,3.0,1016.8468940000001,0.0, ,station
2024-04-04 21:00:00,-10.2,70,1,2.0,1017.780148,0.0, ,station
2024-04-05 00:00:00,-15.2,86,1,,1018.8467240000001,, ,station
2024-04-05 03:00:00,-17.4,87,2,3.0,1020.313266,, ,station
2024-04-05 06:00:00,-20.8,83,2,3.0,1021.24652,0.0, ,station
2024-04-05 09:00:00,-10.6,63,0,,1022.046452,0.0, ,station
2024-04-05 12:00:00,-5.0,49,1,2.0,1022.046452,, ,station
2024-04-05 15:00:00,-2.1,45,2,4.0,1021.646486,, ,station
2024-04-05 18:00:00,-2.4,39,2,3.0,1020.0466220000001,0.0, ,station
2024-04-05 21:00:00,-7.4,64,1,3.0,1019.2466900000001,0.0, ,station
2024-04-06 00:00:00,-12.0,75,1,2.0,1018.446758,, ,station
2024-04-06 03:00:00,-13.7,75,1,3.0,1016.7135720000001,, ,station
2024-04-06 06:00:00,-12.7,75,1,3.0,1014.047132,0.0, ,station
2024-04-06 09:00:00,-6.9,87,1,3.0,1011.5140140000001,0.3,Снег непрерывный умеренный в срок наблюдения. ,station
2024-04-06 12:00:00,-4.4,85,2,3.0,1008.5809300000001,,Снег непрерывный умеренный в срок наблюдения. ,station
2024-04-06 15:00:00,-3.0,75,1,2.0,1006.447778,,Снег непрерывный слабый в срок наблюдения. ,station
2024-04-06 18:00:00,-3.3,69,2,4.0,1006.1811340000002,1.0,Снег с перерывами слабый в срок наблюдения. ,station
2024-04-06 21:00:00,-7.9,97,1,,1006.9810659999999,2.0,Облака в целом рассеиваются или становятся менее развитыми. ,station
2024-04-07 00:00:00,-12.9,96,1,3.0,1007.647676,, ,station
2024-04-07 03:00:00,-17.2,87,2,3.0,1008.8475740000001,, ,station
2024-04-07 06:00:00,-20.1,84,3,3.0,1009.647506,0.5, ,station
2024-04-07 09:00:00,-9.0,82,1,2.0,1010.314116,0.0, ,station
2024-04-07 12:00:00,-5.0,64,1,2.0,1010.0474720000001,, ,station
2024-04-07 15:00:00,-2.9,61,1,3.0,1008.8475740000001,, ,station
2024-04-07 18:00:00,-2.8,56,2,4.0,1006.7144220000001,0.0, ,station
2024-04-07 21:00:00,-3.4,76,2,4.0,1003.781338,0.0,Снег непрерывный слабый в срок наблюдения. ,station
2024-04-08 00:00:00,-3.9,86,1,,1001.648186,,Ливневый снег слабый в срок наблюдения или за последний час. ,station
2024-04-08 03:00:00,-4.3,94,1,2.0,1000.5816100000001,,Ливневый снег или ливневый дождь и снег. ,station
2024-04-08 06:00:00,-4.1,91,1,3.0,1001.2482200000001,0.7, ,station
2024-04-08 09:00:00,-3.3,86,1,2.0,1002.7147620000001,0.9,Ливневый снег слабый в срок наблюдения или за последний час. ,station
2024-04-08 12:00:00,-1.1,75,2,4.0,1004.447948,,Ливневый снег слабый в срок наблюдения или за последний час. ,station
2024-04-08 15:00:00,-0.9,75,3,5.0,1005.647846,,Ливневый снег слабый в срок наблюдения или за последний час. ,station
2024-04-08 18:00:00,-2.6,88,3,6.0,1006.447778,0.2,Ливневый снег слабый в срок наблюдения или за последний час. ,station
2024-04-08 21:00:00,-2.8,100,3,,1006.1811340000002,2.0,Ливневый снег умеренный или сильный в срок наблюдения или за последний час. ,station
2024-04-09 00:00:00,-2.8,100,1,3.0,1005.647846,,Ливневый снег слабый в срок наблюдения или за последний час. ,station
2024-04-09 03:00:00,-3.2,100,0,,1005.91449,,Ливневый снег умеренный или сильный в срок наблюдения или за последний час. ,station
2024-04-09 06:00:00,-3.6,100,0,,1007.3810320000001,5.0,Ливневый снег или ливневый дождь и снег. ,station
2024-04-09 09:00:00,-2.1,97,2,4.0,1008.1809640000001,2.0,Состояние неба в общем не изменилось. ,station
2024-04-09 12:00:00,-1.2,95,2,5.0,1008.980896,, ,station
2024-04-09 15:00:00,0.7,93,2,4.0,1010.0474720000001,, ,station
2024-04-09 18:00:00,1.3,99,2,3.0,1010.8474040000001,0.0, ,station
2024-04-09 21:00:00,0.4,100,1,2.0,1011.91398,0.0, ,station
2024-04-10 00:00:00,0.2,100,1,2.0,1012.8472340000001,, ,station
2024-04-10 03:00:00,-0.2,100,1,2.0,1013.5138440000001,,"Туман или ледяной туман, неба не видно, без заметного изменения интенсивности в течение последнего часа. ",station
2024-04-10 06:00:00,-0.2,100,1,3.0,1013.5138440000001,0.0,"Туман или ледяной туман, неба не видно, без заметного изменения интенсивности в течение последнего часа. ",station
2024-04-10 09:00:00,-0.3,100,2,4.0,1013.113878,0.0,"Туман или ледяной туман, неба не видно, без заметного изменения интенсивности в течение последнего часа. ",station
2024-04-10 12:00:00,0.0,100,3,6.0,1011.5140140000001,,Дымка. ,station
2024-04-10 15:00:00,1.5,99,2,6.0,1008.980896,,Дождь незамерзающий с перерывами слабый в срок наблюдения. ,station
2024-04-10 18:00:00,2.6,100,2,4.0,1002.1814740000001,2.0,Ливневый(ые) дождь(и) слабый(ые) в срок наблюдения или за последний час. ,station
2024-04-10 21:00:00,3.4,100,5,10.0,996.1819840000002,9.0,Ливневый(ые) дождь(и). ,station
2024-04-11 00:00:00,3.3,100,3,6.0,992.1823240000001,,Состояние неба в общем не изменилось. ,station
2024-04-11 03:00:00,3.7,100,3,7.0,988.0493420000001,,Состояние неба в общем не изменилось. ,station
2024-04-11 06:00:00,3.2,100,3,6.0,984.982936,7.0, ,station
2024-04-11 09:00:00,3.8,99,2,6.0,982.449818,0.2,Ливневый(ые) дождь(и) слабый(ые) в срок наблюдения или за последний час. ,station
2024-04-11 12:00:00,5.7,77,5,9.0,983.2497500000001,,Ливневый(ые) дождь(и). ,station
2024-04-11 15:00:00,7.5,61,6,11.0,986.316156,,Состояние неба в общем не изменилось. ,station
2024-04-11 18:00:00,7.0,63,5,9.0,989.2492400000001,0.2, ,station
2024-04-11 21:00:00,5.8,66,4,9.0,991.2490700000001,0.1, ,station
2024-04-12 00:00:00,4.2,61,3,7.0,993.91551,,Состояние неба в общем не изменилось. ,station
2024-04-12 03:00:00,3.2,68,4,8.0,996.048662,,Состояние неба в общем не изменилось. ,station
2024-04-12 06:00:00,2.5,64,3,10.0,998.4484580000001,0.3, ,station
2024-04-12 09:00:00,2.3,65,3,7.0,1001.2482200000001,0.3, ,station
2024-04-12 12:00:00,2.7,62,2,5.0,1004.8479140000001,, ,station
2024-04-12 15:00:00,2.7,60,2,5.0,1008.1809640000001,, ,station
2024-04-12 18:00:00,2.8,67,1,3.0,1009.780828,0.0, ,station
2024-04-12 21:00:00,-0.3,83,1,2.0,1010.447438,0.0, ,station
2024-04-13 00:00:00,-0.4,100,1,3.0,1011.114048,,Ливневый снег слабый в срок наблюдения или за последний час. ,station
2024-04-13 03:00:00,-0.6,96,2,4.0,1010.447438,,Состояние неба в общем не изменилось. ,station
2024-04-13 06:00:00,-0.4,94,3,6.0,1008.980896,0.0,Ливневый снег слабый в срок наблюдения или за последний час. ,station
2024-04-13 09:00:00,0.0,100,4,,1007.3810320000001,0.5,Ливневый снег слабый в срок наблюдения или за последний час. ,station
2024-04-13 12:00:00,0.4,99,4,,1005.647846,,Ливневый снег умеренный или сильный в срок наблюдения или за последний час. ,station
2024-04-13 15:00:00,1.4,100,4,9.0,1004.047982,,Состояние неба в общем не изменилось. ,station
2024-04-13 18:00:00,2.0,94,2,4.0,1002.1814740000001,5.0,Облака в целом рассеиваются или становятся менее развитыми. ,station
2024-04-13 21:00:00,1.6,97,2,4.0,1000.7149320000001,4.0,Состояние неба в общем не изменилось. ,station
2024-04-14 00:00:00,0.9,100,1,3.0,999.5150340000001,, ,station
2024-04-14 03:00:00,0.3,100,1,2.0,998.0484920000001,, ,station
2024-04-14 06:00:00,0.1,100,0,,996.8485940000002,0.1, ,station
2024-04-14 09:00:00,1.5,95,1,2.0,995.782018,0.0, ,station
2024-04-14 12:00:00,3.5,81,2,4.0,995.24873,, ,station
2024-04-14 15:00:00,2.5,94,1,3.0,994.715442,,Облака в целом образовывались или развивались. ,station
2024-04-14 18:00:00,1.8,100,2,4.0,994.448798,0.0, ,station
2024-04-14 21:00:00,0.7,100,1,1.0,994.8487640000001,0.4,Дождь незамерзающий непрерывный слабый в срок наблюдения. ,station
2024-04-15 00:00:00,0.6,100,0,,994.315476,,Дождь незамерзающий непрерывный слабый в срок наблюдения. ,station
2024-04-15 03:00:00,0.8,100,0,,994.0488320000001,,Дождь незамерзающий непрерывный слабый в срок наблюдения. ,station
2024-04-15 06:00:00,1.5,100,1,2.0,993.648866,2.0,Дождь (незамерзающий) неливневый. ,station
2024-04-15 09:00:00,3.0,100,1,3.0,994.0488320000001,2.0,Дождь незамерзающий с перерывами слабый в срок наблюдения. ,station
2024-04-15 12:00:00,4.2,100,2,5.0,994.8487640000001,,Дождь незамерзающий непрерывный слабый в срок наблюдения. ,station
2024-04-15 15:00:00,3.8,100,1,3.0,996.048662,,Состояние неба в общем не изменилось. ,station
2024-04-15 18:00:00,3.3,91,3,7.0,997.24856,0.7,Состояние неба в общем не изменилось. ,station
2024-04-15 21:00:00,1.4,100,2,6.0,998.981746,0.6,Дождь незамерзающий непрерывный слабый в срок наблюдения. ,station
2024-04-16 00:00:00,0.4,97,4,9.0,999.9150000000001,,Снег непрерывный слабый в срок наблюдения. ,station
2024-04-16 03:00:00,-0.3,92,2,5.0,1000.8482540000001,,Облака в целом рассеиваются или становятся менее развитыми. ,station
2024-04-16 06:00:00,-0.7,85,2,5.0,1002.314796,0.4,Снег с перерывами слабый в срок наблюдения. ,station
2024-04-16 09:00:00,-0.7,69,2,5.0,1004.1813040000001,0.1,Состояние неба в общем не изменилось. ,station
2024-04-16 12:00:00,1.1,49,3,9.0,1005.24788,, ,station
2024-04-16 15:00:00,1.0,50,4,8.0,1006.7144220000001,, ,station
2024-04-16 18:00:00,-0.5,50,3,7.0,1008.0476420000001,0.0, ,station
2024-04-16 21:00:00,-4.3,62,2,6.0,1010.447438,0.0, ,station
2024-04-17 00:00:00,-6.5,64,2,5.0,1011.91398,, ,station
2024-04-17 03:00:00,-7.8,67,1,,1012.713912,, ,station
2024-04-17 06:00:00,-8.0,66,1,,1013.647166,0.0, ,station
2024-04-17 09:00:00,-5.1,53,3,6.0,1014.8470640000002,0.0, ,station
2024-04-17 12:00:00,-2.8,41,4,9.0,1014.980386,, ,station
2024-04-17 15:00:00,-0.9,37,2,5.0,1015.5136740000002,, ,station
2024-04-17 18:00:00,-2.2,41,2,6.0,1016.4469280000001,0.0, ,station
2024-04-17 21:00:00,-5.9,54,2,4.0,1018.313436,0.0, ,station
2024-04-18 00:00:00,-8.7,72,0,,1019.5133340000001,, ,station
2024-04-18 03:00:00,-10.7,82,1,2.0,1020.446588,, ,station
2024-04-18 06:00:00,-12.0,85,1,1.0,1021.24652,0.0, ,station
2024-04-18 09:00:00,-6.0,55,2,5.0,1021.779808,0.0, ,station
2024-04-18 12:00:00,-3.0,46,1,3.0,1021.646486,, ,station
2024-04-18 15:00:00,-1.6,47,2,4.0,1021.646486,, ,station
2024-04-18 18:00:00,-1.4,43,1,3.0,1021.646486,0.0, ,station
2024-04-18 21:00:00,-4.7,51,2,4.0,1022.57974,0.0, ,station
2024-04-19 00:00:00,-9.9,72,1,2.0,1023.9129600000001,, ,station
2024-04-19 03:00:00,-12.0,73,0,,1024.712892,, ,station
2024-04-19 06:00:00,-14.6,80,1,3.0,1025.5128240000001,0.0, ,station
2024-04-19 09:00:00,-8.4,57,1,,1025.24618,0.0, ,station
2024-04-19 12:00:00,-5.9,60,2,4.0,1024.712892,, ,station
2024-04-19 15:00:00,-2.9,47,2,4.0,1022.8463840000002,, ,station
2024-04-19 18:00:00,-2.3,41,2,6.0,1021.646486,0.0, ,station
2024-04-19 21:00:00,-6.0,53,2,6.0,1021.646486,0.0, ,station
2024-04-20 00:00:00,-9.6,64,2,9.0,1020.979876,, ,station
2024-04-20 03:00:00,-10.3,68,3,7.0,1018.0467920000001,, ,station
2024-04-20 06:00:00,-8.8,64,3,9.0,1016.4469280000001,0.0, ,station
2024-04-20 09:00:00,-6.4,59,3,7.0,1014.447098,0.0, ,station
2024-04-20 12:00:00,-4.4,57,4,8.0,1013.2472,, ,station
2024-04-20 15:00:00,-5.2,75,3,8.0,1014.8470640000002,,Снег непрерывный слабый в срок наблюдения. ,station
2024-04-20 18:00:00,-5.6,80,3,7.0,1017.3801820000001,0.3,Снег непрерывный слабый в срок наблюдения. ,station
2024-04-20 21:00:00,-6.3,86,3,7.0,1019.5133340000001,2.0,Снег непрерывный умеренный в срок наблюдения. ,station
2024-04-21 00:00:00,-6.4,82,2,5.0,1021.91313,,Снег непрерывный слабый в срок наблюдения. ,station
2024-04-21 03:00:00,-6.5,84,2,4.0,1024.8462140000001,,Снег непрерывный слабый в срок наблюдения. ,station
2024-04-21 06:00:00,-6.3,84,2,4.0,1028.0459420000002,2.0,Снег непрерывный слабый в срок наблюдения. ,station
2024-04-21 09:00:00,-4.5,72,3,5.0,1030.845704,2.0,Ливневый снег слабый в срок наблюдения или за последний час. ,station
2024-04-21 12:00:00,-2.6,75,1,,1034.445398,,Ливневый снег слабый в срок наблюдения или за последний час. ,station
2024-04-21 15:00:00,-2.2,61,3,6.0,1036.445228,,Состояние неба в общем не изменилось. ,station
2024-04-21 18:00:00,-2.8,57,2,6.0,1037.778448,0.6,Состояние неба в общем не изменилось. ,station
2024-04-21 21:00:00,-4.6,68,2,4.0,1039.778278,0.2,Состояние неба в общем не изменилось. ,station
2024-04-22 00:00:00,-5.8,71,2,4.0,1040.8448540000002,,Ливневый снег слабый в срок наблюдения или за последний час. ,station
2024-04-22 03:00:00,-6.6,71,2,,1040.8448540000002,,Ливневый снег или ливневый дождь и снег. ,station
2024-04-22 06:00:00,-7.6,82,1,,1040.311566,0.2,Снег непрерывный слабый в срок наблюдения. ,station
2024-04-22 09:00:00,-6.3,71,2,,1038.711702,0.4,Снег непрерывный слабый в срок наблюдения. ,station
2024-04-22 12:00:00,-5.0,59,2,4.0,1037.645126,,Состояние неба в общем не изменилось. ,station
2024-04-22 15:00:00,-4.1,63,2,,1034.978686,,Снег непрерывный слабый в срок наблюдения. ,station
2024-04-22 18:00:00,-2.7,62,1,,1031.778958,0.4,Снег неливневый. ,station
2024-04-22 21:00:00,-3.7,87,2,4.0,1029.645806,0.9,Снег непрерывный умеренный в срок наблюдения. ,station
2024-04-23 00:00:00,-4.3,91,2,4.0,1027.512654,,Снег непрерывный умеренный в срок наблюдения. ,station
2024-04-23 03:00:00,-5.0,91,3,6.0,1024.046282,,Снег непрерывный умеренный в срок наблюдения. ,station
2024-04-23 06:00:00,-4.1,84,3,6.0,1020.7132320000001,5.0,Снег непрерывный слабый в срок наблюдения. ,station
2024-04-23 09:00:00,-2.4,75,3,6.0,1018.5800800000001,5.0,Состояние неба в общем не изменилось. ,station
2024-04-23 12:00:00,-1.9,84,2,6.0,1016.8468940000001,,Ливневый снег слабый в срок наблюдения или за последний час. ,station
2024-04-23 15:00:00,-0.9,80,2,6.0,1015.646996,,Состояние неба в общем не изменилось. ,station
2024-04-23 18:00:00,0.0,85,2,5.0,1014.980386,3.0,Ливневый снег или ливневый дождь и снег. ,station
2024-04-23 21:00:00,0.9,100,1,,1015.2470300000001,3.0,Ливневый(ые) дождь(и) слабый(ые) в срок наблюдения или за последний час. ,station
2024-04-24 00:00:00,0.7,100,0,,1016.1802840000001,,Ливневый(ые) дождь(и) слабый(ые) в срок наблюдения или за последний час. ,station
2024-04-24 03:00:00,0.8,99,2,4.0,1016.8468940000001,,Ливневый(ые) дождь(и) слабый(ые) в срок наблюдения или за последний час. ,station
2024-04-24 06:00:00,0.3,100,2,4.0,1017.646826,3.0,Состояние неба в общем не изменилось. ,station
2024-04-24 09:00:00,1.2,99,1,3.0,1017.646826,2.0,Состояние неба в общем не изменилось. ,station
2024-04-24 12:00:00,1.5,100,0,,1016.980216,,Морось (незамерзающая) или снежные зерна неливневые. ,station
2024-04-24 15:00:00,2.1,100,0,,1015.2470300000001,,Дождь незамерзающий непрерывный слабый в срок наблюдения. ,station
2024-04-24 18:00:00,0.2,100,1,3.0,1014.8470640000002,3.0,Снег непрерывный умеренный в срок наблюдения. ,station
2024-04-24 21:00:00,-0.1,100,1,,1014.980386,4.0,Снег неливневый. ,station
2024-04-25 00:00:00,-0.5,100,1,3.0,1015.5136740000002,,Снег непрерывный слабый в срок наблюдения. ,station
2024-04-25 03:00:00,-0.2,100,3,5.0,1016.0469620000001,,Снег непрерывный слабый в срок наблюдения. ,station
2024-04-25 06:00:00,-0.2,100,1,3.0,1016.8468940000001,2.0,"Туман или ледяной туман, неба не видно, без заметного изменения интенсивности в течение последнего часа. ",station
2024-04-25 09:00:00,0.3,100,1,,1017.780148,0.9,Туман или ледяной туман. ,station
2024-04-25 12:00:00,3.2,81,1,2.0,1017.780148,, ,station
2024-04-25 15:00:00,3.8,71,1,3.0,1017.3801820000001,, ,station
2024-04-25 18:00:00,3.8,72,1,1.0,1017.2468600000001,0.0, ,station
2024-04-25 21:00:00,1.5,85,1,2.0,1016.8468940000001,0.0, ,station
2024-04-26 00:00:00,-0.1,100,1,2.0,1017.1135380000001,, ,station
2024-04-26 03:00:00,0.5,98,1,2.0,1016.0469620000001,, ,station
2024-04-26 06:00:00,0.4,99,0,,1015.3803520000001,0.0, ,station
2024-04-26 09:00:00,4.4,58,1,,1015.2470300000001,0.0, ,station
2024-04-26 12:00:00,7.5,41,2,6.0,1014.447098,, ,station
2024-04-26 15:00:00,6.7,46,2,5.0,1014.447098,, ,station
2024-04-26 18:00:00,5.9,51,2,3.0,1014.8470640000002,0.0, ,station
2024-04-26 21:00:00,4.3,59,1,3.0,1015.3803520000001,0.0, ,station
2024-04-27 00:00:00,2.6,75,2,5.0,1016.0469620000001,, ,station
2024-04-27 03:00:00,1.3,78,2,4.0,1016.5802500000001,, ,station
2024-04-27 06:00:00,0.5,81,2,6.0,1017.1135380000001,0.1,Ливневый снег или ливневый дождь и снег. ,station
2024-04-27 09:00:00,0.7,82,2,4.0,1018.0467920000001,0.4,Ливневый снег слабый в срок наблюдения или за последний час. ,station
2024-04-27 12:00:00,1.4,73,2,5.0,1019.113368,,Ливневый снег или ливневый дождь и снег. ,station
2024-04-27 15:00:00,0.9,95,1,2.0,1020.0466220000001,,Ливневый снег или ливневый дождь и снег. ,station
2024-04-27 18:00:00,1.0,100,0,,1020.979876,1.0,Ливневый(ые) дождь(и) слабый(ые) в срок наблюдения или за последний час. ,station
2024-04-27 21:00:00,0.2,100,0,,1021.91313,2.0,Ливневый снег слабый в срок наблюдения или за последний час. ,station
2024-04-28 00:00:00,-0.2,100,0,,1022.979706,,Ливневый снег или ливневый дождь и снег. ,station
2024-04-28 03:00:00,-0.8,100,0,,1024.312926,,Состояние неба в общем не изменилось. ,station
2024-04-28 06:00:00,-0.3,100,0,,1025.379502,0.9,Ливневый снег слабый в срок наблюдения или за последний час. ,station
2024-04-28 09:00:00,1.5,92,0,,1026.5794,0.5,Ливневый снег или ливневый дождь и снег. ,station
2024-04-28 12:00:00,1.8,93,3,5.0,1027.91262,, ,station
2024-04-28 15:00:00,1.4,96,2,5.0,1028.845874,, ,station
2024-04-28 18:00:00,0.9,89,2,3.0,1029.24584,0.1,Облака в целом рассеиваются или становятся менее развитыми. ,station
2024-04-28 21:00:00,-0.6,100,2,4.0,1029.91245,0.3,Ливневый снег слабый в срок наблюдения или за последний час. ,station
2024-04-29 00:00:00,-0.2,99,1,2.0,1030.4457380000001,,Облака в целом рассеиваются или становятся менее развитыми. ,station
2024-04-29 03:00:00,-0.6,92,2,5.0,1030.845704,,Состояние неба в общем не изменилось. ,station
2024-04-29 06:00:00,-1.6,96,2,5.0,1030.845704,0.5,Ливневый снег слабый в срок наблюдения или за последний час. ,station
2024-04-29 09:00:00,-0.8,83,2,6.0,1030.979026,0.2,Состояние неба в общем не изменилось. ,station
2024-04-29 12:00:00,-0.1,78,2,5.0,1030.845704,, ,station
2024-04-29 15:00:00,-0.8,82,2,5.0,1030.312416,,Ливневый снег слабый в срок наблюдения или за последний час. ,station
2024-04-29 18:00:00,-0.7,90,2,5.0,1028.845874,0.3,Состояние неба в общем не изменилось. ,station
2024-04-29 21:00:00,-1.2,100,1,3.0,1027.24601,0.3,Состояние неба в общем не изменилось. ,station
2024-04-30 00:00:00,-1.5,100,1,3.0,1025.91279,, ,station
2024-04-30 03:00:00,-1.5,100,0,,1023.5129940000002,, ,station
2024-04-30 06:00:00,-1.2,100,1,1.0,1022.313096,0.0, ,station
2024-04-30 09:00:00,1.1,91,1,,1021.646486,0.0, ,station
2024-04-30 12:00:00,2.6,97,1,2.0,1022.1797740000001,,Ливневый снег или ливневый дождь и снег. ,station
2024-04-30 15:00:00,4.1,77,1,1.0,1023.646316,,Состояние неба в общем не изменилось. ,station
2024-04-30 18:00:00,5.6,65,1,2.0,1024.446248,0.0, ,station
2024-04-30 21:00:00,3.8,77,1,2.0,1025.646146,0.0, ,station
2024-05-01 00:00:00,2.2,79,1,2.0,1026.446078,, ,station
2024-05-01 03:00:00,1.0,80,1,1.0,1026.979366,, ,station
2024-05-01 06:00:00,1.2,79,0,,1027.112688,0.0, ,station
2024-05-01 09:00:00,3.6,61,3,5.0,1026.979366,0.0, ,station
2024-05-01 12:00:00,4.4,55,2,5.0,1026.8460440000001,, ,station
2024-05-01 15:00:00,5.1,53,3,6.0,1026.446078,, ,station
2024-05-01 18:00:00,6.0,50,3,6.0,1025.779468,0.0, ,station
2024-05-01 21:00:00,3.9,59,1,5.0,1025.5128240000001,0.0, ,station
2024-05-02 00:00:00,2.6,64,1,4.0,1025.646146,, ,station
2024-05-02 03:00:00,1.9,70,1,3.0,1026.046112,, ,station
2024-05-02 06:00:00,1.4,73,2,4.0,1027.112688,0.0, ,station
2024-05-02 09:00:00,1.8,64,3,5.0,1027.779298,0.0, ,station
2024-05-02 12:00:00,3.4,47,2,6.0,1028.0459420000002,, ,station
2024-05-02 15:00:00,5.0,45,2,5.0,1027.645976,, ,station
2024-05-02 18:00:00,5.3,43,2,3.0,1026.8460440000001,0.0, ,station
2024-05-02 21:00:00,1.1,67,0,,1026.712722,0.0, ,station
2024-05-03 00:00:00,-3.1,84,2,2.0,1026.8460440000001,, ,station
2024-05-03 03:00:00,-3.9,84,1,2.0,1026.446078,, ,station
2024-05-03 06:00:00,-3.5,82,1,2.0,1025.5128240000001,0.0, ,station
2024-05-03 09:00:00,0.8,69,2,4.0,1023.9129600000001,0.0, ,station
2024-05-03 12:00:00,1.6,68,2,4.0,1022.446418,, ,station
2024-05-03 15:00:00,2.9,63,2,4.0,1020.979876,, ,station
2024-05-03 18:00:00,1.8,78,2,4.0,1018.980046,0.1,Ливневый снег или ливневый дождь и снег. ,station
2024-05-03 21:00:00,1.7,74,1,3.0,1016.5802500000001,0.1,Состояние неба в общем не изменилось. ,station
2024-05-04 00:00:00,1.1,82,1,2.0,1014.7137420000001,,Ливневый снег слабый в срок наблюдения или за последний час. ,station
2024-05-04 03:00:00,0.0,100,1,3.0,1012.313946,,Ливневый снег слабый в срок наблюдения или за последний час. ,station
2024-05-04 06:00:00,0.3,100,0,,1010.980726,1.0,Ливневый снег слабый в срок наблюдения или за последний час. ,station
2024-05-04 09:00:00,2.3,99,2,4.0,1010.58076,2.0,Состояние неба в общем не изменилось. ,station
2024-05-04 12:00:00,1.9,90,3,7.0,1011.647336,,Ливневый снег или ливневый дождь и снег. ,station
2024-05-04 15:00:00,2.2,64,2,5.0,1012.8472340000001,,Состояние неба в общем не изменилось. ,station
2024-05-04 18:00:00,1.7,57,3,7.0,1013.5138440000001,0.4, ,station
2024-05-04 21:00:00,0.3,57,3,7.0,1014.7137420000001,0.1, ,station
2024-05-05 00:00:00,-1.6,76,0,,1014.8470640000002,, ,station
2024-05-05 03:00:00,-1.0,76,1,3.0,1014.7137420000001,, ,station
2024-05-05 06:00:00,-0.8,71,2,6.0,1014.8470640000002,0.0, ,station
2024-05-05 09:00:00,1.2,62,3,6.0,1014.8470640000002,0.1,Ливневый снег или ливневый дождь и снег. ,station
2024-05-05 12:00:00,2.9,50,3,7.0,1014.313776,, ,station
2024-05-05 15:00:00,3.7,47,3,6.0,1014.047132,, ,station
2024-05-05 18:00:00,2.2,57,2,6.0,1014.1804540000002,0.1, ,station
2024-05-05 21:00:00,1.0,57,2,5.0,1014.313776,0.0, ,station
2024-05-06 00:00:00,-0.2,64,2,4.0,1014.447098,, ,station
2024-05-06 03:00:00,-1.1,74,3,7.0,1014.313776,, ,station
2024-05-06 06:00:00,-1.1,69,3,6.0,1014.047132,0.0, ,station
2024-05-06 09:00:00,0.8,64,4,7.0,1014.58042,0.0, ,station
2024-05-06 12:00:00,-0.5,90,3,6.0,1014.980386,,Ливневый снег умеренный или сильный в срок наблюдения или за последний час. ,station
2024-05-06 15:00:00,2.8,51,3,7.0,1014.58042,,Состояние неба в общем не изменилось. ,station
2024-05-06 18:00:00,1.0,69,3,6.0,1014.980386,0.1,Ливневый снег слабый в срок наблюдения или за последний час. ,station
2024-05-06 21:00:00,-0.8,75,2,4.0,1015.646996,0.5,Ливневый снег или ливневый дождь и снег. ,station
2024-05-07 00:00:00,-2.8,75,1,2.0,1016.1802840000001,, ,station
2024-05-07 03:00:00,-4.0,77,2,4.0,1017.1135380000001,, ,station
2024-05-07 06:00:00,-4.2,78,1,3.0,1018.446758,0.4, ,station
2024-05-07 09:00:00,-0.9,59,4,8.0,1019.3800120000001,0.0, ,station
2024-05-07 12:00:00,0.3,61,3,7.0,1020.57991,, ,station
2024-05-07 15:00:00,1.1,67,3,6.0,1021.91313,,"Ливневый град, или дождь и град. ",station
2024-05-07 18:00:00,0.1,65,4,11.0,1024.446248,0.1,Ливневый снег слабый в срок наблюдения или за последний час. ,station
2024-05-07 21:00:00,-0.8,52,3,7.0,1026.712722,0.1,Облака в целом рассеиваются или становятся менее развитыми. ,station
2024-05-08 00:00:00,-2.2,70,1,2.0,1027.645976,, ,station
2024-05-08 03:00:00,-3.5,76,1,1.0,1028.57923,, ,station
2024-05-08 06:00:00,-3.3,72,1,1.0,1028.445908,0.0, ,station
2024-05-08 09:00:00,-1.0,88,2,5.0,1028.445908,0.0,Ливневый снег слабый в срок наблюдения или за последний час. ,station
2024-05-08 12:00:00,1.5,62,4,8.0,1027.779298,,Ливневый снег слабый в срок наблюдения или за последний час. ,station
2024-05-08 15:00:00,3.5,48,3,8.0,1027.24601,,Ливневый снег или ливневый дождь и снег. ,station
2024-05-08 18:00:00,2.3,61,2,5.0,1026.8460440000001,0.1,Ливневый снег или ливневый дождь и снег. ,station
2024-05-08 21:00:00,0.3,63,2,6.0,1026.5794,0.1,Ливневый снег или ливневый дождь и снег. ,station
2024-05-09 00:00:00,-3.2,82,1,2.0,1025.646146,, ,station
2024-05-09 03:00:00,-5.1,91,0,,1024.8462140000001,, ,station
2024-05-09 06:00:00,-2.4,75,2,4.0,1023.646316,0.0, ,station
2024-05-09 09:00:00,0.9,60,3,6.0,1021.91313,0.0, ,station
2024-05-09 12:00:00,3.0,52,3,6.0,1019.646656,, ,station
2024-05-09 15:00:00,4.0,46,3,5.0,1017.646826,, ,station
2024-05-09 18:00:00,3.3,48,3,6.0,1015.5136740000002,0.0, ,station
2024-05-09 21:00:00,0.5,58,3,6.0,1012.8472340000001,0.0, ,station
2024-05-10 00:00:00,-2.6,74,2,4.0,1011.114048,, ,station
2024-05-10 03:00:00,-3.3,76,2,4.0,1009.2475400000001,, ,station
2024-05-10 06:00:00,-2.5,76,2,4.0,1007.9143200000001,0.0, ,station
2024-05-10 09:00:00,-0.3,67,3,7.0,1007.2477100000001,0.0, ,station
2024-05-10 12:00:00,2.5,57,3,6.0,1007.3810320000001,, ,station
2024-05-10 15:00:00,2.3,62,3,6.0,1008.8475740000001,, ,station
2024-05-10 18:00:00,2.2,67,3,8.0,1009.2475400000001,0.0,Ливневый снег слабый в срок наблюдения или за последний час. ,station
2024-05-10 21:00:00,1.6,74,3,8.0,1009.9141500000001,0.0,Состояние неба в общем не изменилось. ,station
2024-05-11 00:00:00,1.5,73,4,9.0,1009.780828,, ,station
2024-05-11 03:00:00,0.0,100,2,,1011.24737,,Ливневый снег слабый в срок наблюдения или за последний час. ,station
2024-05-11 06:00:00,0.1,99,3,7.0,1012.58059,2.0,Ливневый снег умеренный или сильный в срок наблюдения или за последний час. ,station
2024-05-11 09:00:00,1.3,98,3,7.0,1014.313776,4.0,Ливневый снег или ливневый дождь и снег. ,station
2024-05-11 12:00:00,2.7,76,3,6.0,1016.4469280000001,, ,station
2024-05-11 15:00:00,5.4,53,3,7.0,1017.646826,, ,station
2024-05-11 18:00:00,4.4,60,2,6.0,1018.8467240000001,1.0, ,station
2024-05-11 21:00:00,3.5,58,2,6.0,1019.5133340000001,0.0, ,station
2024-05-12 00:00:00,2.2,62,2,6.0,1019.646656,, ,station
2024-05-12 03:00:00,-2.1,88,1,3.0,1020.313266,, ,station
2024-05-12 06:00:00,0.5,74,1,2.0,1020.1799440000001,0.0, ,station
2024-05-12 09:00:00,5.1,52,1,3.0,1020.0466220000001,0.0, ,station
2024-05-12 12:00:00,6.1,53,2,4.0,1019.9133,, ,station
2024-05-12 15:00:00,7.3,51,3,5.0,1019.646656,, ,station
2024-05-12 18:00:00,5.4,59,2,5.0,1019.2466900000001,0.0, ,station
2024-05-12 21:00:00,5.0,60,2,4.0,1019.113368,0.0, ,station
2024-05-13 00:00:00,2.6,73,1,2.0,1019.3800120000001,,Ливневый(ые) дождь(и). ,station
2024-05-13 03:00:00,1.4,78,0,,1018.8467240000001,,Состояние неба в общем не изменилось. ,station
2024-05-13 06:00:00,2.0,96,0,,1018.7134020000001,0.3,Состояние неба в общем не изменилось. ,station
2024-05-13 09:00:00,5.6,66,1,2.0,1018.8467240000001,0.3,Состояние неба в общем не изменилось. ,station
2024-05-13 12:00:00,8.2,59,2,4.0,1018.8467240000001,, ,station
2024-05-13 15:00:00,9.2,61,1,3.0,1018.8467240000001,, ,station
2024-05-13 18:00:00,6.9,68,2,3.0,1019.113368,0.0, ,station
2024-05-13 21:00:00,4.8,77,2,4.0,1019.3800120000001,0.0, ,station
2024-05-14 00:00:00,4.6,76,1,4.0,1019.646656,, ,station
2024-05-14 03:00:00,3.3,88,2,4.0,1019.2466900000001,, ,station
2024-05-14 06:00:00,3.0,98,2,5.0,1018.7134020000001,0.0, ,station
2024-05-14 09:00:00,3.4,100,2,6.0,1017.9134700000001,0.4,Ливневый(ые) дождь(и) слабый(ые) в срок наблюдения или за последний час. ,station
2024-05-14 12:00:00,4.6,100,2,4.0,1017.1135380000001,,Ливневый(ые) дождь(и). ,station
2024-05-14 15:00:00,6.5,100,1,2.0,1016.1802840000001,,Состояние неба в общем не изменилось. ,station
2024-05-14 18:00:00,8.6,97,1,3.0,1014.7137420000001,1.0, ,station
2024-05-14 21:00:00,7.9,97,1,2.0,1013.647166,1.0,Ливневый(ые) дождь(и). ,station
2024-05-15 00:00:00,5.2,100,0,,1012.713912,,Облака в целом рассеиваются или становятся менее развитыми. ,station
2024-05-15 03:00:00,1.3,100,1,2.0,1011.24737,,Облака в целом рассеиваются или становятся менее развитыми. ,station
2024-05-15 06:00:00,3.6,100,0,,1009.5141840000001,2.0,"Туман или ледяной туман, неба не видно, без заметного изменения интенсивности в течение последнего часа. ",station
2024-05-15 09:00:00,5.6,100,1,1.0,1007.7809980000001,2.0,Туман или ледяной туман. ,station
2024-05-15 12:00:00,12.2,70,2,3.0,1006.8477440000001,, ,station
2024-05-15 15:00:00,18.1,44,5,10.0,1007.3810320000001,, ,station
2024-05-15 18:00:00,16.2,48,2,4.0,1008.4476080000001,0.0, ,station
2024-05-15 21:00:00,13.1,51,2,5.0,1009.647506,0.0, ,station
2024-05-16 00:00:00,8.5,57,2,4.0,1011.5140140000001,, ,station
2024-05-16 03:00:00,6.0,68,2,6.0,1013.113878,, ,station
2024-05-16 06:00:00,6.3,70,3,7.0,1015.2470300000001,0.0, ,station
2024-05-16 09:00:00,7.4,61,4,9.0,1017.780148,0.0,Облака в целом образовывались или развивались. ,station
2024-05-16 12:00:00,7.1,59,4,8.0,1020.446588,, ,station
2024-05-16 15:00:00,9.0,53,3,8.0,1022.046452,, ,station
2024-05-16 18:00:00,8.6,54,3,7.0,1022.979706,0.0, ,station
2024-05-16 21:00:00,6.2,64,2,5.0,1023.646316,0.0, ,station
2024-05-17 00:00:00,4.3,72,1,2.0,1024.57957,, ,station
2024-05-17 03:00:00,3.2,78,0,,1024.446248,, ,station
2024-05-17 06:00:00,2.5,82,0,,1024.57957,0.0, ,station
2024-05-17 09:00:00,3.9,80,1,2.0,1024.1796040000002,0.0, ,station
2024-05-17 12:00:00,5.5,70,3,6.0,1022.8463840000002,, ,station
2024-05-17 15:00:00,8.3,63,3,6.0,1021.646486,, ,station
2024-05-17 18:00:00,6.8,68,3,6.0,1021.113198,0.0, ,station
2024-05-17 21:00:00,5.3,73,2,4.0,1020.7132320000001,0.0, ,station
2024-05-18 00:00:00,3.1,80,2,6.0,1019.9133,, ,station
2024-05-18 03:00:00,2.0,90,2,4.0,1018.446758,, ,station
2024-05-18 06:00:00,2.6,89,2,5.0,1016.0469620000001,0.0, ,station
2024-05-18 09:00:00,5.3,74,3,7.0,1013.2472,0.0, ,station
2024-05-18 12:00:00,10.4,60,3,7.0,1010.314116,, ,station
2024-05-18 15:00:00,13.3,54,2,4.0,1008.0476420000001,, ,station
2024-05-18 18:00:00,22.9,28,3,8.0,1005.647846,0.0, ,station
2024-05-18 21:00:00,17.8,48,0,,1005.647846,0.0, ,station
2024-05-19 00:00:00,8.4,81,0,,1005.381202,, ,station
2024-05-19 03:00:00,4.6,85,1,1.0,1004.314626,, ,station
2024-05-19 06:00:00,6.3,81,0,,1003.648016,0.0, ,station
2024-05-19 09:00:00,10.8,61,0,,1002.8480840000001,0.0, ,station
2024-05-19 12:00:00,14.0,55,2,4.0,1001.2482200000001,,Ливневый(ые) дождь(и). ,station
2024-05-19 15:00:00,16.4,42,2,6.0,1000.981576,,Состояние неба в общем не изменилось. ,station
2024-05-19 18:00:00,12.6,56,2,4.0,1001.2482200000001,0.1, ,station
2024-05-19 21:00:00,7.5,100,3,6.0,1000.7149320000001,0.2,Ливневый(ые) дождь(и) слабый(ые) в срок наблюдения или за последний час. ,station
2024-05-20 00:00:00,4.2,100,2,5.0,1000.981576,,Ливневый(ые) дождь(и) слабый(ые) в срок наблюдения или за последний час. ,station
2024-05-20 03:00:00,1.3,100,2,4.0,1002.8480840000001,,Ливневый(ые) дождь(и) слабый(ые) в срок наблюдения или за последний час. ,station
2024-05-20 06:00:00,1.8,100,2,5.0,1007.3810320000001,10.0,Облака в целом образовывались или развивались. ,station
2024-05-20 09:00:00,4.2,75,3,5.0,1011.114048,9.0,Состояние неба в общем не изменилось. ,station
2024-05-20 12:00:00,7.0,49,4,8.0,1012.447268,,Ливневый(ые) дождь(и). ,station
2024-05-20 15:00:00,8.2,38,4,9.0,1014.1804540000002,,Облака в целом рассеиваются или становятся менее развитыми. ,station
2024-05-20 18:00:00,4.7,58,4,8.0,1016.0469620000001,0.1,"Ливневая снежная крупа или небольшой град с дождем или без него, или дождь со снегом слабые в срок наблюдения или за последний час. ",station
2024-05-20 21:00:00,3.8,58,1,2.0,1017.1135380000001,0.2,Облака в целом образовывались или развивались. ,station
2024-05-21 00:00:00,-1.0,70,1,2.0,1018.446758,, ,station
2024-05-21 03:00:00,-3.1,94,1,2.0,1020.0466220000001,, ,station
2024-05-21 06:00:00,1.0,63,1,2.0,1020.8465540000001,0.1, ,station
2024-05-21 09:00:00,3.4,47,2,6.0,1022.1797740000001,0.0, ,station
2024-05-21 12:00:00,6.1,31,4,9.0,1023.24635,, ,station
2024-05-21 15:00:00,6.5,31,3,7.0,1024.712892,, ,station
2024-05-21 18:00:00,7.0,30,2,5.0,1025.646146,0.0, ,station
2024-05-21 21:00:00,4.5,39,1,2.0,1025.91279,0.0, ,station
2024-05-22 00:00:00,0.2,62,1,2.0,1027.24601,, ,station
2024-05-22 03:00:00,-1.9,76,1,2.0,1028.0459420000002,, ,station
2024-05-22 06:00:00,3.0,55,0,,1028.179264,0.0, ,station
2024-05-22 09:00:00,4.9,50,1,2.0,1028.312586,0.0, ,station
2024-05-22 12:00:00,7.6,41,3,5.0,1027.779298,, ,station
2024-05-22 15:00:00,9.6,38,2,5.0,1027.112688,, ,station
2024-05-22 18:00:00,7.7,51,2,5.0,1026.5794,0.0, ,station
2024-05-22 21:00:00,5.9,60,2,3.0,1026.446078,0.0, ,station
2024-05-23 00:00:00,0.7,78,2,3.0,1027.24601,, ,station
2024-05-23 03:00:00,-1.8,86,2,2.0,1027.379332,, ,station
2024-05-23 06:00:00,1.9,75,0,,1026.8460440000001,0.0, ,station
2024-05-23 09:00:00,7.3,58,1,2.0,1025.91279,0.0, ,station
2024-05-23 12:00:00,11.8,42,2,5.0,1024.446248,, ,station
2024-05-23 15:00:00,14.7,40,3,6.0,1022.046452,, ,station
2024-05-23 18:00:00,12.2,51,3,6.0,1019.3800120000001,0.0, ,station
2024-05-23 21:00:00,12.8,54,1,2.0,1016.8468940000001,0.0, ,station
2024-05-24 00:00:00,7.0,78,1,,1016.313606,, ,station
2024-05-24 03:00:00,4.3,92,2,3.0,1015.646996,, ,station
2024-05-24 06:00:00,10.8,70,0,,1015.113708,0.0, ,station
2024-05-24 09:00:00,18.3,43,1,3.0,1014.58042,0.0, ,station
2024-05-24 12:00:00,23.5,33,3,7.0,1014.313776,, ,station
2024-05-24 15:00:00,17.9,50,2,5.0,1015.646996,,Ливневый(ые) дождь(и) слабый(ые) в срок наблюдения или за последний час. ,station
2024-05-24 18:00:00,18.3,27,4,8.0,1015.2470300000001,0.1,Состояние неба в общем не изменилось. ,station
2024-05-24 21:00:00,14.5,32,3,6.0,1016.7135720000001,0.1,Облака в целом образовывались или развивались. ,station
2024-05-25 00:00:00,10.1,36,3,7.0,1019.113368,, ,station
2024-05-25 03:00:00,5.0,55,2,5.0,1021.379842,, ,station
2024-05-25 06:00:00,6.2,48,3,6.0,1023.24635,0.0, ,station
2024-05-25 09:00:00,7.9,43,3,7.0,1024.446248,0.0, ,station
2024-05-25 12:00:00,9.2,39,3,8.0,1025.646146,, ,station
2024-05-25 15:00:00,10.4,37,3,7.0,1026.979366,, ,station
2024-05-25 18:00:00,9.7,38,2,5.0,1028.179264,0.0, ,station
2024-05-25 21:00:00,8.5,41,2,5.0,1028.845874,0.0, ,station
2024-05-26 00:00:00,1.8,73,1,3.0,1029.91245,, ,station
2024-05-26 03:00:00,-1.4,82,1,2.0,1030.179094,, ,station
2024-05-26 06:00:00,3.8,64,0,,1030.0457720000002,0.0, ,station
2024-05-26 09:00:00,6.9,57,1,3.0,1028.845874,0.0, ,station
2024-05-26 12:00:00,13.0,41,2,4.0,1026.1794340000001,, ,station
2024-05-26 15:00:00,18.9,30,2,5.0,1023.646316,, ,station
2024-05-26 18:00:00,22.5,27,3,6.0,1021.379842,0.0, ,station
2024-05-26 21:00:00,19.6,31,2,5.0,1020.313266,0.0, ,station
2024-05-27 00:00:00,13.6,50,1,2.0,1019.3800120000001,, ,station
2024-05-27 03:00:00,10.3,58,0,,1018.7134020000001,, ,station
2024-05-27 06:00:00,15.2,46,0,,1017.9134700000001,0.0, ,station
2024-05-27 09:00:00,19.4,35,1,3.0,1017.3801820000001,0.0, ,station
2024-05-27 12:00:00,22.6,25,1,3.0,1017.1135380000001,, ,station
2024-05-27 15:00:00,21.9,27,3,5.0,1016.980216,, ,station
2024-05-27 18:00:00,23.5,24,2,5.0,1015.7803180000001,0.0, ,station
2024-05-27 21:00:00,16.8,44,1,2.0,1016.0469620000001,0.0,"Гроза, но без осадков, в срок наблюдения. ",station
2024-05-28 00:00:00,9.7,100,3,7.0,1018.1801140000001,,Ливневый(ые) дождь(и) слабый(ые) в срок наблюдения или за последний час. ,station
2024-05-28 03:00:00,6.2,100,2,4.0,1018.446758,,Состояние неба в общем не изменилось. ,station
2024-05-28 06:00:00,6.0,100,3,6.0,1018.446758,9.0, ,station
2024-05-28 09:00:00,5.1,100,3,7.0,1018.446758,9.0,Ливневый(ые) дождь(и) умеренный(ые) или сильный(ые) в срок наблюдения или за последний час. ,station
2024-05-28 12:00:00,7.1,86,2,4.0,1018.8467240000001,,Состояние неба в общем не изменилось. ,station
2024-05-28 15:00:00,4.8,100,1,3.0,1018.5800800000001,,Ливневый(ые) дождь(и) слабый(ые) в срок наблюдения или за последний час. ,station
2024-05-28 18:00:00,5.8,100,2,4.0,1018.446758,10.0,Состояние неба в общем не изменилось. ,station
2024-05-28 21:00:00,5.1,95,2,4.0,1018.446758,10.0,Состояние неба в общем не изменилось. ,station
2024-05-29 00:00:00,4.4,100,2,4.0,1018.8467240000001,, ,station
2024-05-29 03:00:00,3.8,99,2,5.0,1019.2466900000001,, ,station
2024-05-29 06:00:00,3.7,100,2,4.0,1019.646656,0.6,Ливневый(ые) дождь(и). ,station
2024-05-29 09:00:00,4.5,100,1,3.0,1020.7132320000001,0.6,Состояние неба в общем не изменилось. ,station
2024-05-29 12:00:00,4.7,100,3,5.0,1021.24652,, ,station
2024-05-29 15:00:00,5.0,99,2,5.0,1021.379842,, ,station
2024-05-29 18:00:00,4.9,91,2,5.0,1021.24652,0.0, ,station
2024-05-29 21:00:00,4.4,95,2,4.0,1021.24652,0.0, ,station
2024-05-30 00:00:00,4.2,97,2,4.0,1021.379842,, ,station
2024-05-30 03:00:00,4.3,100,2,5.0,1021.113198,, ,station
2024-05-30 06:00:00,5.3,84,2,5.0,1020.8465540000001,0.0, ,station
2024-05-30 09:00:00,6.1,74,2,4.0,1020.446588,0.0, ,station
2024-05-30 12:00:00,8.1,70,3,5.0,1019.646656,, ,station
2024-05-30 15:00:00,9.2,65,2,5.0,1019.2466900000001,, ,station
2024-05-30 18:00:00,11.3,76,2,5.0,1017.646826,0.0, ,station
2024-05-30 21:00:00,9.7,83,3,6.0,1017.5135040000001,0.0, ,station
2024-05-31 00:00:00,7.7,100,2,4.0,1017.780148,, ,station
2024-05-31 03:00:00,4.3,100,1,2.0,1018.1801140000001,, ,station
2024-05-31 06:00:00,9.1,82,0,,1017.9134700000001,0.0, ,station
2024-05-31 09:00:00,11.6,70,1,2.0,1018.446758,0.0, ,station
2024-05-31 12:00:00,14.4,69,1,3.0,1018.1801140000001,, ,station
2024-05-31 15:00:00,17.6,63,2,3.0,1017.5135040000001,,"Гроза, но без осадков, в срок наблюдения. ",station
2024-05-31 18:00:00,15.4,82,1,3.0,1017.646826,0.1,Ливневый(ые) дождь(и) слабый(ые) в срок наблюдения или за последний час. ,station
2024-05-31 21:00:00,14.9,100,1,2.0,1019.113368,1.0,Ливневый(ые) дождь(и) умеренный(ые) или сильный(ые) в срок наблюдения или за последний час. ,station
2024-06-01 00:00:00,13.5,100,0,,1018.0467920000001,,Дымка. ,station
2024-06-01 03:00:00,10.9,100,1,1.0,1018.5800800000001,,Туман или ледяной туман. ,station
2024-06-01 06:00:00,12.1,100,0,,1018.5800800000001,12.0,Дымка. ,station
2024-06-01 09:00:00,16.7,90,1,2.0,1017.9134700000001,10.0, ,station
2024-06-01 12:00:00,19.7,63,2,5.0,1016.8468940000001,, ,station
2024-06-01 15:00:00,22.4,58,1,2.0,1015.3803520000001,,Гроза (с осадками или без них). ,station
2024-06-01 18:00:00,19.6,62,2,4.0,1014.313776,0.0,Облака в целом образовывались или развивались. ,station
2024-06-01 21:00:00,14.7,97,2,3.0,1015.9136400000001,3.0,"Гроза слабая или умеренная без града, но с дождем и/или снегом в срок наблюдения. ",station
2024-06-02 00:00:00,13.3,100,1,,1014.7137420000001,,Дымка. ,station
2024-06-02 03:00:00,11.2,100,1,2.0,1014.447098,,Дымка. ,station
2024-06-02 06:00:00,12.8,100,2,4.0,1014.8470640000002,4.0,Дымка. ,station
2024-06-02 09:00:00,14.6,81,3,7.0,1015.113708,0.9, ,station
2024-06-02 12:00:00,16.6,71,2,4.0,1014.447098,, ,station
2024-06-02 15:00:00,19.7,63,2,3.0,1012.980556,, ,station
2024-06-02 18:00:00,18.7,68,0,,1011.647336,0.0, ,station
2024-06-02 21:00:00,17.0,77,0,,1010.447438,0.0, ,station
2024-06-03 00:00:00,11.0,100,2,5.0,1010.447438,,Ливневый(ые) дождь(и) слабый(ые) в срок наблюдения или за последний час. ,station
2024-06-03 03:00:00,10.4,100,2,3.0,1008.7142520000001,,Ливневый(ые) дождь(и) умеренный(ые) или сильный(ые) в срок наблюдения или за последний час. ,station
2024-06-03 06:00:00,8.7,100,1,2.0,1007.3810320000001,14.0,Ливневый(ые) дождь(и) слабый(ые) в срок наблюдения или за последний час. ,station
2024-06-03 09:00:00,8.8,100,1,2.0,1006.1811340000002,17.0,Ливневый(ые) дождь(и) слабый(ые) в срок наблюдения или за последний час. ,station
2024-06-03 12:00:00,9.4,100,2,4.0,1005.647846,,Состояние неба в общем не изменилось. ,station
2024-06-03 15:00:00,11.0,100,1,2.0,1005.24788,,Состояние неба в общем не изменилось. ,station
2024-06-03 18:00:00,12.8,98,2,4.0,1004.314626,3.0, ,station
2024-06-03 21:00:00,11.1,100,2,4.0,1004.1813040000001,0.0, ,station
2024-06-04 00:00:00,10.7,100,1,3.0,1003.91466,,Дымка. ,station
2024-06-04 03:00:00,10.5,100,0,,1003.648016,,"Туман или ледяной туман, неба не видно, без заметного изменения интенсивности в течение последнего часа. ",station
2024-06-04 06:00:00,10.8,100,0,,1002.981406,0.3,Морось незамерзающая непрерывная слабая в срок наблюдения. ,station
2024-06-04 09:00:00,11.4,100,1,2.0,1002.981406,0.4,Морось (незамерзающая) или снежные зерна неливневые. ,station
2024-06-04 12:00:00,14.0,100,2,3.0,1002.58144,, ,station
2024-06-04 15:00:00,17.2,83,2,5.0,1002.1814740000001,, ,station
2024-06-04 18:00:00,15.4,91,2,3.0,1003.114728,0.1, ,station
2024-06-04 21:00:00,16.2,83,1,2.0,1003.648016,0.0,Облака в целом рассеиваются или становятся менее развитыми. ,station
2024-06-05 00:00:00,11.1,100,1,,1005.381202,,Дымка. ,station
2024-06-05 03:00:00,10.2,100,1,2.0,1007.2477100000001,,Дымка. ,station
2024-06-05 06:00:00,14.5,93,2,5.0,1009.5141840000001,0.0, ,station
2024-06-05 09:00:00,15.2,70,3,5.0,1010.8474040000001,0.0, ,station
2024-06-05 12:00:00,18.1,51,2,4.0,1011.5140140000001,, ,station
2024-06-05 15:00:00,21.2,34,2,6.0,1011.24737,, ,station
2024-06-05 18:00:00,22.4,27,2,5.0,1011.114048,0.0, ,station
2024-06-05 21:00:00,20.8,32,1,1.0,1010.447438,0.0, ,station
2024-06-06 00:00:00,10.9,75,1,2.0,1011.647336,, ,station
2024-06-06 03:00:00,7.6,99,1,2.0,1012.313946,, ,station
2024-06-06 06:00:00,11.8,83,1,3.0,1012.8472340000001,0.0, ,station
2024-06-06 09:00:00,14.6,74,2,5.0,1012.1806240000001,0.0, ,station
2024-06-06 12:00:00,17.1,55,2,4.0,1012.1806240000001,, ,station
2024-06-06 15:00:00,20.5,43,3,6.0,1011.114048,, ,station
2024-06-06 18:00:00,19.5,38,3,6.0,1010.0474720000001,0.0, ,station
2024-06-06 21:00:00,14.8,58,1,2.0,1010.0474720000001,0.0, ,station
2024-06-07 00:00:00,10.2,93,2,3.0,1010.447438,, ,station
2024-06-07 03:00:00,8.1,100,0,,1010.0474720000001,, ,station
2024-06-07 06:00:00,10.0,100,1,4.0,1010.1807940000001,0.0, ,station
2024-06-07 09:00:00,14.2,63,2,4.0,1009.5141840000001,0.0, ,station
2024-06-07 12:00:00,16.6,64,2,6.0,1009.114218,, ,station
2024-06-07 15:00:00,18.7,56,3,6.0,1008.0476420000001,, ,station
2024-06-07 18:00:00,18.1,54,2,4.0,1007.5143540000001,0.0, ,station
2024-06-07 21:00:00,15.0,63,2,3.0,1006.8477440000001,0.0, ,station
2024-06-08 00:00:00,11.6,88,1,1.0,1006.8477440000001,, ,station
2024-06-08 03:00:00,10.7,100,2,4.0,1007.5143540000001,, ,station
2024-06-08 06:00:00,10.4,100,1,2.0,1007.1143880000001,0.1,Ливневый(ые) дождь(и). ,station
2024-06-08 09:00:00,12.7,97,1,3.0,1006.8477440000001,0.1,Состояние неба в общем не изменилось. ,station
2024-06-08 12:00:00,17.4,65,2,4.0,1006.5811000000001,, ,station
2024-06-08 15:00:00,17.0,62,1,3.0,1005.647846,, ,station
2024-06-08 18:00:00,17.2,60,2,3.0,1004.8479140000001,0.0, ,station
2024-06-08 21:00:00,14.7,67,2,4.0,1004.447948,0.0, ,station
2024-06-09 00:00:00,11.6,86,1,2.0,1004.8479140000001,,Облака в целом рассеиваются или становятся менее развитыми. ,station
2024-06-09 03:00:00,8.7,100,0,,1005.381202,,Облака в целом рассеиваются или становятся менее развитыми. ,station
2024-06-09 06:00:00,10.8,88,2,3.0,1004.314626,0.5, ,station
2024-06-09 09:00:00,13.3,66,2,5.0,1003.648016,0.5, ,station
2024-06-09 12:00:00,14.3,67,3,6.0,1003.24805,, ,station
2024-06-09 15:00:00,15.3,56,4,,1002.8480840000001,, ,station
2024-06-09 18:00:00,13.7,53,3,6.0,1002.8480840000001,0.0, ,station
2024-06-09 21:00:00,11.3,64,2,4.0,1002.8480840000001,0.0, ,station
2024-06-10 00:00:00,10.8,64,1,2.0,1002.448118,, ,station
2024-06-10 03:00:00,6.7,100,2,2.0,1002.0481520000001,, ,station
2024-06-10 06:00:00,10.5,75,0,,1001.2482200000001,0.0, ,station
2024-06-10 09:00:00,13.9,67,1,3.0,999.648356,0.0, ,station
2024-06-10 12:00:00,12.7,81,5,11.0,1000.0483220000001,,Ливневый(ые) дождь(и) слабый(ые) в срок наблюдения или за последний час. ,station
2024-06-10 15:00:00,13.0,77,3,6.0,1000.5816100000001,,Облака в целом образовывались или развивались. ,station
2024-06-10 18:00:00,12.1,83,2,4.0,1000.8482540000001,0.3,Ливневый(ые) дождь(и). ,station
2024-06-10 21:00:00,11.6,92,3,5.0,1001.2482200000001,2.0,Облака в целом рассеиваются или становятся менее развитыми. ,station
2024-06-11 00:00:00,8.0,100,1,2.0,1001.781508,, ,station
2024-06-11 03:00:00,5.5,100,1,2.0,1001.648186,, ,station
2024-06-11 06:00:00,8.2,100,0,,1001.648186,2.0,Ливневый(ые) дождь(и) слабый(ые) в срок наблюдения или за последний час. ,station
2024-06-11 09:00:00,12.9,92,1,2.0,1001.5148640000001,2.0,Облака в целом рассеиваются или становятся менее развитыми. ,station
2024-06-11 12:00:00,15.6,65,3,5.0,1000.8482540000001,,Облака в целом рассеиваются или становятся менее развитыми. ,station
2024-06-11 15:00:00,16.1,65,3,,1000.8482540000001,,Гроза (с осадками или без них). ,station
2024-06-11 18:00:00,16.8,50,3,6.0,1000.448288,2.0, ,station
2024-06-11 21:00:00,13.0,77,2,4.0,1001.114898,0.1, ,station
2024-06-12 00:00:00,10.2,100,1,,1002.0481520000001,, ,station
2024-06-12 03:00:00,8.7,100,1,2.0,1002.981406,, ,station
2024-06-12 06:00:00,10.8,100,0,,1003.381372,0.0, ,station
2024-06-12 09:00:00,12.5,83,2,3.0,1004.047982,0.0, ,station
2024-06-12 12:00:00,16.6,64,2,4.0,1004.447948,, ,station
2024-06-12 15:00:00,17.7,60,2,5.0,1004.8479140000001,, ,station
2024-06-12 18:00:00,17.1,62,1,3.0,1005.381202,0.0,Облака в целом рассеиваются или становятся менее развитыми. ,station
2024-06-12 21:00:00,13.2,88,0,,1006.8477440000001,0.0,"Осадки в поле зрения, не достигающие поверхности земли или моря поблизости. ",station
2024-06-13 00:00:00,11.5,97,2,4.0,1008.314286,, ,station
2024-06-13 03:00:00,9.5,100,1,2.0,1009.780828,, ,station
2024-06-13 06:00:00,11.8,90,3,6.0,1011.24737,0.0, ,station
2024-06-13 09:00:00,11.8,80,3,5.0,1012.8472340000001,0.0, ,station
2024-06-13 12:00:00,15.1,67,2,5.0,1012.8472340000001,, ,station
2024-06-13 15:00:00,18.9,56,2,4.0,1012.713912,,Состояние неба в общем не изменилось. ,station
2024-06-13 18:00:00,16.7,62,3,6.0,1012.8472340000001,0.1,"Осадки в поле зрения, достигающие поверхности земли или моря на расстоянии более 5 км от станции. ",station
2024-06-13 21:00:00,12.3,100,1,,1013.380522,5.0,Ливневый(ые) дождь(и) слабый(ые) в срок наблюдения или за последний час. ,station
2024-06-14 00:00:00,11.6,100,2,3.0,1014.1804540000002,,Состояние неба в общем не изменилось. ,station
2024-06-14 03:00:00,9.7,100,1,3.0,1014.58042,,Ливневый(ые) дождь(и). ,station
2024-06-14 06:00:00,10.0,100,1,3.0,1015.2470300000001,6.0, ,station
2024-06-14 09:00:00,12.2,79,1,2.0,1016.0469620000001,0.6, ,station
2024-06-14 12:00:00,14.8,71,2,4.0,1015.9136400000001,, ,station
2024-06-14 15:00:00,16.3,67,3,5.0,1015.646996,, ,station
2024-06-14 18:00:00,17.2,65,2,3.0,1015.2470300000001,0.0, ,station
2024-06-14 21:00:00,16.2,64,1,3.0,1014.8470640000002,0.0, ,station
2024-06-15 00:00:00,9.7,100,0,,1014.980386,, ,station
2024-06-15 03:00:00,10.5,100,1,,1014.980386,, ,station
2024-06-15 06:00:00,12.1,72,3,,1014.8470640000002,0.0, ,station
2024-06-15 09:00:00,13.2,74,2,4.0,1014.58042,0.0, ,station
2024-06-15 12:00:00,13.0,76,2,4.0,1015.113708,,Ливневый(ые) дождь(и) слабый(ые) в срок наблюдения или за последний час. ,station
2024-06-15 15:00:00,12.8,87,1,3.0,1014.447098,,Ливневый(ые) дождь(и) слабый(ые) в срок наблюдения или за последний час. ,station
2024-06-15 18:00:00,12.8,89,2,4.0,1014.447098,0.1,Облака в целом рассеиваются или становятся менее развитыми. ,station
2024-06-15 21:00:00,12.8,88,1,3.0,1013.5138440000001,0.1,Состояние неба в общем не изменилось. ,station
2024-06-16 00:00:00,11.2,100,2,4.0,1014.047132,,Ливневый(ые) дождь(и) слабый(ые) в срок наблюдения или за последний час. ,station
2024-06-16 03:00:00,10.4,100,2,3.0,1014.447098,,Состояние неба в общем не изменилось. ,station
2024-06-16 06:00:00,11.1,100,2,4.0,1014.7137420000001,0.3,Облака в целом образовывались или развивались. ,station
2024-06-16 09:00:00,12.2,100,1,2.0,1015.113708,0.3,Состояние неба в общем не изменилось. ,station
2024-06-16 12:00:00,18.1,57,3,4.0,1015.113708,, ,station
2024-06-16 15:00:00,20.1,49,2,4.0,1015.113708,,Состояние неба в общем не изменилось. ,station
2024-06-16 18:00:00,20.4,39,2,4.0,1015.5136740000002,0.1, ,station
2024-06-16 21:00:00,18.9,45,1,2.0,1016.313606,0.1, ,station
2024-06-17 00:00:00,13.9,80,1,1.0,1017.9134700000001,, ,station
2024-06-17 03:00:00,10.2,100,2,2.0,1018.980046,, ,station
2024-06-17 06:00:00,15.5,72,0,,1019.779978,0.0, ,station
2024-06-17 09:00:00,18.7,58,1,3.0,1019.779978,0.0, ,station
2024-06-17 12:00:00,21.0,50,2,5.0,1019.9133,, ,station
2024-06-17 15:00:00,18.8,63,1,2.0,1020.0466220000001,, ,station
2024-06-17 18:00:00,20.4,49,1,2.0,1018.980046,0.0, ,station
2024-06-17 21:00:00,18.4,60,1,2.0,1017.780148,0.0, ,station
2024-06-18 00:00:00,16.3,60,1,4.0,1018.0467920000001,, ,station
2024-06-18 03:00:00,13.9,74,0,,1017.5135040000001,, ,station
2024-06-18 06:00:00,16.7,64,1,1.0,1016.0469620000001,0.0, ,station
2024-06-18 09:00:00,19.4,53,1,3.0,1014.047132,0.0, ,station
2024-06-18 12:00:00,20.5,53,0,,1012.447268,,Ливневый(ые) дождь(и). ,station
2024-06-18 15:00:00,16.6,79,2,5.0,1011.647336,,Ливневый(ые) дождь(и) слабый(ые) в срок наблюдения или за последний час. ,station
2024-06-18 18:00:00,16.5,77,1,3.0,1009.9141500000001,0.4,Состояние неба в общем не изменилось. ,station
2024-06-18 21:00:00,16.0,83,1,2.0,1008.0476420000001,0.4,Состояние неба в общем не изменилось. ,station
2024-06-19 00:00:00,14.8,100,0,,1006.447778,, ,station
2024-06-19 03:00:00,14.6,100,1,2.0,1004.447948,,Ливневый(ые) дождь(и) слабый(ые) в срок наблюдения или за последний час. ,station
2024-06-19 06:00:00,14.2,100,0,,1002.58144,0.5,Ливневый(ые) дождь(и) слабый(ые) в срок наблюдения или за последний час. ,station
2024-06-19 09:00:00,14.4,100,1,,999.9150000000001,2.0,Ливневый(ые) дождь(и) слабый(ые) в срок наблюдения или за последний час. ,station
2024-06-19 12:00:00,14.3,100,1,,997.648526,,Дождь незамерзающий непрерывный слабый в срок наблюдения. ,station
2024-06-19 15:00:00,14.3,100,1,2.0,996.8485940000002,,Дождь незамерзающий непрерывный слабый в срок наблюдения. ,station
2024-06-19 18:00:00,15.0,100,1,2.0,996.1819840000002,3.0,Состояние неба в общем не изменилось. ,station
2024-06-19 21:00:00,14.6,100,1,3.0,996.1819840000002,8.0,Состояние неба в общем не изменилось. ,station
2024-06-20 00:00:00,11.4,100,1,2.0,996.1819840000002,, ,station
2024-06-20 03:00:00,9.1,100,2,2.0,996.048662,, ,station
2024-06-20 06:00:00,14.1,100,1,2.0,995.782018,6.0, ,station
2024-06-20 09:00:00,17.0,68,2,4.0,995.24873,0.0, ,station
2024-06-20 12:00:00,19.8,59,3,5.0,995.115408,, ,station
2024-06-20 15:00:00,19.7,56,2,4.0,994.8487640000001,, ,station
2024-06-20 18:00:00,17.1,66,3,7.0,995.782018,2.0,Ливневый(ые) дождь(и). ,station
2024-06-20 21:00:00,13.9,66,2,5.0,996.1819840000002,2.0,Облака в целом рассеиваются или становятся менее развитыми. ,station
2024-06-21 00:00:00,12.7,67,2,6.0,996.8485940000002,, ,station
2024-06-21 03:00:00,11.5,71,2,5.0,996.8485940000002,, ,station
2024-06-21 06:00:00,11.4,72,2,4.0,996.981916,0.0, ,station
2024-06-21 09:00:00,11.8,70,3,6.0,997.3818820000001,0.0,Ливневый(ые) дождь(и). ,station
2024-06-21 12:00:00,11.0,100,2,,999.2483900000001,,Ливневый(ые) дождь(и) слабый(ые) в срок наблюдения или за последний час. ,station
2024-06-21 15:00:00,8.3,100,2,5.0,1001.781508,,Ливневый(ые) дождь(и) слабый(ые) в срок наблюдения или за последний час. ,station
2024-06-21 18:00:00,8.1,99,1,3.0,1003.648016,2.0,Ливневый(ые) дождь(и). ,station
2024-06-21 21:00:00,8.0,75,3,6.0,1004.8479140000001,2.0,Облака в целом образовывались или развивались. ,station
2024-06-22 00:00:00,6.5,75,2,5.0,1006.447778,, ,station
2024-06-22 03:00:00,5.1,74,2,5.0,1007.1143880000001,, ,station
2024-06-22 06:00:00,6.5,76,2,6.0,1006.9810659999999,0.0, ,station
2024-06-22 09:00:00,7.6,72,3,6.0,1006.9810659999999,0.0, ,station
2024-06-22 12:00:00,8.6,68,3,8.0,1007.3810320000001,,Ливневый(ые) дождь(и). ,station
2024-06-22 15:00:00,10.7,66,4,10.0,1008.0476420000001,,Облака в целом рассеиваются или становятся менее развитыми. ,station
2024-06-22 18:00:00,11.0,74,2,6.0,1008.4476080000001,0.1,Состояние неба в общем не изменилось. ,station
2024-06-22 21:00:00,11.6,69,3,8.0,1008.8475740000001,0.1,Состояние неба в общем не изменилось. ,station
2024-06-23 00:00:00,10.2,73,2,5.0,1009.2475400000001,, ,station
2024-06-23 03:00:00,7.5,87,1,2.0,1011.114048,, ,station
2024-06-23 06:00:00,10.9,72,3,7.0,1011.24737,0.0, ,station
2024-06-23 09:00:00,14.9,59,2,5.0,1011.5140140000001,0.0, ,station
2024-06-23 12:00:00,18.6,49,2,5.0,1011.24737,, ,station
2024-06-23 15:00:00,22.0,42,1,5.0,1010.447438,, ,station
2024-06-23 18:00:00,21.9,44,2,4.0,1009.5141840000001,0.0, ,station
2024-06-23 21:00:00,20.4,48,1,3.0,1009.3808620000001,0.0, ,station
2024-06-24 00:00:00,11.9,80,1,2.0,1009.780828,, ,station
2024-06-24 03:00:00,11.0,86,1,3.0,1010.447438,, ,station
2024-06-24 06:00:00,13.4,73,2,3.0,1009.9141500000001,0.0, ,station
2024-06-24 09:00:00,16.0,65,3,5.0,1009.9141500000001,0.0, ,station
2024-06-24 12:00:00,13.9,75,2,5.0,1010.7140820000001,,"Гроза, но без осадков, в срок наблюдения. ",station
2024-06-24 15:00:00,15.8,74,2,5.0,1010.0474720000001,,Состояние неба в общем не изменилось. ,station
2024-06-24 18:00:00,15.5,71,2,5.0,1010.447438,3.0, ,station
2024-06-24 21:00:00,15.2,82,1,2.0,1010.447438,3.0, ,station
2024-06-25 00:00:00,12.3,100,1,1.0,1010.8474040000001,, ,station
2024-06-25 03:00:00,12.0,100,1,1.0,1011.114048,, ,station
2024-06-25 06:00:00,16.6,75,0,,1011.24737,3.0, ,station
2024-06-25 09:00:00,19.0,55,2,3.0,1010.980726,0.0, ,station
2024-06-25 12:00:00,16.5,100,2,3.0,1010.980726,,Ливневый(ые) дождь(и) слабый(ые) в срок наблюдения или за последний час. ,station
2024-06-25 15:00:00,20.4,61,1,2.0,1011.114048,,Ливневый(ые) дождь(и). ,station
2024-06-25 18:00:00,18.8,62,1,3.0,1010.980726,5.0, ,station
2024-06-25 21:00:00,18.5,59,1,3.0,1011.24737,5.0, ,station
2024-06-26 00:00:00,13.0,100,1,1.0,1011.91398,, ,station
2024-06-26 03:00:00,10.1,100,1,2.0,1012.1806240000001,, ,station
2024-06-26 06:00:00,14.9,84,1,2.0,1011.780658,5.0, ,station
2024-06-26 09:00:00,19.2,65,2,3.0,1011.5140140000001,0.0, ,station
2024-06-26 12:00:00,24.2,55,3,6.0,1010.980726,, ,station
2024-06-26 15:00:00,22.0,59,1,3.0,1010.8474040000001,, ,station
2024-06-26 18:00:00,16.7,77,2,5.0,1012.713912,0.1,Ливневый(ые) дождь(и) слабый(ые) в срок наблюдения или за последний час. ,station
2024-06-26 21:00:00,12.2,100,3,6.0,1014.047132,3.0,Ливневый(ые) дождь(и) слабый(ые) в срок наблюдения или за последний час. ,station
2024-06-27 00:00:00,10.1,100,3,6.0,1015.9136400000001,,Облака в целом рассеиваются или становятся менее развитыми. ,station
2024-06-27 03:00:00,8.4,92,1,1.0,1017.2468600000001,,Облака в целом образовывались или развивались. ,station
2024-06-27 06:00:00,10.0,87,1,,1017.646826,3.0, ,station
2024-06-27 09:00:00,11.1,80,1,1.0,1018.0467920000001,0.3, ,station
2024-06-27 12:00:00,13.2,76,2,5.0,1017.646826,, ,station
2024-06-27 15:00:00,13.9,74,2,3.0,1017.646826,, ,station
2024-06-27 18:00:00,15.6,72,2,5.0,1016.7135720000001,0.0, ,station
2024-06-27 21:00:00,13.8,80,2,4.0,1016.4469280000001,0.0, ,station
2024-06-28 00:00:00,12.1,100,2,4.0,1017.5135040000001,, ,station
2024-06-28 03:00:00,10.5,100,1,2.0,1018.0467920000001,, ,station
2024-06-28 06:00:00,13.6,100,2,4.0,1017.9134700000001,0.0, ,station
2024-06-28 09:00:00,16.6,86,3,6.0,1017.2468600000001,0.0, ,station
2024-06-28 12:00:00,19.9,64,2,5.0,1016.0469620000001,, ,station
2024-06-28 15:00:00,19.8,62,3,5.0,1014.8470640000002,, ,station
2024-06-28 18:00:00,23.3,50,3,6.0,1012.447268,0.0, ,station
2024-06-28 21:00:00,21.4,57,2,4.0,1010.7140820000001,0.0, ,station
2024-06-29 00:00:00,17.4,72,2,4.0,1009.780828,, ,station
2024-06-29 03:00:00,15.8,100,1,2.0,1008.314286,,"Гроза, но без осадков, в срок наблюдения. ",station
2024-06-29 06:00:00,18.2,79,1,2.0,1007.5143540000001,, ,station
2024-06-29 09:00:00,20.8,68,2,6.0,1006.1811340000002,3.0, ,station
2024-06-29 12:00:00,26.0,58,3,5.0,1004.447948,, ,station
2024-06-29 15:00:00,26.5,56,3,6.0,1002.0481520000001,, ,station
2024-06-29 18:00:00,18.8,90,2,4.0,1001.91483,4.0,"Слабый дождь в срок наблюдения. Гроза в течение последнего часа, но не в срок наблюдения. ",station
2024-06-29 21:00:00,17.1,100,2,4.0,1000.981576,7.0,Состояние неба в общем не изменилось. ,station
2024-06-30 00:00:00,16.8,100,2,2.0,1001.5148640000001,,Состояние неба в общем не изменилось. ,station
2024-06-30 03:00:00,13.7,100,1,2.0,1002.448118,,Состояние неба в общем не изменилось. ,station
2024-06-30 06:00:00,15.7,83,1,4.0,1002.8480840000001,3.0, ,station
2024-06-30 09:00:00,16.9,67,1,3.0,1003.648016,0.8, ,station
2024-06-30 12:00:00,20.3,50,3,8.0,1004.1813040000001,, ,station
2024-06-30 15:00:00,21.3,47,2,4.0,1004.8479140000001,, ,station
2024-06-30 18:00:00,22.9,43,1,4.0,1005.24788,0.0, ,station
2024-06-30 21:00:00,21.0,34,3,7.0,1005.781168,0.0, ,station
2024-07-01 00:00:00,12.6,74,1,2.0,1007.1143880000001,, ,station
2024-07-01 03:00:00,9.0,100,2,3.0,1007.9143200000001,, ,station
2024-07-01 06:00:00,13.0,78,0,,1007.647676,0.0, ,station
2024-07-01 09:00:00,15.6,67,0,,1007.1143880000001,0.0, ,station
2024-07-01 12:00:00,19.0,55,1,3.0,1006.447778,, ,station
2024-07-01 15:00:00,19.7,60,2,6.0,1005.381202,, ,station
2024-07-01 18:00:00,16.2,81,2,5.0,1004.447948,0.0,Ливневый(ые) дождь(и). ,station
2024-07-01 21:00:00,15.1,100,1,1.0,1002.58144,0.1,Ливневый(ые) дождь(и) слабый(ые) в срок наблюдения или за последний час. ,station
2024-07-02 00:00:00,13.1,100,1,2.0,1000.5816100000001,,Ливневый(ые) дождь(и) слабый(ые) в срок наблюдения или за последний час. ,station
2024-07-02 03:00:00,12.2,100,1,2.0,997.24856,,Ливневый(ые) дождь(и) слабый(ые) в срок наблюдения или за последний час. ,station
2024-07-02 06:00:00,12.3,100,2,6.0,993.91551,7.0,Ливневый(ые) дождь(и). ,station
2024-07-02 09:00:00,13.1,100,3,7.0,991.649036,6.0,Состояние неба в общем не изменилось. ,station
2024-07-02 12:00:00,13.3,100,0,,991.2490700000001,,Дождь незамерзающий с перерывами слабый в срок наблюдения. ,station
2024-07-02 15:00:00,14.4,100,1,2.0,991.782358,,Состояние неба в общем не изменилось. ,station
2024-07-02 18:00:00,16.9,100,2,4.0,991.9156800000001,3.0,Облака в целом рассеиваются или становятся менее развитыми. ,station
2024-07-02 21:00:00,17.1,98,0,,992.7156120000001,3.0,Облака в целом рассеиваются или становятся менее развитыми. ,station
2024-07-03 00:00:00,12.1,100,0,,993.2489,, ,station
2024-07-03 03:00:00,11.2,100,0,,993.5155440000001,,Ливневый(ые) дождь(и). ,station
2024-07-03 06:00:00,14.8,83,2,3.0,993.91551,0.7, ,station
2024-07-03 09:00:00,17.3,69,2,5.0,993.782188,0.0, ,station
2024-07-03 12:00:00,19.0,62,3,5.0,994.982086,,Ливневый(ые) дождь(и). ,station
2024-07-03 15:00:00,19.3,54,2,4.0,995.782018,,Облака в целом образовывались или развивались. ,station
2024-07-03 18:00:00,20.0,47,2,5.0,996.048662,0.0, ,station
2024-07-03 21:00:00,18.1,53,2,4.0,996.048662,0.0, ,station
2024-07-04 00:00:00,14.2,69,1,2.0,996.981916,, ,station
2024-07-04 03:00:00,11.0,84,1,2.0,998.7151020000001,, ,station
2024-07-04 06:00:00,12.7,71,1,5.0,1001.3815420000001,0.0, ,station
2024-07-04 09:00:00,16.2,56,1,4.0,1003.114728,0.0, ,station
2024-07-04 12:00:00,18.4,51,1,3.0,1004.8479140000001,, ,station
2024-07-04 15:00:00,19.0,58,2,4.0,1006.0478120000001,, ,station
2024-07-04 18:00:00,18.6,63,3,5.0,1006.8477440000001,0.0, ,station
2024-07-04 21:00:00,17.6,69,3,7.0,1007.2477100000001,0.0, ,station
2024-07-05 00:00:00,15.3,100,1,3.0,1007.647676,,Состояние неба в общем не изменилось. ,station
2024-07-05 03:00:00,14.8,100,1,2.0,1007.7809980000001,,Ливневый(ые) дождь(и) слабый(ые) в срок наблюдения или за последний час. ,station
2024-07-05 06:00:00,16.3,100,1,2.0,1006.9810659999999,0.4,Облака в целом рассеиваются или становятся менее развитыми. ,station
2024-07-05 09:00:00,19.8,71,2,4.0,1006.447778,0.4,Облака в целом образовывались или развивались. ,station
2024-07-05 12:00:00,17.9,83,4,,1006.0478120000001,,Ливневый(ые) дождь(и) слабый(ые) в срок наблюдения или за последний час. ,station
2024-07-05 15:00:00,15.7,100,1,3.0,1003.648016,,Ливневый(ые) дождь(и). ,station
2024-07-05 18:00:00,19.0,81,2,5.0,1000.0483220000001,0.9,Облака в целом образовывались или развивались. ,station
2024-07-05 21:00:00,18.0,100,4,8.0,997.5152040000002,10.0,Ливневый(ые) дождь(и). ,station
2024-07-06 00:00:00,17.2,100,3,5.0,998.0484920000001,, ,station
2024-07-06 03:00:00,15.6,100,2,4.0,998.0484920000001,,Ливневый(ые) дождь(и) слабый(ые) в срок наблюдения или за последний час. ,station
2024-07-06 06:00:00,15.2,100,0,,998.5817800000001,9.0,Ливневый(ые) дождь(и) слабый(ые) в срок наблюдения или за последний час. ,station
2024-07-06 09:00:00,16.8,91,1,2.0,998.0484920000001,1.0,Облака в целом рассеиваются или становятся менее развитыми. ,station
2024-07-06 12:00:00,17.4,70,1,3.0,997.5152040000002,, ,station
2024-07-06 15:00:00,16.0,100,1,3.0,996.58195,,Ливневый(ые) дождь(и) слабый(ые) в срок наблюдения или за последний час. ,station
2024-07-06 18:00:00,13.1,100,2,4.0,998.1818140000001,9.0,Ливневый(ые) дождь(и) умеренный(ые) или сильный(ые) в срок наблюдения или за последний час. ,station
2024-07-06 21:00:00,12.3,100,0,,999.648356,12.0,Ливневый(ые) дождь(и) слабый(ые) в срок наблюдения или за последний час. ,station
2024-07-07 00:00:00,11.9,100,1,2.0,1001.114898,,Состояние неба в общем не изменилось. ,station
2024-07-07 03:00:00,11.5,100,1,2.0,1002.8480840000001,,Облака в целом рассеиваются или становятся менее развитыми. ,station
2024-07-07 06:00:00,14.1,100,2,4.0,1004.047982,4.0,Облака в целом рассеиваются или становятся менее развитыми. ,station
2024-07-07 09:00:00,17.2,71,3,7.0,1005.24788,0.1,Облака в целом образовывались или развивались. ,station
2024-07-07 12:00:00,17.9,65,4,,1006.0478120000001,, ,station
2024-07-07 15:00:00,14.5,100,2,5.0,1006.1811340000002,,Ливневый(ые) дождь(и) слабый(ые) в срок наблюдения или за последний час. ,station
2024-07-07 18:00:00,15.9,100,4,8.0,1003.24805,3.0,Ливневый(ые) дождь(и) слабый(ые) в срок наблюдения или за последний час. ,station
2024-07-07 21:00:00,15.8,100,3,7.0,1003.381372,9.0,Ливневый(ые) дождь(и) слабый(ые) в срок наблюдения или за последний час. ,station
2024-07-08 00:00:00,16.7,100,3,7.0,1003.91466,,Состояние неба в общем не изменилось. ,station
2024-07-08 03:00:00,16.3,100,3,6.0,1005.114558,,Ливневый(ые) дождь(и). ,station
2024-07-08 06:00:00,16.4,87,2,5.0,1006.8477440000001,5.0, ,station
2024-07-08 09:00:00,19.0,62,4,8.0,1007.5143540000001,0.3, ,station
2024-07-08 12:00:00,19.5,54,5,9.0,1008.8475740000001,, ,station
2024-07-08 15:00:00,20.3,52,4,8.0,1010.58076,, ,station
2024-07-08 18:00:00,19.4,55,3,6.0,1012.0473020000001,0.0, ,station
2024-07-08 21:00:00,18.1,62,2,5.0,1012.713912,0.0, ,station
2024-07-09 00:00:00,16.5,72,1,3.0,1013.647166,, ,station
2024-07-09 03:00:00,13.4,100,0,,1013.91381,, ,station
2024-07-09 06:00:00,15.2,96,1,3.0,1013.647166,0.0, ,station
2024-07-09 09:00:00,15.4,97,1,2.0,1014.047132,0.3,Ливневый(ые) дождь(и) слабый(ые) в срок наблюдения или за последний час. ,station
2024-07-09 12:00:00,18.0,71,2,4.0,1014.047132,,Облака в целом рассеиваются или становятся менее развитыми. ,station
2024-07-09 15:00:00,19.3,63,2,4.0,1014.447098,,Состояние неба в общем не изменилось. ,station
2024-07-09 18:00:00,15.3,100,2,4.0,1015.5136740000002,3.0,Гроза (с осадками или без них). ,station
2024-07-09 21:00:00,14.8,100,1,1.0,1016.0469620000001,3.0,Состояние неба в общем не изменилось. ,station
2024-07-10 00:00:00,12.0,100,0,,1016.8468940000001,, ,station
2024-07-10 03:00:00,11.5,100,1,2.0,1017.9134700000001,, ,station
2024-07-10 06:00:00,14.5,100,1,2.0,1019.5133340000001,0.4, ,station
2024-07-10 09:00:00,17.3,66,1,3.0,1020.446588,0.0, ,station
2024-07-10 12:00:00,19.5,64,1,4.0,1020.979876,, ,station
2024-07-10 15:00:00,15.4,100,2,3.0,1022.1797740000001,,Гроза (с осадками или без них). ,station
2024-07-10 18:00:00,18.4,71,1,2.0,1022.446418,2.0,Ливневый(ые) дождь(и). ,station
2024-07-10 21:00:00,16.2,84,1,,1023.779638,3.0,"Осадки в поле зрения, достигающие поверхности земли или моря на расстоянии более 5 км от станции. ",station
2024-07-11 00:00:00,11.4,99,1,2.0,1024.8462140000001,, ,station
2024-07-11 03:00:00,9.6,100,1,3.0,1025.779468,, ,station
2024-07-11 06:00:00,11.4,100,0,,1025.779468,0.1, ,station
2024-07-11 09:00:00,16.3,79,1,2.0,1025.646146,0.0, ,station
2024-07-11 12:00:00,18.8,66,2,5.0,1024.8462140000001,, ,station
2024-07-11 15:00:00,20.3,66,3,6.0,1023.113028,, ,station
2024-07-11 18:00:00,17.4,77,3,5.0,1021.646486,0.0, ,station
2024-07-11 21:00:00,16.5,83,1,3.0,1019.779978,0.0, ,station
2024-07-12 00:00:00,15.7,86,2,5.0,1018.446758,, ,station
2024-07-12 03:00:00,14.4,100,1,3.0,1016.4469280000001,,Дождь незамерзающий непрерывный слабый в срок наблюдения. ,station
2024-07-12 06:00:00,14.5,100,0,,1014.447098,2.0,Дождь незамерзающий непрерывный слабый в срок наблюдения. ,station
2024-07-12 09:00:00,14.9,100,0,,1012.447268,4.0,Дождь незамерзающий непрерывный слабый в срок наблюдения. ,station
2024-07-12 12:00:00,14.9,100,2,4.0,1010.8474040000001,,Дождь незамерзающий непрерывный умеренный в срок наблюдения. ,station
2024-07-12 15:00:00,15.6,100,3,,1008.8475740000001,,Дождь незамерзающий непрерывный слабый в срок наблюдения. ,station
2024-07-12 18:00:00,15.1,100,3,6.0,1007.7809980000001,13.0,Дождь незамерзающий с перерывами слабый в срок наблюдения. ,station
2024-07-12 21:00:00,15.3,100,1,2.0,1007.3810320000001,11.0,Дождь незамерзающий с перерывами слабый в срок наблюдения. ,station
2024-07-13 00:00:00,15.2,100,0,,1007.647676,,Дождь (незамерзающий) неливневый. ,station
2024-07-13 03:00:00,15.1,100,0,,1008.4476080000001,,Состояние неба в общем не изменилось. ,station
2024-07-13 06:00:00,14.0,100,3,8.0,1010.58076,0.5,Ливневый(ые) дождь(и) слабый(ые) в срок наблюдения или за последний час. ,station
2024-07-13 09:00:00,13.0,100,2,6.0,1012.980556,0.5,Ливневый(ые) дождь(и). ,station
2024-07-13 12:00:00,12.6,84,4,10.0,1015.3803520000001,, ,station
2024-07-13 15:00:00,15.4,66,5,11.0,1016.4469280000001,, ,station
2024-07-13 18:00:00,15.1,65,4,8.0,1017.646826,0.0, ,station
2024-07-13 21:00:00,14.5,67,2,4.0,1018.313436,0.0, ,station
2024-07-14 00:00:00,10.0,99,1,,1018.8467240000001,, ,station
2024-07-14 03:00:00,6.6,100,1,1.0,1019.779978,, ,station
2024-07-14 06:00:00,9.1,100,1,,1020.313266,0.0, ,station
2024-07-14 09:00:00,14.2,71,2,3.0,1020.0466220000001,0.0, ,station
2024-07-14 12:00:00,17.8,59,2,4.0,1018.980046,, ,station
2024-07-14 15:00:00,19.8,48,2,3.0,1018.446758,, ,station
2024-07-14 18:00:00,19.7,57,2,4.0,1017.9134700000001,0.0, ,station
2024-07-14 21:00:00,17.3,60,1,3.0,1018.0467920000001,0.0, ,station
2024-07-15 00:00:00,11.7,89,1,2.0,1018.8467240000001,, ,station
2024-07-15 03:00:00,8.3,100,2,3.0,1018.8467240000001,, ,station
2024-07-15 06:00:00,13.7,88,0,,1019.3800120000001,0.0, ,station
2024-07-15 09:00:00,17.1,76,2,4.0,1018.8467240000001,0.0, ,station
2024-07-15 12:00:00,18.7,72,3,6.0,1018.5800800000001,, ,station
2024-07-15 15:00:00,19.6,52,3,5.0,1018.313436,, ,station
2024-07-15 18:00:00,19.7,49,2,5.0,1017.646826,0.0, ,station
2024-07-15 21:00:00,16.7,69,2,4.0,1017.646826,0.0, ,station
2024-07-16 00:00:00,11.0,100,1,2.0,1017.646826,, ,station
2024-07-16 03:00:00,7.6,100,1,2.0,1017.9134700000001,, ,station
2024-07-16 06:00:00,12.9,88,0,,1017.646826,0.0, ,station
2024-07-16 09:00:00,15.1,77,1,2.0,1017.3801820000001,0.0, ,station
2024-07-16 12:00:00,17.5,77,1,2.0,1016.8468940000001,, ,station
2024-07-16 15:00:00,18.5,69,2,5.0,1016.5802500000001,, ,station
2024-07-16 18:00:00,18.7,61,2,4.0,1015.646996,0.0, ,station
2024-07-16 21:00:00,16.8,79,0,,1015.2470300000001,0.0, ,station
2024-07-17 00:00:00,14.5,100,1,,1015.5136740000002,, ,station
2024-07-17 03:00:00,11.8,100,1,2.0,1015.2470300000001,, ,station
2024-07-17 06:00:00,13.8,100,1,2.0,1015.646996,0.0, ,station
2024-07-17 09:00:00,21.0,67,1,1.0,1015.2470300000001,0.0, ,station
2024-07-17 12:00:00,26.5,34,1,3.0,1015.113708,, ,station
2024-07-17 15:00:00,26.8,36,1,3.0,1014.7137420000001,, ,station
2024-07-17 18:00:00,24.9,45,1,2.0,1014.447098,0.0, ,station
2024-07-17 21:00:00,22.0,70,0,,1014.447098,0.0, ,station
2024-07-18 00:00:00,17.8,90,1,2.0,1014.8470640000002,, ,station
2024-07-18 03:00:00,14.8,100,2,2.0,1015.5136740000002,, ,station
2024-07-18 06:00:00,18.6,81,0,,1015.7803180000001,0.0, ,station
2024-07-18 09:00:00,21.6,72,2,3.0,1015.9136400000001,0.0, ,station
2024-07-18 12:00:00,22.8,70,3,5.0,1015.646996,, ,station
2024-07-18 15:00:00,23.7,65,3,6.0,1015.5136740000002,,"Осадки в поле зрения, достигающие поверхности земли или моря на расстоянии более 5 км от станции. ",station
2024-07-18 18:00:00,21.2,71,2,5.0,1015.2470300000001,0.0, ,station
2024-07-18 21:00:00,19.1,77,2,3.0,1014.8470640000002,0.0, ,station
2024-07-19 00:00:00,16.5,100,1,2.0,1015.646996,, ,station
2024-07-19 03:00:00,13.9,100,1,2.0,1015.646996,, ,station
2024-07-19 06:00:00,15.8,100,1,2.0,1016.0469620000001,0.0, ,station
2024-07-19 09:00:00,19.1,78,0,,1015.2470300000001,0.0, ,station
2024-07-19 12:00:00,20.0,69,2,4.0,1015.113708,, ,station
2024-07-19 15:00:00,20.6,66,2,5.0,1014.8470640000002,, ,station
2024-07-19 18:00:00,20.0,70,1,3.0,1014.7137420000001,0.0, ,station
2024-07-19 21:00:00,19.8,70,0,,1014.980386,0.0, ,station
2024-07-20 00:00:00,14.5,100,1,1.0,1015.5136740000002,, ,station
2024-07-20 03:00:00,12.9,100,1,2.0,1016.4469280000001,, ,station
2024-07-20 06:00:00,15.1,96,0,,1017.2468600000001,0.0, ,station
2024-07-20 09:00:00,17.2,79,2,4.0,1017.2468600000001,0.0, ,station
2024-07-20 12:00:00,17.4,69,3,7.0,1017.780148,, ,station
2024-07-20 15:00:00,18.7,61,3,7.0,1017.646826,, ,station
2024-07-20 18:00:00,19.1,55,2,5.0,1017.1135380000001,0.0, ,station
2024-07-20 21:00:00,18.0,60,1,2.0,1017.2468600000001,0.0, ,station
2024-07-21 00:00:00,10.7,100,2,3.0,1018.1801140000001,, ,station
2024-07-21 03:00:00,7.7,100,2,4.0,1018.980046,, ,station
2024-07-21 06:00:00,12.2,87,0,,1019.2466900000001,0.0, ,station
2024-07-21 09:00:00,17.3,64,1,2.0,1019.113368,0.0, ,station
2024-07-21 12:00:00,21.1,54,2,3.0,1018.8467240000001,, ,station
2024-07-21 15:00:00,23.7,43,2,4.0,1018.0467920000001,, ,station
2024-07-21 18:00:00,23.1,49,2,4.0,1017.646826,0.0, ,station
2024-07-21 21:00:00,19.5,56,1,3.0,1017.780148,0.0, ,station
2024-07-22 00:00:00,12.5,97,2,2.0,1018.446758,, ,station
2024-07-22 03:00:00,8.8,100,2,3.0,1018.980046,, ,station
2024-07-22 06:00:00,13.1,86,0,,1019.3800120000001,0.0, ,station
2024-07-22 09:00:00,18.1,74,1,3.0,1019.2466900000001,0.0, ,station
2024-07-22 12:00:00,21.6,41,2,5.0,1018.8467240000001,, ,station
2024-07-22 15:00:00,23.8,46,2,5.0,1018.446758,, ,station
2024-07-22 18:00:00,22.4,52,3,6.0,1018.1801140000001,0.0, ,station
2024-07-22 21:00:00,19.1,66,2,4.0,1018.446758,0.0, ,station
2024-07-23 00:00:00,17.5,61,1,2.0,1018.7134020000001,, ,station
2024-07-23 03:00:00,10.6,100,2,3.0,1019.3800120000001,, ,station
2024-07-23 06:00:00,15.6,79,0,,1019.2466900000001,0.0, ,station
2024-07-23 09:00:00,19.3,68,1,3.0,1018.7134020000001,0.0, ,station
2024-07-23 12:00:00,23.6,56,2,4.0,1018.0467920000001,, ,station
2024-07-23 15:00:00,25.8,46,3,6.0,1017.2468600000001,, ,station
2024-07-23 18:00:00,23.2,52,3,6.0,1016.4469280000001,0.0, ,station
2024-07-23 21:00:00,20.8,64,1,3.0,1016.0469620000001,0.0, ,station
2024-07-24 00:00:00,17.0,76,1,2.0,1016.313606,, ,station
2024-07-24 03:00:00,11.4,100,1,2.0,1016.4469280000001,, ,station
2024-07-24 06:00:00,16.5,82,0,,1016.313606,0.0, ,station
2024-07-24 09:00:00,19.9,70,1,2.0,1015.7803180000001,0.0, ,station
2024-07-24 12:00:00,23.9,63,2,4.0,1015.3803520000001,, ,station
2024-07-24 15:00:00,26.2,50,2,5.0,1014.980386,, ,station
2024-07-24 18:00:00,24.8,54,2,5.0,1014.447098,0.0, ,station
2024-07-24 21:00:00,22.3,56,1,3.0,1014.7137420000001,0.0, ,station
2024-07-25 00:00:00,16.1,92,1,2.0,1015.113708,, ,station
2024-07-25 03:00:00,13.0,100,2,2.0,1015.5136740000002,, ,station
2024-07-25 06:00:00,16.0,99,1,,1015.5136740000002,0.0, ,station
2024-07-25 09:00:00,20.6,69,2,4.0,1015.646996,0.0, ,station
2024-07-25 12:00:00,23.4,55,3,5.0,1014.8470640000002,, ,station
2024-07-25 15:00:00,24.2,52,3,5.0,1014.447098,, ,station
2024-07-25 18:00:00,23.7,54,2,4.0,1013.91381,0.0, ,station
2024-07-25 21:00:00,20.7,64,2,3.0,1013.647166,0.0, ,station
2024-07-26 00:00:00,18.1,80,1,4.0,1014.1804540000002,, ,station
2024-07-26 03:00:00,13.7,100,0,,1014.8470640000002,, ,station
2024-07-26 06:00:00,17.8,78,1,3.0,1014.58042,0.0, ,station
2024-07-26 09:00:00,20.3,67,2,4.0,1014.313776,0.0, ,station
2024-07-26 12:00:00,22.8,54,3,5.0,1014.047132,, ,station
2024-07-26 15:00:00,24.4,40,3,7.0,1013.380522,, ,station
2024-07-26 18:00:00,22.8,62,2,4.0,1012.980556,0.0, ,station
2024-07-26 21:00:00,19.7,73,3,5.0,1012.980556,0.0, ,station
2024-07-27 00:00:00,17.3,99,2,5.0,1013.780488,, ,station
2024-07-27 03:00:00,16.5,96,2,4.0,1014.447098,, ,station
2024-07-27 06:00:00,16.7,77,2,5.0,1014.447098,0.0, ,station
2024-07-27 09:00:00,19.3,71,3,6.0,1014.7137420000001,0.0, ,station
2024-07-27 12:00:00,21.3,66,2,6.0,1014.8470640000002,, ,station
2024-07-27 15:00:00,22.2,40,3,6.0,1014.1804540000002,, ,station
2024-07-27 18:00:00,20.9,53,3,,1013.91381,0.0, ,station
2024-07-27 21:00:00,18.7,56,2,4.0,1013.91381,0.0, ,station
2024-07-28 00:00:00,17.2,53,2,3.0,1014.047132,, ,station
2024-07-28 03:00:00,15.2,58,2,5.0,1014.447098,, ,station
2024-07-28 06:00:00,15.4,60,2,4.0,1014.58042,0.0, ,station
2024-07-28 09:00:00,17.7,69,2,3.0,1013.91381,0.0, ,station
2024-07-28 12:00:00,18.7,71,2,3.0,1013.5138440000001,, ,station
2024-07-28 15:00:00,21.5,54,2,4.0,1012.313946,, ,station
2024-07-28 18:00:00,21.4,55,2,5.0,1011.3806920000001,0.0, ,station
2024-07-28 21:00:00,19.5,62,0,,1010.447438,0.0, ,station
2024-07-29 00:00:00,12.3,100,2,3.0,1010.58076,, ,station
2024-07-29 03:00:00,11.1,100,0,,1010.8474040000001,, ,station
2024-07-29 06:00:00,13.5,93,1,2.0,1010.7140820000001,0.0, ,station
2024-07-29 09:00:00,18.9,63,1,2.0,1010.8474040000001,0.0, ,station
2024-07-29 12:00:00,21.9,56,1,3.0,1010.8474040000001,, ,station
2024-07-29 15:00:00,23.4,42,2,6.0,1010.447438,, ,station
2024-07-29 18:00:00,23.4,39,3,6.0,1010.447438,0.0, ,station
2024-07-29 21:00:00,18.5,54,3,8.0,1011.5140140000001,0.0, ,station
2024-07-30 00:00:00,15.4,70,2,4.0,1011.647336,, ,station
2024-07-30 03:00:00,14.4,82,2,5.0,1011.647336,, ,station
2024-07-30 06:00:00,13.9,85,3,7.0,1010.8474040000001,0.0, ,station
2024-07-30 09:00:00,13.6,97,2,5.0,1010.447438,0.4,Ливневый(ые) дождь(и) слабый(ые) в срок наблюдения или за последний час. ,station
2024-07-30 12:00:00,16.6,70,4,9.0,1009.2475400000001,,Состояние неба в общем не изменилось. ,station
2024-07-30 15:00:00,18.1,64,3,6.0,1008.7142520000001,,Состояние неба в общем не изменилось. ,station
2024-07-30 18:00:00,18.7,63,3,7.0,1007.647676,0.4, ,station
2024-07-30 21:00:00,16.5,76,4,8.0,1006.9810659999999,0.0, ,station
2024-07-31 00:00:00,14.0,100,0,,1006.8477440000001,,Ливневый(ые) дождь(и) слабый(ые) в срок наблюдения или за последний час. ,station
2024-07-31 03:00:00,12.9,100,2,5.0,1005.381202,,Ливневый(ые) дождь(и). ,station
2024-07-31 06:00:00,12.6,100,1,,1005.5145240000002,4.0,Ливневый(ые) дождь(и) слабый(ые) в срок наблюдения или за последний час. ,station
2024-07-31 09:00:00,12.8,100,1,,1005.381202,5.0,Дождь незамерзающий непрерывный слабый в срок наблюдения. ,station
2024-07-31 12:00:00,13.5,100,2,3.0,1005.91449,,Дождь незамерзающий непрерывный слабый в срок наблюдения. ,station
2024-07-31 15:00:00,14.0,100,1,,1005.647846,,Дождь незамерзающий с перерывами слабый в срок наблюдения. ,station
2024-07-31 18:00:00,15.5,100,2,5.0,1004.1813040000001,3.0,Облака в целом рассеиваются или становятся менее развитыми. ,station
2024-07-31 21:00:00,17.2,89,3,8.0,1002.8480840000001,3.0,"Осадки в поле зрения, достигающие поверхности земли или моря поблизости, но не на самой станции. ",station
2024-08-01 00:00:00,15.0,91,3,7.0,1002.448118,, ,station
2024-08-01 03:00:00,13.6,96,3,6.0,1001.5148640000001,,Ливневый(ые) дождь(и) слабый(ые) в срок наблюдения или за последний час. ,station
2024-08-01 06:00:00,13.2,99,2,5.0,1000.981576,0.0,Состояние неба в общем не изменилось. ,station
2024-08-01 09:00:00,13.8,91,2,6.0,1002.0481520000001,0.0,Ливневый(ые) дождь(и). ,station
2024-08-01 12:00:00,14.6,91,2,5.0,1003.381372,, ,station
2024-08-01 15:00:00,16.3,88,3,6.0,1004.714592,, ,station
2024-08-01 18:00:00,17.4,86,2,4.0,1005.647846,0.0, ,station
2024-08-01 21:00:00,16.8,94,0,,1006.314456,0.0,Состояние неба в общем не изменилось. ,station
2024-08-02 00:00:00,15.0,100,1,2.0,1006.8477440000001,, ,station
2024-08-02 03:00:00,14.7,100,1,2.0,1007.2477100000001,, ,station
2024-08-02 06:00:00,15.3,100,2,4.0,1007.647676,0.0, ,station
2024-08-02 09:00:00,14.9,100,3,7.0,1007.7809980000001,0.5,Ливневый(ые) дождь(и). ,station
2024-08-02 12:00:00,19.5,71,4,8.0,1008.0476420000001,, ,station
2024-08-02 15:00:00,21.5,62,5,9.0,1008.4476080000001,, ,station
2024-08-02 18:00:00,18.7,74,2,3.0,1009.2475400000001,0.5, ,station
2024-08-02 21:00:00,18.8,74,2,4.0,1010.0474720000001,0.0, ,station
2024-08-03 00:00:00,17.2,78,2,5.0,1010.8474040000001,, ,station
2024-08-03 03:00:00,15.2,81,3,8.0,1011.3806920000001,, ,station
2024-08-03 06:00:00,13.8,78,2,6.0,1011.91398,0.0, ,station
2024-08-03 09:00:00,16.8,67,2,5.0,1012.447268,0.0, ,station
2024-08-03 12:00:00,20.9,53,2,6.0,1012.447268,, ,station
2024-08-03 15:00:00,23.3,43,1,5.0,1011.647336,, ,station
2024-08-03 18:00:00,22.7,39,2,5.0,1011.114048,0.0, ,station
2024-08-03 21:00:00,19.9,49,2,4.0,1011.3806920000001,0.0, ,station
2024-08-04 00:00:00,17.4,60,2,4.0,1012.0473020000001,, ,station
2024-08-04 03:00:00,14.6,80,1,3.0,1012.8472340000001,, ,station
2024-08-04 06:00:00,15.2,77,1,3.0,1013.2472,0.0, ,station
2024-08-04 09:00:00,18.3,60,2,5.0,1013.2472,0.0, ,station
2024-08-04 12:00:00,21.2,47,3,8.0,1012.980556,, ,station
2024-08-04 15:00:00,23.1,46,2,5.0,1012.8472340000001,, ,station
2024-08-04 18:00:00,22.8,42,3,6.0,1012.1806240000001,0.0, ,station
2024-08-04 21:00:00,18.8,55,1,3.0,1012.447268,0.0, ,station
2024-08-05 00:00:00,13.2,71,3,5.0,1013.91381,, ,station
2024-08-05 03:00:00,9.8,74,1,2.0,1014.8470640000002,, ,station
2024-08-05 06:00:00,9.4,85,2,5.0,1014.980386,0.0, ,station
2024-08-05 09:00:00,12.6,76,3,6.0,1015.2470300000001,0.0, ,station
2024-08-05 12:00:00,18.5,48,1,3.0,1015.3803520000001,, ,station
2024-08-05 15:00:00,21.3,43,1,,1015.2470300000001,, ,station
2024-08-05 18:00:00,20.8,41,1,2.0,1014.8470640000002,0.0, ,station
2024-08-05 21:00:00,16.0,54,0,,1015.7803180000001,0.0, ,station
2024-08-06 00:00:00,10.3,80,1,2.0,1017.1135380000001,, ,station
2024-08-06 03:00:00,6.4,99,0,,1018.0467920000001,, ,station
2024-08-06 06:00:00,7.5,100,1,2.0,1018.1801140000001,0.0, ,station
2024-08-06 09:00:00,15.2,56,1,2.0,1018.1801140000001,0.0, ,station
2024-08-06 12:00:00,20.2,34,1,4.0,1017.780148,, ,station
2024-08-06 15:00:00,21.3,30,2,3.0,1017.3801820000001,, ,station
2024-08-06 18:00:00,20.3,42,2,3.0,1016.980216,0.0, ,station
2024-08-06 21:00:00,15.9,65,1,2.0,1017.646826,0.0, ,station
2024-08-07 00:00:00,9.2,100,2,3.0,1018.446758,, ,station
2024-08-07 03:00:00,7.0,100,1,2.0,1018.8467240000001,, ,station
2024-08-07 06:00:00,7.4,100,1,,1019.113368,0.0, ,station
2024-08-07 09:00:00,14.7,69,1,2.0,1019.113368,0.0, ,station
2024-08-07 12:00:00,17.8,65,1,3.0,1018.980046,, ,station
2024-08-07 15:00:00,21.3,33,2,4.0,1018.1801140000001,, ,station
2024-08-07 18:00:00,19.9,40,2,5.0,1017.5135040000001,0.0, ,station
2024-08-07 21:00:00,14.6,55,0,,1017.780148,0.0, ,station
2024-08-08 00:00:00,8.2,79,2,3.0,1018.446758,, ,station
2024-08-08 03:00:00,5.0,100,2,3.0,1018.8467240000001,, ,station
2024-08-08 06:00:00,5.1,100,1,2.0,1018.7134020000001,0.0, ,station
2024-08-08 09:00:00,14.2,60,1,2.0,1018.5800800000001,0.0, ,station
2024-08-08 12:00:00,19.4,50,1,3.0,1017.9134700000001,, ,station
2024-08-08 15:00:00,21.9,43,2,4.0,1017.1135380000001,, ,station
2024-08-08 18:00:00,20.3,47,2,5.0,1016.0469620000001,0.0, ,station
2024-08-08 21:00:00,16.0,43,1,3.0,1015.646996,0.0, ,station
2024-08-09 00:00:00,7.9,75,2,3.0,1015.9136400000001,, ,station
2024-08-09 03:00:00,6.2,99,2,3.0,1015.9136400000001,, ,station
2024-08-09 06:00:00,7.1,100,1,2.0,1015.646996,0.0, ,station
2024-08-09 09:00:00,16.6,73,2,5.0,1015.113708,0.0, ,station
2024-08-09 12:00:00,18.9,59,2,5.0,1014.8470640000002,, ,station
2024-08-09 15:00:00,21.1,52,3,7.0,1013.647166,, ,station
2024-08-09 18:00:00,19.4,67,3,6.0,1012.8472340000001,0.0, ,station
2024-08-09 21:00:00,17.9,66,3,6.0,1012.1806240000001,0.0, ,station
2024-08-10 00:00:00,17.2,68,2,4.0,1012.447268,, ,station
2024-08-10 03:00:00,15.4,73,1,3.0,1011.647336,, ,station
2024-08-10 06:00:00,16.6,68,1,3.0,1010.8474040000001,0.0, ,station
2024-08-10 09:00:00,18.6,62,2,5.0,1010.0474720000001,0.0, ,station
2024-08-10 12:00:00,22.0,52,3,7.0,1008.4476080000001,, ,station
2024-08-10 15:00:00,22.7,54,3,7.0,1006.7144220000001,, ,station
2024-08-10 18:00:00,20.3,69,3,6.0,1005.114558,0.0, ,station
2024-08-10 21:00:00,18.3,58,3,,1004.1813040000001,0.0, ,station
2024-08-11 00:00:00,15.0,75,1,2.0,1003.114728,, ,station
2024-08-11 03:00:00,16.5,72,1,3.0,1001.648186,, ,station
2024-08-11 06:00:00,14.7,86,1,3.0,1001.114898,0.0, ,station
2024-08-11 09:00:00,18.4,70,1,3.0,1000.7149320000001,0.0, ,station
2024-08-11 12:00:00,22.9,51,3,8.0,1000.448288,, ,station
2024-08-11 15:00:00,22.1,60,3,,1000.8482540000001,, ,station
2024-08-11 18:00:00,18.9,70,3,7.0,1001.648186,0.0,Состояние неба в общем не изменилось. ,station
2024-08-11 21:00:00,17.6,73,1,1.0,1002.448118,0.0,Состояние неба в общем не изменилось. ,station
2024-08-12 00:00:00,12.6,96,1,2.0,1002.58144,, ,station
2024-08-12 03:00:00,14.8,69,2,6.0,1003.114728,, ,station
2024-08-12 06:00:00,13.3,77,2,4.0,1004.447948,0.0, ,station
2024-08-12 09:00:00,17.9,64,2,5.0,1005.781168,0.0, ,station
2024-08-12 12:00:00,21.5,56,1,2.0,1007.1143880000001,, ,station
2024-08-12 15:00:00,20.4,62,1,2.0,1008.4476080000001,, ,station
2024-08-12 18:00:00,18.3,83,0,,1009.9141500000001,0.7,Состояние неба в общем не изменилось. ,station
2024-08-12 21:00:00,16.5,87,1,1.0,1010.980726,0.7,Состояние неба в общем не изменилось. ,station
2024-08-13 00:00:00,11.8,100,1,2.0,1012.58059,, ,station
2024-08-13 03:00:00,11.9,100,2,3.0,1013.5138440000001,, ,station
2024-08-13 06:00:00,12.0,100,2,4.0,1014.58042,0.0, ,station
2024-08-13 09:00:00,17.4,75,1,3.0,1015.2470300000001,0.0, ,station
2024-08-13 12:00:00,22.0,59,2,3.0,1014.980386,, ,station
2024-08-13 15:00:00,24.1,52,1,3.0,1014.447098,, ,station
2024-08-13 18:00:00,22.3,55,1,2.0,1015.2470300000001,0.0, ,station
2024-08-13 21:00:00,16.7,81,0,,1015.2470300000001,0.0, ,station
2024-08-14 00:00:00,11.8,100,1,,1016.0469620000001,, ,station
2024-08-14 03:00:00,10.1,100,0,,1017.2468600000001,, ,station
2024-08-14 06:00:00,9.0,100,1,2.0,1017.646826,0.0, ,station
2024-08-14 09:00:00,18.1,56,1,2.0,1017.5135040000001,0.0, ,station
2024-08-14 12:00:00,19.8,47,2,4.0,1017.5135040000001,, ,station
2024-08-14 15:00:00,21.9,42,3,4.0,1017.1135380000001,, ,station
2024-08-14 18:00:00,21.6,46,2,4.0,1016.313606,0.0, ,station
2024-08-14 21:00:00,15.8,70,0,,1016.313606,0.0, ,station
2024-08-15 00:00:00,10.6,100,2,3.0,1016.4469280000001,, ,station
2024-08-15 03:00:00,8.3,100,2,3.0,1016.8468940000001,, ,station
2024-08-15 06:00:00,7.8,100,1,,1016.313606,0.0, ,station
2024-08-15 09:00:00,18.0,71,2,5.0,1015.646996,0.0, ,station
2024-08-15 12:00:00,20.9,59,2,4.0,1015.113708,, ,station
2024-08-15 15:00:00,23.5,54,2,5.0,1013.91381,, ,station
2024-08-15 18:00:00,21.4,63,3,6.0,1012.980556,0.0, ,station
2024-08-15 21:00:00,19.2,68,1,2.0,1012.1806240000001,0.0, ,station
2024-08-16 00:00:00,19.1,73,2,4.0,1011.647336,, ,station
2024-08-16 03:00:00,15.6,100,2,2.0,1010.8474040000001,,Ливневый(ые) дождь(и). ,station
2024-08-16 06:00:00,16.9,100,2,4.0,1009.780828,0.3, ,station
2024-08-16 09:00:00,20.0,73,3,6.0,1008.314286,0.3, ,station
2024-08-16 12:00:00,21.5,66,4,,1006.8477440000001,, ,station
2024-08-16 15:00:00,20.4,75,3,7.0,1005.24788,, ,station
2024-08-16 18:00:00,20.5,72,3,5.0,1003.5146940000001,0.0, ,station
2024-08-16 21:00:00,16.1,100,2,5.0,1002.8480840000001,3.0,Ливневый(ые) дождь(и) слабый(ые) в срок наблюдения или за последний час. ,station
2024-08-17 00:00:00,16.1,100,2,4.0,1001.5148640000001,,Ливневый(ые) дождь(и) слабый(ые) в срок наблюдения или за последний час. ,station
2024-08-17 03:00:00,16.3,100,1,3.0,1000.448288,,Состояние неба в общем не изменилось. ,station
2024-08-17 06:00:00,13.9,100,0,,1000.5816100000001,9.0, ,station
2024-08-17 09:00:00,15.2,100,1,3.0,1000.448288,6.0, ,station
2024-08-17 12:00:00,16.0,86,3,6.0,1001.2482200000001,, ,station
2024-08-17 15:00:00,17.4,70,2,4.0,1002.0481520000001,, ,station
2024-08-17 18:00:00,17.7,69,2,4.0,1002.448118,0.0, ,station
2024-08-17 21:00:00,15.5,85,2,4.0,1002.7147620000001,0.0, ,station
2024-08-18 00:00:00,14.2,100,2,3.0,1003.114728,, ,station
2024-08-18 03:00:00,13.6,100,1,2.0,1003.781338,, ,station
2024-08-18 06:00:00,12.8,100,1,,1004.8479140000001,0.0, ,station
2024-08-18 09:00:00,16.1,81,2,4.0,1005.24788,0.0, ,station
2024-08-18 12:00:00,18.3,63,1,3.0,1006.0478120000001,, ,station
2024-08-18 15:00:00,21.0,42,2,6.0,1006.447778,, ,station
2024-08-18 18:00:00,21.5,41,1,2.0,1006.8477440000001,0.0, ,station
2024-08-18 21:00:00,13.8,84,2,2.0,1007.2477100000001,0.0, ,station
2024-08-19 00:00:00,9.6,100,2,3.0,1007.647676,, ,station
2024-08-19 03:00:00,7.3,100,1,2.0,1007.647676,, ,station
2024-08-19 06:00:00,6.9,100,0,,1006.7144220000001,0.0, ,station
2024-08-19 09:00:00,16.9,75,3,6.0,1005.24788,0.0, ,station
2024-08-19 12:00:00,18.5,66,3,6.0,1003.5146940000001,, ,station
2024-08-19 15:00:00,18.9,68,3,6.0,1002.0481520000001,, ,station
2024-08-19 18:00:00,14.6,100,1,2.0,1001.648186,2.0,Ливневый(ые) дождь(и). ,station
2024-08-19 21:00:00,14.2,100,0,,1001.5148640000001,2.0,Состояние неба в общем не изменилось. ,station
2024-08-20 00:00:00,11.4,100,1,2.0,1002.8480840000001,,Дымка. ,station
2024-08-20 03:00:00,9.2,100,1,2.0,1004.714592,, ,station
2024-08-20 06:00:00,11.0,100,2,6.0,1006.447778,0.3, ,station
2024-08-20 09:00:00,13.9,70,4,8.0,1008.980896,0.0, ,station
2024-08-20 12:00:00,17.8,51,4,9.0,1010.8474040000001,, ,station
2024-08-20 15:00:00,19.7,44,2,4.0,1012.313946,, ,station
2024-08-20 18:00:00,20.0,44,1,2.0,1012.980556,0.0, ,station
2024-08-20 21:00:00,13.2,69,1,2.0,1014.313776,0.0, ,station
2024-08-21 00:00:00,9.2,100,2,2.0,1014.8470640000002,, ,station
2024-08-21 03:00:00,9.3,100,1,2.0,1015.3803520000001,, ,station
2024-08-21 06:00:00,10.1,100,2,2.0,1015.3803520000001,0.0, ,station
2024-08-21 09:00:00,16.8,71,2,5.0,1014.58042,0.0, ,station
2024-08-21 12:00:00,20.1,64,2,5.0,1014.047132,, ,station
2024-08-21 15:00:00,21.2,56,2,5.0,1012.980556,, ,station
2024-08-21 18:00:00,20.5,58,2,5.0,1012.313946,0.0, ,station
2024-08-21 21:00:00,16.7,68,2,5.0,1012.0473020000001,0.0, ,station
2024-08-22 00:00:00,15.1,78,2,5.0,1012.0473020000001,, ,station
2024-08-22 03:00:00,8.9,100,2,2.0,1012.0473020000001,, ,station
2024-08-22 06:00:00,7.8,100,2,3.0,1011.3806920000001,0.0, ,station
2024-08-22 09:00:00,17.0,76,1,4.0,1010.980726,0.0, ,station
2024-08-22 12:00:00,20.1,63,3,7.0,1009.780828,, ,station
2024-08-22 15:00:00,21.0,60,4,,1008.5809300000001,, ,station
2024-08-22 18:00:00,18.8,72,3,6.0,1007.2477100000001,0.0, ,station
2024-08-22 21:00:00,16.5,84,3,6.0,1006.447778,0.0, ,station
2024-08-23 00:00:00,17.5,73,3,,1005.5145240000002,, ,station
2024-08-23 03:00:00,17.0,83,2,5.0,1005.5145240000002,, ,station
2024-08-23 06:00:00,16.7,94,2,6.0,1004.8479140000001,0.0, ,station
2024-08-23 09:00:00,16.1,100,3,6.0,1005.24788,0.3,Ливневый(ые) дождь(и) слабый(ые) в срок наблюдения или за последний час. ,station
2024-08-23 12:00:00,17.1,100,3,,1005.647846,,Состояние неба в общем не изменилось. ,station
2024-08-23 15:00:00,19.9,87,3,6.0,1005.24788,,Облака в целом рассеиваются или становятся менее развитыми. ,station
2024-08-23 18:00:00,19.0,85,3,6.0,1004.8479140000001,0.4, ,station
2024-08-23 21:00:00,17.6,100,1,5.0,1004.447948,0.1, ,station
2024-08-24 00:00:00,17.8,100,2,5.0,1003.781338,, ,station
2024-08-24 03:00:00,17.8,100,3,8.0,1002.58144,, ,station
2024-08-24 06:00:00,15.9,100,4,,1001.648186,0.0, ,station
2024-08-24 09:00:00,15.3,79,4,10.0,1000.5816100000001,0.0, ,station
2024-08-24 12:00:00,15.3,80,4,10.0,999.648356,, ,station
2024-08-24 15:00:00,15.9,85,4,9.0,997.9151700000001,,Состояние неба в общем не изменилось. ,station
2024-08-24 18:00:00,15.4,100,4,8.0,996.315306,1.0,Ливневый(ые) дождь(и) слабый(ые) в срок наблюдения или за последний час. ,station
2024-08-24 21:00:00,16.1,85,4,10.0,996.715272,1.0,Облака в целом рассеиваются или становятся менее развитыми. ,station
2024-08-25 00:00:00,14.6,75,3,6.0,998.4484580000001,, ,station
2024-08-25 03:00:00,14.2,65,3,5.0,1001.114898,, ,station
2024-08-25 06:00:00,11.9,74,2,4.0,1004.447948,0.0, ,station
2024-08-25 09:00:00,14.4,61,3,6.0,1006.9810659999999,0.0, ,station
2024-08-25 12:00:00,16.8,55,2,5.0,1008.1809640000001,, ,station
2024-08-25 15:00:00,16.0,70,2,4.0,1007.9143200000001,,Ливневый(ые) дождь(и) слабый(ые) в срок наблюдения или за последний час. ,station
2024-08-25 18:00:00,15.3,72,2,5.0,1004.58127,0.0,Ливневый(ые) дождь(и). ,station
2024-08-25 21:00:00,17.9,65,4,9.0,1001.2482200000001,0.0,Состояние неба в общем не изменилось. ,station
2024-08-26 00:00:00,18.5,64,3,6.0,998.1818140000001,,Состояние неба в общем не изменилось. ,station
2024-08-26 03:00:00,16.1,100,3,7.0,997.24856,,Ливневый(ые) дождь(и) слабый(ые) в срок наблюдения или за последний час. ,station
2024-08-26 06:00:00,15.7,82,2,6.0,1000.0483220000001,2.0,Облака в целом образовывались или развивались. ,station
2024-08-26 09:00:00,16.2,65,3,6.0,1004.981236,2.0,Состояние неба в общем не изменилось. ,station
2024-08-26 12:00:00,19.2,54,3,9.0,1007.2477100000001,, ,station
2024-08-26 15:00:00,21.0,41,3,7.0,1008.5809300000001,, ,station
2024-08-26 18:00:00,20.0,47,3,6.0,1008.8475740000001,0.0, ,station
2024-08-26 21:00:00,13.7,100,1,1.0,1009.114218,0.3,Ливневый(ые) дождь(и). ,station
2024-08-27 00:00:00,15.1,68,2,4.0,1008.4476080000001,, ,station
2024-08-27 03:00:00,14.4,70,2,5.0,1007.2477100000001,, ,station
2024-08-27 06:00:00,14.0,76,3,7.0,1004.58127,0.3, ,station
2024-08-27 09:00:00,15.2,71,2,5.0,1005.24788,0.5,Облака в целом рассеиваются или становятся менее развитыми. ,station
2024-08-27 12:00:00,17.2,50,5,9.0,1006.1811340000002,, ,station
2024-08-27 15:00:00,18.2,43,5,10.0,1006.5811000000001,, ,station
2024-08-27 18:00:00,17.5,42,4,11.0,1007.1143880000001,0.5, ,station
2024-08-27 21:00:00,14.2,59,3,7.0,1008.0476420000001,0.0, ,station
2024-08-28 00:00:00,12.6,68,2,3.0,1008.8475740000001,, ,station
2024-08-28 03:00:00,10.6,72,2,4.0,1010.447438,, ,station
2024-08-28 06:00:00,8.6,78,1,,1011.91398,0.0, ,station
2024-08-28 09:00:00,13.1,61,1,3.0,1013.780488,0.0, ,station
2024-08-28 12:00:00,16.9,48,3,5.0,1014.980386,, ,station
2024-08-28 15:00:00,18.0,44,2,6.0,1016.0469620000001,, ,station
2024-08-28 18:00:00,16.2,52,0,,1016.5802500000001,0.0, ,station
2024-08-28 21:00:00,13.6,75,2,3.0,1016.8468940000001,0.1,Состояние неба в общем не изменилось. ,station
2024-08-29 00:00:00,13.7,81,1,2.0,1016.8468940000001,, ,station
2024-08-29 03:00:00,12.9,87,0,,1017.9134700000001,, ,station
2024-08-29 06:00:00,11.2,100,0,,1018.980046,0.1, ,station
2024-08-29 09:00:00,15.0,81,1,2.0,1020.446588,0.0, ,station
2024-08-29 12:00:00,18.5,67,3,5.0,1021.113198,, ,station
2024-08-29 15:00:00,20.8,60,1,4.0,1021.646486,, ,station
2024-08-29 18:00:00,18.8,66,1,3.0,1021.5131640000001,0.0, ,station
2024-08-29 21:00:00,14.1,94,0,,1022.046452,0.0, ,station
2024-08-30 00:00:00,10.2,100,1,2.0,1022.046452,, ,station
2024-08-30 03:00:00,8.7,100,2,2.0,1022.1797740000001,, ,station
2024-08-30 06:00:00,8.5,100,1,1.0,1021.91313,0.0,"Туман или ледяной туман, неба не видно, начался или усилился в течение последнего часа. ",station
2024-08-30 09:00:00,14.2,100,1,,1021.113198,0.0,Облака в целом образовывались или развивались. ,station
2024-08-30 12:00:00,18.5,81,2,6.0,1020.1799440000001,, ,station
2024-08-30 15:00:00,21.8,65,2,5.0,1018.7134020000001,, ,station
2024-08-30 18:00:00,20.0,65,2,4.0,1017.646826,0.0, ,station
2024-08-30 21:00:00,19.0,66,2,5.0,1017.2468600000001,0.0, ,station
2024-08-31 00:00:00,18.1,71,2,4.0,1016.7135720000001,, ,station
2024-08-31 03:00:00,16.3,81,2,4.0,1015.2470300000001,, ,station
2024-08-31 06:00:00,14.8,100,2,5.0,1014.447098,2.0,Ливневый(ые) дождь(и) умеренный(ые) или сильный(ые) в срок наблюдения или за последний час. ,station
2024-08-31 09:00:00,16.5,100,3,5.0,1013.2472,3.0,Состояние неба в общем не изменилось. ,station
2024-08-31 12:00:00,17.4,98,3,6.0,1013.113878,, ,station
2024-08-31 15:00:00,17.5,99,1,3.0,1014.1804540000002,,Ливневый(ые) дождь(и). ,station
2024-08-31 18:00:00,17.8,100,1,1.0,1014.58042,1.0, ,station
2024-08-31 21:00:00,15.6,100,1,2.0,1015.9136400000001,0.0, ,station
2024-09-01 00:00:00,13.7,98,3,8.0,1017.646826,, ,station
2024-09-01 03:00:00,13.4,94,2,6.0,1019.3800120000001,, ,station
2024-09-01 06:00:00,12.5,100,3,7.0,1020.446588,0.4,Состояние неба в общем не изменилось. ,station
2024-09-01 09:00:00,12.9,96,3,7.0,1022.046452,0.4,Состояние неба в общем не изменилось. ,station
2024-09-01 12:00:00,14.8,81,1,,1024.046282,, ,station
2024-09-01 15:00:00,16.1,70,1,3.0,1025.112858,, ,station
2024-09-01 18:00:00,16.3,73,1,2.0,1026.046112,0.0, ,station
2024-09-01 21:00:00,12.9,97,1,2.0,1027.779298,0.0, ,station
2024-09-02 00:00:00,12.4,84,1,3.0,1028.979196,, ,station
2024-09-02 03:00:00,12.8,82,1,2.0,1030.179094,, ,station
2024-09-02 06:00:00,12.1,87,1,2.0,1031.512314,0.0, ,station
2024-09-02 09:00:00,13.4,80,1,2.0,1032.445568,0.0, ,station
2024-09-02 12:00:00,16.5,68,1,2.0,1033.112178,, ,station
2024-09-02 15:00:00,18.1,62,2,3.0,1032.978856,, ,station
2024-09-02 18:00:00,17.1,64,1,3.0,1032.445568,0.0, ,station
2024-09-02 21:00:00,10.6,100,0,,1032.978856,0.0, ,station
2024-09-03 00:00:00,8.2,100,2,3.0,1033.3788220000001,, ,station
2024-09-03 03:00:00,7.2,100,2,3.0,1033.3788220000001,, ,station
2024-09-03 06:00:00,6.5,100,2,3.0,1033.645466,0.0, ,station
2024-09-03 09:00:00,13.3,91,1,3.0,1033.512144,0.0, ,station
2024-09-03 12:00:00,16.4,67,2,6.0,1032.845534,, ,station
2024-09-03 15:00:00,16.9,70,2,5.0,1031.512314,, ,station
2024-09-03 18:00:00,15.5,79,2,4.0,1030.845704,0.0, ,station
2024-09-03 21:00:00,14.1,97,2,5.0,1030.845704,0.0, ,station
2024-09-04 00:00:00,13.5,81,3,7.0,1030.4457380000001,, ,station
2024-09-04 03:00:00,12.9,99,2,4.0,1030.179094,, ,station
2024-09-04 06:00:00,12.0,100,1,2.0,1030.4457380000001,0.0, ,station
2024-09-04 09:00:00,13.9,100,2,4.0,1030.57906,0.0, ,station
2024-09-04 12:00:00,15.7,96,2,4.0,1030.7123820000002,, ,station
2024-09-04 15:00:00,18.9,76,3,7.0,1029.645806,, ,station
2024-09-04 18:00:00,18.0,84,3,6.0,1028.445908,0.0, ,station
2024-09-04 21:00:00,16.1,100,2,5.0,1028.445908,0.0, ,station
2024-09-05 00:00:00,13.5,100,1,1.0,1028.0459420000002,, ,station
2024-09-05 03:00:00,15.1,100,1,3.0,1027.379332,, ,station
2024-09-05 06:00:00,15.0,100,1,2.0,1026.712722,0.0,Дымка. ,station
2024-09-05 09:00:00,16.3,100,1,3.0,1026.046112,1.0,Ливневый(ые) дождь(и). ,station
2024-09-05 12:00:00,18.9,91,2,3.0,1025.646146,, ,station
2024-09-05 15:00:00,22.4,60,1,3.0,1024.979536,, ,station
2024-09-05 18:00:00,22.2,61,1,1.0,1024.446248,1.0, ,station
2024-09-05 21:00:00,15.2,100,0,,1024.8462140000001,0.0, ,station
2024-09-06 00:00:00,11.8,100,1,,1025.24618,, ,station
2024-09-06 03:00:00,10.8,100,2,,1025.24618,, ,station
2024-09-06 06:00:00,8.7,100,1,2.0,1024.979536,0.0,Дымка. ,station
2024-09-06 09:00:00,14.1,100,1,2.0,1024.8462140000001,0.0, ,station
2024-09-06 12:00:00,18.6,87,3,5.0,1023.646316,, ,station
2024-09-06 15:00:00,22.0,62,2,4.0,1021.646486,, ,station
2024-09-06 18:00:00,22.5,58,2,3.0,1020.0466220000001,0.0, ,station
2024-09-06 21:00:00,14.2,100,0,,1019.9133,0.0, ,station
2024-09-07 00:00:00,10.6,100,2,,1019.646656,, ,station
2024-09-07 03:00:00,8.6,100,1,,1018.8467240000001,, ,station
2024-09-07 06:00:00,7.2,100,1,2.0,1017.646826,0.0, ,station
2024-09-07 09:00:00,16.4,100,2,3.0,1016.8468940000001,0.0, ,station
2024-09-07 12:00:00,20.6,75,3,5.0,1015.646996,, ,station
2024-09-07 15:00:00,22.5,66,1,4.0,1014.8470640000002,, ,station
2024-09-07 18:00:00,21.8,65,1,2.0,1015.646996,0.0, ,station
2024-09-07 21:00:00,14.3,100,0,,1018.5800800000001,2.0,Дымка. ,station
2024-09-08 00:00:00,10.9,100,2,4.0,1020.8465540000001,, ,station
2024-09-08 03:00:00,8.8,100,1,2.0,1021.779808,,Дымка. ,station
2024-09-08 06:00:00,8.3,100,1,2.0,1022.1797740000001,2.0, ,station
2024-09-08 09:00:00,13.2,100,2,4.0,1022.046452,0.0, ,station
2024-09-08 12:00:00,16.2,99,2,5.0,1021.379842,, ,station
2024-09-08 15:00:00,18.9,79,3,6.0,1020.1799440000001,, ,station
2024-09-08 18:00:00,18.0,82,2,4.0,1018.980046,0.0, ,station
2024-09-08 21:00:00,16.3,100,2,4.0,1018.446758,0.0, ,station
2024-09-09 00:00:00,11.6,100,1,1.0,1017.780148,, ,station
2024-09-09 03:00:00,9.2,100,2,2.0,1017.2468600000001,, ,station
2024-09-09 06:00:00,7.3,100,2,3.0,1016.980216,0.0, ,station
2024-09-09 09:00:00,15.3,100,2,5.0,1016.7135720000001,0.0, ,station
2024-09-09 12:00:00,18.6,83,3,5.0,1016.4469280000001,, ,station
2024-09-09 15:00:00,21.6,68,2,5.0,1014.980386,, ,station
2024-09-09 18:00:00,20.4,70,2,5.0,1014.047132,0.0, ,station
2024-09-09 21:00:00,17.6,75,2,4.0,1014.1804540000002,0.0, ,station
2024-09-10 00:00:00,12.7,100,1,2.0,1014.313776,, ,station
2024-09-10 03:00:00,9.0,100,1,2.0,1014.047132,, ,station
2024-09-10 06:00:00,7.8,100,0,,1014.047132,0.0, ,station
2024-09-10 09:00:00,15.6,87,3,5.0,1013.647166,0.0, ,station
2024-09-10 12:00:00,17.6,72,3,6.0,1012.980556,, ,station
2024-09-10 15:00:00,21.8,57,4,9.0,1010.8474040000001,, ,station
2024-09-10 18:00:00,19.2,66,3,,1009.2475400000001,0.0, ,station
2024-09-10 21:00:00,17.1,74,3,7.0,1009.2475400000001,0.0, ,station
2024-09-11 00:00:00,17.5,73,4,,1009.114218,, ,station
2024-09-11 03:00:00,16.3,82,3,6.0,1008.8475740000001,, ,station
2024-09-11 06:00:00,15.9,84,3,6.0,1008.8475740000001,0.0, ,station
2024-09-11 09:00:00,16.3,83,3,5.0,1009.2475400000001,0.0, ,station
2024-09-11 12:00:00,18.2,76,3,5.0,1009.114218,, ,station
2024-09-11 15:00:00,20.0,69,3,6.0,1008.7142520000001,, ,station
2024-09-11 18:00:00,18.5,73,3,7.0,1008.8475740000001,0.0, ,station
2024-09-11 21:00:00,17.4,80,1,4.0,1009.647506,0.0, ,station
2024-09-12 00:00:00,17.8,78,2,6.0,1010.447438,, ,station
2024-09-12 03:00:00,16.9,82,1,3.0,1010.8474040000001,,Состояние неба в общем не изменилось. ,station
2024-09-12 06:00:00,17.2,79,2,5.0,1011.647336,0.3, ,station
2024-09-12 09:00:00,17.5,82,2,4.0,1012.58059,0.3, ,station
2024-09-12 12:00:00,17.9,83,2,5.0,1013.380522,, ,station
2024-09-12 15:00:00,20.4,70,3,6.0,1013.647166,, ,station
2024-09-12 18:00:00,17.3,85,3,7.0,1014.7137420000001,0.0, ,station
2024-09-12 21:00:00,16.2,100,2,5.0,1016.4469280000001,0.0, ,station
2024-09-13 00:00:00,16.0,100,1,3.0,1017.1135380000001,, ,station
2024-09-13 03:00:00,14.1,100,1,1.0,1018.313436,, ,station
2024-09-13 06:00:00,12.4,100,1,2.0,1018.980046,0.0,Дымка. ,station
2024-09-13 09:00:00,15.3,100,1,2.0,1019.5133340000001,0.0, ,station
2024-09-13 12:00:00,18.4,96,2,5.0,1018.8467240000001,, ,station
2024-09-13 15:00:00,17.8,96,3,5.0,1018.0467920000001,, ,station
2024-09-13 18:00:00,17.0,100,4,7.0,1018.0467920000001,0.0,"Осадки в поле зрения, достигающие поверхности земли или моря на расстоянии более 5 км от станции. ",station
2024-09-13 21:00:00,16.1,100,1,2.0,1018.1801140000001,0.3,Ливневый(ые) дождь(и). ,station
2024-09-14 00:00:00,15.5,100,1,3.0,1017.5135040000001,,Ливневый(ые) дождь(и) умеренный(ые) или сильный(ые) в срок наблюдения или за последний час. ,station
2024-09-14 03:00:00,16.4,100,2,4.0,1017.3801820000001,,Облака в целом рассеиваются или становятся менее развитыми. ,station
2024-09-14 06:00:00,15.7,100,0,,1017.646826,5.0,Дымка. ,station
2024-09-14 09:00:00,15.2,100,0,,1018.0467920000001,4.0, ,station
2024-09-14 12:00:00,16.8,100,1,3.0,1016.8468940000001,, ,station
2024-09-14 15:00:00,13.1,99,2,5.0,1018.313436,, ,station
2024-09-14 18:00:00,11.8,100,1,,1020.0466220000001,3.0,Ливневый(ые) дождь(и) слабый(ые) в срок наблюдения или за последний час. ,station
2024-09-14 21:00:00,11.1,100,1,3.0,1021.113198,4.0,Состояние неба в общем не изменилось. ,station
2024-09-15 00:00:00,10.6,100,1,2.0,1022.1797740000001,,Ливневый(ые) дождь(и) слабый(ые) в срок наблюдения или за последний час. ,station
2024-09-15 03:00:00,10.3,100,1,2.0,1022.046452,,Состояние неба в общем не изменилось. ,station
2024-09-15 06:00:00,10.6,100,1,,1022.1797740000001,2.0,Ливневый(ые) дождь(и) слабый(ые) в срок наблюдения или за последний час. ,station
2024-09-15 09:00:00,10.8,100,2,3.0,1021.5131640000001,3.0,Ливневый(ые) дождь(и) слабый(ые) в срок наблюдения или за последний час. ,station
2024-09-15 12:00:00,11.1,100,2,4.0,1021.24652,,Ливневый(ые) дождь(и). ,station
2024-09-15 15:00:00,13.3,100,2,4.0,1020.57991,,Облака в целом образовывались или развивались. ,station
2024-09-15 18:00:00,13.6,100,2,3.0,1019.5133340000001,6.0,Ливневый(ые) дождь(и) слабый(ые) в срок наблюдения или за последний час. ,station
2024-09-15 21:00:00,13.2,100,1,2.0,1018.8467240000001,5.0,Дымка. ,station
2024-09-16 00:00:00,13.0,100,1,3.0,1018.1801140000001,,Дымка. ,station
2024-09-16 03:00:00,14.2,100,1,3.0,1018.446758,, ,station
2024-09-16 06:00:00,13.8,100,1,3.0,1019.3800120000001,2.0, ,station
2024-09-16 09:00:00,13.6,100,1,1.0,1020.57991,0.0, ,station
2024-09-16 12:00:00,13.4,100,2,3.0,1022.046452,, ,station
2024-09-16 15:00:00,13.9,88,2,4.0,1023.646316,, ,station
2024-09-16 18:00:00,14.2,77,2,5.0,1024.8462140000001,0.0, ,station
2024-09-16 21:00:00,7.4,99,1,2.0,1025.646146,0.0, ,station
2024-09-17 00:00:00,4.2,100,2,2.0,1026.046112,, ,station
2024-09-17 03:00:00,3.5,100,2,3.0,1025.779468,, ,station
2024-09-17 06:00:00,3.5,99,2,2.0,1025.5128240000001,0.0, ,station
2024-09-17 09:00:00,7.7,100,0,,1025.24618,0.4,Облака в целом рассеиваются или становятся менее развитыми. ,station
2024-09-17 12:00:00,12.4,96,1,3.0,1024.446248,,Ливневый(ые) дождь(и) слабый(ые) в срок наблюдения или за последний час. ,station
2024-09-17 15:00:00,13.4,90,1,3.0,1024.046282,,Облака в целом рассеиваются или становятся менее развитыми. ,station
2024-09-17 18:00:00,13.1,99,0,,1024.046282,0.4, ,station
2024-09-17 21:00:00,10.1,99,1,1.0,1024.446248,0.0, ,station
2024-09-18 00:00:00,6.8,100,1,,1023.646316,, ,station
2024-09-18 03:00:00,7.1,100,1,,1022.8463840000002,, ,station
2024-09-18 06:00:00,5.7,100,0,,1022.046452,0.0, ,station
2024-09-18 09:00:00,9.7,100,1,2.0,1021.113198,0.3,Ливневый(ые) дождь(и). ,station
2024-09-18 12:00:00,11.7,94,1,2.0,1020.1799440000001,,Ливневый(ые) дождь(и) слабый(ые) в срок наблюдения или за последний час. ,station
2024-09-18 15:00:00,14.2,64,1,2.0,1020.57991,,Облака в целом рассеиваются или становятся менее развитыми. ,station
2024-09-18 18:00:00,13.1,73,1,2.0,1022.046452,0.3, ,station
2024-09-18 21:00:00,7.9,100,1,,1023.24635,0.0, ,station
2024-09-19 00:00:00,5.6,100,2,2.0,1023.779638,, ,station
2024-09-19 03:00:00,4.5,100,1,,1023.646316,, ,station
2024-09-19 06:00:00,5.6,100,1,2.0,1022.8463840000002,0.0, ,station
2024-09-19 09:00:00,9.0,100,1,,1021.91313,0.0, ,station
2024-09-19 12:00:00,14.5,81,1,3.0,1020.0466220000001,, ,station
2024-09-19 15:00:00,17.1,75,1,4.0,1017.646826,, ,station
2024-09-19 18:00:00,16.6,73,1,3.0,1016.4469280000001,0.0, ,station
2024-09-19 21:00:00,15.5,80,1,4.0,1014.7137420000001,0.0, ,station
2024-09-20 00:00:00,11.8,100,0,,1013.647166,, ,station
2024-09-20 03:00:00,12.6,76,2,5.0,1014.047132,, ,station
2024-09-20 06:00:00,9.9,66,2,4.0,1015.7803180000001,0.0, ,station
2024-09-20 09:00:00,10.2,61,3,6.0,1016.8468940000001,0.0, ,station
2024-09-20 12:00:00,11.8,51,5,8.0,1017.2468600000001,, ,station
2024-09-20 15:00:00,11.5,45,3,7.0,1016.980216,, ,station
2024-09-20 18:00:00,10.4,43,3,8.0,1016.4469280000001,0.0, ,station
2024-09-20 21:00:00,5.3,64,1,2.0,1015.646996,0.0, ,station
2024-09-21 00:00:00,5.3,66,1,4.0,1013.91381,, ,station
2024-09-21 03:00:00,3.5,77,2,4.0,1012.1806240000001,, ,station
2024-09-21 06:00:00,4.1,72,1,4.0,1010.314116,0.0, ,station
2024-09-21 09:00:00,5.6,64,4,9.0,1009.114218,0.0, ,station
2024-09-21 12:00:00,4.9,81,3,8.0,1010.314116,,Ливневый(ые) дождь(и). ,station
2024-09-21 15:00:00,8.6,67,3,9.0,1011.5140140000001,,Состояние неба в общем не изменилось. ,station
2024-09-21 18:00:00,8.3,66,5,11.0,1013.5138440000001,0.0,Ливневый(ые) дождь(и). ,station
2024-09-21 21:00:00,6.2,70,3,8.0,1015.113708,0.0,Облака в целом рассеиваются или становятся менее развитыми. ,station
2024-09-22 00:00:00,5.3,73,2,6.0,1016.0469620000001,,Ливневый(ые) дождь(и) слабый(ые) в срок наблюдения или за последний час. ,station
2024-09-22 03:00:00,5.3,71,2,4.0,1016.8468940000001,,Облака в целом образовывались или развивались. ,station
2024-09-22 06:00:00,3.4,83,1,,1016.7135720000001,0.0, ,station
2024-09-22 09:00:00,5.0,73,2,6.0,1016.1802840000001,0.0, ,station
2024-09-22 12:00:00,6.1,63,3,6.0,1016.5802500000001,, ,station
2024-09-22 15:00:00,7.2,58,4,8.0,1016.7135720000001,, ,station
2024-09-22 18:00:00,5.9,64,3,7.0,1016.7135720000001,0.0,Облака в целом рассеиваются или становятся менее развитыми. ,station
2024-09-22 21:00:00,3.2,72,2,5.0,1016.980216,0.0,Состояние неба в общем не изменилось. ,station
2024-09-23 00:00:00,1.7,78,1,2.0,1017.3801820000001,, ,station
2024-09-23 03:00:00,-0.7,100,1,3.0,1017.646826,, ,station
2024-09-23 06:00:00,-2.2,99,1,1.0,1018.0467920000001,0.0, ,station
2024-09-23 09:00:00,0.6,100,1,2.0,1018.313436,0.0, ,station
2024-09-23 12:00:00,6.2,62,3,5.0,1018.313436,, ,station
2024-09-23 15:00:00,8.7,51,1,4.0,1018.0467920000001,, ,station
2024-09-23 18:00:00,5.4,66,1,1.0,1017.646826,0.0, ,station
2024-09-23 21:00:00,-0.9,100,1,2.0,1018.0467920000001,0.0, ,station
2024-09-24 00:00:00,-2.8,100,1,2.0,1018.0467920000001,, ,station
2024-09-24 03:00:00,-1.9,100,1,2.0,1017.646826,, ,station
2024-09-24 06:00:00,-0.1,100,2,3.0,1016.4469280000001,0.1,Дождь незамерзающий с перерывами слабый в срок наблюдения. ,station
2024-09-24 09:00:00,5.2,99,1,,1015.113708,0.2,Состояние неба в общем не изменилось. ,station
2024-09-24 12:00:00,6.1,100,2,6.0,1013.91381,,Дождь (незамерзающий) неливневый. ,station
2024-09-24 15:00:00,7.2,100,3,,1011.91398,,Дождь (незамерзающий) неливневый. ,station
2024-09-24 18:00:00,7.8,100,3,6.0,1009.9141500000001,1.0,Дождь незамерзающий с перерывами слабый в срок наблюдения. ,station
2024-09-24 21:00:00,9.2,100,4,,1008.4476080000001,2.0,Дождь (незамерзающий) неливневый. ,station
2024-09-25 00:00:00,8.4,100,3,6.0,1007.9143200000001,,Ливневый(ые) дождь(и) слабый(ые) в срок наблюдения или за последний час. ,station
2024-09-25 03:00:00,8.5,100,2,6.0,1006.1811340000002,,Ливневый(ые) дождь(и) слабый(ые) в срок наблюдения или за последний час. ,station
2024-09-25 06:00:00,9.0,100,2,5.0,1004.1813040000001,4.0,Ливневый(ые) дождь(и). ,station
2024-09-25 09:00:00,9.5,100,3,,1003.5146940000001,4.0,Ливневый(ые) дождь(и) слабый(ые) в срок наблюдения или за последний час. ,station
2024-09-25 12:00:00,9.9,100,3,6.0,1002.1814740000001,,"Туман или ледяной туман, неба не видно, без заметного изменения интенсивности в течение последнего часа. ",station
2024-09-25 15:00:00,9.2,100,2,3.0,1001.2482200000001,,Морось (незамерзающая) или снежные зерна неливневые. ,station
2024-09-25 18:00:00,11.0,100,2,4.0,998.981746,2.0,Дождь незамерзающий с перерывами слабый в срок наблюдения. ,station
2024-09-25 21:00:00,10.2,100,3,5.0,996.315306,3.0,Дождь незамерзающий с перерывами слабый в срок наблюдения. ,station
2024-09-26 00:00:00,11.0,100,2,4.0,994.0488320000001,,Дождь (незамерзающий) неливневый. ,station
2024-09-26 03:00:00,11.9,100,2,5.0,992.8489340000001,,Состояние неба в общем не изменилось. ,station
2024-09-26 06:00:00,12.1,99,3,6.0,992.0490020000001,4.0, ,station
2024-09-26 09:00:00,12.7,100,3,10.0,992.448968,2.0, ,station
2024-09-26 12:00:00,15.1,67,4,8.0,992.5822900000001,, ,station
2024-09-26 15:00:00,12.7,96,3,6.0,992.448968,,Ливневый(ые) дождь(и) слабый(ые) в срок наблюдения или за последний час. ,station
2024-09-26 18:00:00,12.5,67,3,7.0,990.8491040000001,0.8,Облака в целом рассеиваются или становятся менее развитыми. ,station
2024-09-26 21:00:00,9.5,100,2,5.0,991.649036,1.0,Ливневый(ые) дождь(и). ,station
2024-09-27 00:00:00,9.7,81,2,5.0,992.0490020000001,, ,station
2024-09-27 03:00:00,9.4,78,2,6.0,992.5822900000001,, ,station
2024-09-27 06:00:00,7.7,93,1,2.0,993.648866,0.5, ,station
2024-09-27 09:00:00,5.9,82,1,2.0,994.8487640000001,0.0, ,station
2024-09-27 12:00:00,7.4,77,1,3.0,995.115408,, ,station
2024-09-27 15:00:00,8.5,81,1,,992.982256,,Ливневый(ые) дождь(и). ,station
2024-09-27 18:00:00,8.4,92,1,3.0,989.5158840000001,0.0,Ливневый(ые) дождь(и) слабый(ые) в срок наблюдения или за последний час. ,station
2024-09-27 21:00:00,7.7,100,3,6.0,984.8496140000001,4.0,Ливневый(ые) дождь(и) слабый(ые) в срок наблюдения или за последний час. ,station
2024-09-28 00:00:00,8.7,100,1,3.0,981.2499200000001,,Ливневый(ые) дождь(и) слабый(ые) в срок наблюдения или за последний час. ,station
2024-09-28 03:00:00,9.3,100,1,3.0,979.650056,,"Туман или ледяной туман, неба не видно, без заметного изменения интенсивности в течение последнего часа. ",station
2024-09-28 06:00:00,10.1,100,1,2.0,977.91687,12.0,Ливневый(ые) дождь(и) умеренный(ые) или сильный(ые) в срок наблюдения или за последний час. ,station
2024-09-28 09:00:00,10.9,100,2,4.0,977.25026,12.0,"Туман или ледяной туман, неба не видно, без заметного изменения интенсивности в течение последнего часа. ",station
2024-09-28 12:00:00,8.8,100,2,5.0,978.450158,,Ливневый(ые) дождь(и) слабый(ые) в срок наблюдения или за последний час. ,station
2024-09-28 15:00:00,8.7,100,3,6.0,982.8497840000001,,Состояние неба в общем не изменилось. ,station
2024-09-28 18:00:00,8.5,95,3,7.0,986.5828,6.0, ,station
2024-09-28 21:00:00,7.2,95,2,4.0,989.9158500000001,3.0, ,station
2024-09-29 00:00:00,5.9,97,1,3.0,993.2489,, ,station
2024-09-29 03:00:00,4.5,100,1,2.0,995.91534,,Ливневый(ые) дождь(и). ,station
2024-09-29 06:00:00,1.1,100,1,2.0,997.781848,0.4, ,station
2024-09-29 09:00:00,2.5,100,0,,998.981746,0.4, ,station
2024-09-29 12:00:00,7.4,71,2,5.0,999.781678,, ,station
2024-09-29 15:00:00,6.7,73,2,5.0,1000.314966,,Ливневый(ые) дождь(и) слабый(ые) в срок наблюдения или за последний час. ,station
2024-09-29 18:00:00,6.2,73,2,4.0,1001.91483,0.3,Состояние неба в общем не изменилось. ,station
2024-09-29 21:00:00,-0.4,99,1,,1004.1813040000001,0.3,Состояние неба в общем не изменилось. ,station
2024-09-30 00:00:00,-0.2,100,2,3.0,1006.1811340000002,, ,station
2024-09-30 03:00:00,1.2,99,1,4.0,1008.8475740000001,, ,station
2024-09-30 06:00:00,-1.0,100,1,,1010.980726,0.0, ,station
2024-09-30 09:00:00,0.3,100,1,2.0,1013.380522,0.0, ,station
2024-09-30 12:00:00,5.3,74,3,6.0,1016.313606,, ,station
2024-09-30 15:00:00,8.3,48,3,6.0,1018.5800800000001,, ,station
2024-09-30 18:00:00,5.3,61,1,3.0,1020.8465540000001,0.0, ,station
2024-09-30 21:00:00,-1.6,100,1,1.0,1022.8463840000002,0.0, ,station
2024-10-01 00:00:00,-2.5,100,1,2.0,1022.8463840000002,, ,station
2024-10-01 03:00:00,0.7,100,2,3.0,1022.313096,, ,station
2024-10-01 06:00:00,4.7,90,3,6.0,1021.24652,0.0, ,station
2024-10-01 09:00:00,5.9,87,3,6.0,1020.0466220000001,0.0, ,station
2024-10-01 12:00:00,8.5,71,3,7.0,1018.5800800000001,, ,station
2024-10-01 15:00:00,9.2,72,3,6.0,1016.980216,,Ливневый(ые) дождь(и) слабый(ые) в срок наблюдения или за последний час. ,station
2024-10-01 18:00:00,8.7,73,3,7.0,1016.4469280000001,0.0, ,station
2024-10-01 21:00:00,4.6,100,1,2.0,1016.8468940000001,0.0, ,station
2024-10-02 00:00:00,4.5,100,1,3.0,1016.980216,, ,station
2024-10-02 03:00:00,2.6,96,2,3.0,1017.5135040000001,, ,station
2024-10-02 06:00:00,1.8,79,2,4.0,1017.2468600000001,0.0, ,station
2024-10-02 09:00:00,2.9,67,3,5.0,1017.3801820000001,0.0, ,station
2024-10-02 12:00:00,7.2,52,1,3.0,1018.0467920000001,, ,station
2024-10-02 15:00:00,8.7,51,2,3.0,1018.313436,, ,station
2024-10-02 18:00:00,3.9,78,1,,1018.5800800000001,0.0, ,station
2024-10-02 21:00:00,-1.1,100,1,3.0,1018.980046,0.0, ,station
2024-10-03 00:00:00,-1.6,99,1,2.0,1019.2466900000001,, ,station
2024-10-03 03:00:00,-1.8,100,2,3.0,1018.8467240000001,, ,station
2024-10-03 06:00:00,-0.9,100,2,3.0,1017.780148,0.0, ,station
2024-10-03 09:00:00,0.1,99,2,4.0,1017.9134700000001,0.0, ,station
2024-10-03 12:00:00,4.3,83,1,2.0,1017.780148,, ,station
2024-10-03 15:00:00,6.5,65,0,,1017.646826,, ,station
2024-10-03 18:00:00,1.7,93,0,,1017.646826,0.0, ,station
2024-10-03 21:00:00,-2.2,100,2,2.0,1018.1801140000001,0.0, ,station
2024-10-04 00:00:00,-3.1,100,1,2.0,1018.0467920000001,, ,station
2024-10-04 03:00:00,-2.1,100,1,2.0,1016.8468940000001,, ,station
2024-10-04 06:00:00,2.7,100,3,6.0,1014.8470640000002,0.0, ,station
2024-10-04 09:00:00,2.4,100,3,,1012.0473020000001,2.0,Ливневый(ые) дождь(и) слабый(ые) в срок наблюдения или за последний час. ,station
2024-10-04 12:00:00,3.0,100,3,7.0,1009.647506,,Ливневый(ые) дождь(и) слабый(ые) в срок наблюдения или за последний час. ,station
2024-10-04 15:00:00,4.1,100,3,6.0,1006.1811340000002,,Ливневый(ые) дождь(и) умеренный(ые) или сильный(ые) в срок наблюдения или за последний час. ,station
2024-10-04 18:00:00,3.4,99,0,,1005.114558,14.0,Ливневый(ые) дождь(и). ,station
2024-10-04 21:00:00,2.0,100,2,4.0,1003.781338,12.0,Облака в целом образовывались или развивались. ,station
2024-10-05 00:00:00,2.8,100,2,4.0,1002.58144,,Ливневый(ые) дождь(и) слабый(ые) в срок наблюдения или за последний час. ,station
2024-10-05 03:00:00,3.2,95,2,5.0,1002.0481520000001,,Состояние неба в общем не изменилось. ,station
2024-10-05 06:00:00,3.3,83,3,7.0,1002.58144,0.0, ,station
2024-10-05 09:00:00,4.2,82,3,7.0,1003.648016,0.0, ,station
2024-10-05 12:00:00,4.9,78,1,5.0,1004.8479140000001,, ,station
2024-10-05 15:00:00,6.8,68,4,8.0,1006.447778,, ,station
2024-10-05 18:00:00,4.7,77,2,6.0,1008.4476080000001,0.0, ,station
2024-10-05 21:00:00,0.2,99,1,2.0,1009.9141500000001,0.0, ,station
2024-10-06 00:00:00,-2.0,100,1,,1011.24737,, ,station
2024-10-06 03:00:00,-2.1,100,1,2.0,1012.447268,, ,station
2024-10-06 06:00:00,-2.9,100,1,2.0,1013.2472,0.0, ,station
2024-10-06 09:00:00,-2.3,100,1,2.0,1013.780488,0.0, ,station
2024-10-06 12:00:00,4.8,76,1,2.0,1013.780488,, ,station
2024-10-06 15:00:00,6.6,66,1,2.0,1012.8472340000001,, ,station
2024-10-06 18:00:00,1.4,99,0,,1012.0473020000001,0.0, ,station
2024-10-06 21:00:00,-0.1,100,1,,1010.8474040000001,0.1,Ливневый(ые) дождь(и). ,station
2024-10-07 00:00:00,0.1,100,1,3.0,1009.114218,, ,station
2024-10-07 03:00:00,0.9,100,1,3.0,1008.4476080000001,, ,station
2024-10-07 06:00:00,1.1,100,1,2.0,1008.314286,0.1, ,station
2024-10-07 09:00:00,1.2,99,2,5.0,1009.3808620000001,0.0, ,station
2024-10-07 12:00:00,3.6,75,3,6.0,1010.8474040000001,, ,station
2024-10-07 15:00:00,3.7,67,2,4.0,1012.8472340000001,, ,station
2024-10-07 18:00:00,1.7,71,2,6.0,1014.1804540000002,0.0, ,station
2024-10-07 21:00:00,-3.1,100,0,,1016.1802840000001,0.0, ,station
2024-10-08 00:00:00,-0.8,91,0,,1017.5135040000001,, ,station
2024-10-08 03:00:00,-2.8,100,1,,1019.113368,, ,station
2024-10-08 06:00:00,-2.3,100,1,2.0,1020.8465540000001,0.0, ,station
2024-10-08 09:00:00,0.1,95,1,2.0,1022.046452,0.0, ,station
2024-10-08 12:00:00,1.6,87,1,3.0,1023.113028,, ,station
2024-10-08 15:00:00,4.2,72,1,3.0,1024.046282,, ,station
2024-10-08 18:00:00,0.2,100,1,3.0,1024.446248,0.0, ,station
2024-10-08 21:00:00,-2.9,100,1,1.0,1024.8462140000001,0.0, ,station
2024-10-09 00:00:00,-0.5,100,1,3.0,1024.979536,, ,station
2024-10-09 03:00:00,0.4,99,2,4.0,1024.8462140000001,, ,station
2024-10-09 06:00:00,2.1,96,2,6.0,1023.9129600000001,0.0, ,station
2024-10-09 09:00:00,3.4,87,3,7.0,1022.446418,0.0, ,station
2024-10-09 12:00:00,4.7,90,4,9.0,1022.046452,, ,station
2024-10-09 15:00:00,4.8,79,4,,1020.0466220000001,, ,station
2024-10-09 18:00:00,4.0,76,5,12.0,1018.980046,0.0, ,station
2024-10-09 21:00:00,3.9,77,5,13.0,1018.1801140000001,0.0, ,station
2024-10-10 00:00:00,3.9,72,6,12.0,1016.8468940000001,, ,station
2024-10-10 03:00:00,3.2,77,5,12.0,1014.1804540000002,, ,station
2024-10-10 06:00:00,2.9,68,5,12.0,1010.447438,0.0, ,station
2024-10-10 09:00:00,0.6,99,4,,1006.5811000000001,0.7,Ливневый снег умеренный или сильный в срок наблюдения или за последний час. ,station
2024-10-10 12:00:00,0.6,100,6,16.0,1005.647846,,Ливневый снег слабый в срок наблюдения или за последний час. ,station
2024-10-10 15:00:00,1.4,100,5,10.0,1005.647846,,Ливневый(ые) дождь(и) слабый(ые) в срок наблюдения или за последний час. ,station
2024-10-10 18:00:00,1.6,100,3,8.0,1006.314456,5.0,Ливневый(ые) дождь(и) слабый(ые) в срок наблюдения или за последний час. ,station
2024-10-10 21:00:00,2.0,100,3,,1006.447778,5.0,Ливневый(ые) дождь(и) слабый(ые) в срок наблюдения или за последний час. ,station
2024-10-11 00:00:00,2.3,100,3,7.0,1006.0478120000001,,Ливневый(ые) дождь(и) слабый(ые) в срок наблюдения или за последний час. ,station
2024-10-11 03:00:00,2.9,100,3,,1003.648016,,Ливневый(ые) дождь(и). ,station
2024-10-11 06:00:00,3.1,100,4,8.0,1000.448288,2.0,Ливневый(ые) дождь(и) слабый(ые) в срок наблюдения или за последний час. ,station
2024-10-11 09:00:00,3.6,100,4,9.0,997.648526,4.0,Ливневый(ые) дождь(и) слабый(ые) в срок наблюдения или за последний час. ,station
2024-10-11 12:00:00,4.4,99,4,11.0,995.91534,,Дождь незамерзающий непрерывный слабый в срок наблюдения. ,station
2024-10-11 15:00:00,5.9,100,5,12.0,994.448798,,Дождь незамерзающий непрерывный умеренный в срок наблюдения. ,station
2024-10-11 18:00:00,7.5,100,5,11.0,994.448798,8.0,Дождь (незамерзающий) неливневый. ,station
2024-10-11 21:00:00,9.2,100,3,,996.048662,6.0,Дождь (незамерзающий) неливневый. ,station
2024-10-12 00:00:00,8.2,100,2,3.0,998.7151020000001,, ,station
2024-10-12 03:00:00,6.3,100,0,,1000.7149320000001,, ,station
2024-10-12 06:00:00,4.5,100,0,,1001.91483,0.5, ,station
2024-10-12 09:00:00,4.2,100,0,,1003.114728,2.0,Ливневый(ые) дождь(и) слабый(ые) в срок наблюдения или за последний час. ,station
2024-10-12 12:00:00,5.7,100,1,2.0,1005.781168,,Облака в целом рассеиваются или становятся менее развитыми. ,station
2024-10-12 15:00:00,7.0,68,1,,1008.8475740000001,,Состояние неба в общем не изменилось. ,station
2024-10-12 18:00:00,3.5,81,1,3.0,1011.24737,2.0, ,station
2024-10-12 21:00:00,1.5,100,1,2.0,1012.713912,0.0, ,station
2024-10-13 00:00:00,3.3,100,2,4.0,1014.1804540000002,,Ливневый(ые) дождь(и). ,station
2024-10-13 03:00:00,1.3,100,1,3.0,1016.7135720000001,,Облака в целом рассеиваются или становятся менее развитыми. ,station
2024-10-13 06:00:00,0.6,100,1,2.0,1018.8467240000001,0.1, ,station
2024-10-13 09:00:00,2.1,100,2,5.0,1019.3800120000001,0.1, ,station
2024-10-13 12:00:00,2.5,95,3,9.0,1020.0466220000001,, ,station
2024-10-13 15:00:00,3.5,80,3,,1019.5133340000001,, ,station
2024-10-13 18:00:00,2.6,89,2,5.0,1018.980046,0.0, ,station
2024-10-13 21:00:00,2.2,100,1,3.0,1018.446758,0.0, ,station
2024-10-14 00:00:00,3.4,100,1,3.0,1016.5802500000001,,Морось незамерзающая непрерывная слабая в срок наблюдения. ,station
2024-10-14 03:00:00,4.0,100,2,3.0,1015.113708,,Дождь (незамерзающий) неливневый. ,station
2024-10-14 06:00:00,3.7,100,2,5.0,1013.5138440000001,0.0, ,station
2024-10-14 09:00:00,2.7,100,1,2.0,1012.447268,0.0, ,station
2024-10-14 12:00:00,4.0,99,1,1.0,1011.647336,,Облака в целом рассеиваются или становятся менее развитыми. ,station
2024-10-14 15:00:00,4.4,100,1,2.0,1010.58076,,Облака в целом рассеиваются или становятся менее развитыми. ,station
2024-10-14 18:00:00,3.9,100,0,,1009.647506,0.0,Дымка. ,station
2024-10-14 21:00:00,3.6,100,0,,1009.114218,0.9,Ливневый(ые) дождь(и) слабый(ые) в срок наблюдения или за последний час. ,station
2024-10-15 00:00:00,3.5,99,1,2.0,1008.4476080000001,,Ливневый(ые) дождь(и). ,station
2024-10-15 03:00:00,3.2,100,1,2.0,1007.647676,,Ливневый(ые) дождь(и) слабый(ые) в срок наблюдения или за последний час. ,station
2024-10-15 06:00:00,3.0,100,1,3.0,1007.1143880000001,4.0,Ливневый(ые) дождь(и) слабый(ые) в срок наблюдения или за последний час. ,station
2024-10-15 09:00:00,2.5,100,1,3.0,1006.8477440000001,3.0,Состояние неба в общем не изменилось. ,station
2024-10-15 12:00:00,3.2,100,2,4.0,1006.447778,, ,station
2024-10-15 15:00:00,4.6,100,2,5.0,1006.314456,, ,station
2024-10-15 18:00:00,4.2,91,2,6.0,1006.8477440000001,0.3, ,station
2024-10-15 21:00:00,3.7,89,2,6.0,1007.647676,0.0, ,station
2024-10-16 00:00:00,1.5,96,3,7.0,1009.3808620000001,, ,station
2024-10-16 03:00:00,0.6,100,1,,1010.980726,, ,station
2024-10-16 06:00:00,-2.1,99,1,1.0,1013.780488,0.0, ,station
2024-10-16 09:00:00,-2.4,99,1,2.0,1015.2470300000001,0.0, ,station
2024-10-16 12:00:00,2.6,83,1,2.0,1016.0469620000001,, ,station
2024-10-16 15:00:00,2.3,93,2,3.0,1016.0469620000001,, ,station
2024-10-16 18:00:00,2.2,99,2,4.0,1015.9136400000001,0.0,Дождь незамерзающий с перерывами слабый в срок наблюдения. ,station
2024-10-16 21:00:00,2.8,100,1,3.0,1016.0469620000001,0.8,Дождь (незамерзающий) неливневый. ,station
2024-10-17 00:00:00,2.7,99,0,,1016.4469280000001,,Состояние неба в общем не изменилось. ,station
2024-10-17 03:00:00,2.6,99,1,1.0,1017.3801820000001,,Дымка. ,station
2024-10-17 06:00:00,2.5,100,0,,1017.780148,1.0,Дымка. ,station
2024-10-17 09:00:00,3.2,100,1,2.0,1018.1801140000001,0.3, ,station
2024-10-17 12:00:00,4.7,100,2,4.0,1018.1801140000001,, ,station
2024-10-17 15:00:00,5.4,100,1,3.0,1016.980216,, ,station
2024-10-17 18:00:00,5.5,100,2,4.0,1016.1802840000001,0.0, ,station
2024-10-17 21:00:00,5.2,100,2,6.0,1014.8470640000002,0.3,Ливневый(ые) дождь(и) слабый(ые) в срок наблюдения или за последний час. ,station
2024-10-18 00:00:00,5.7,99,2,5.0,1013.2472,,Состояние неба в общем не изменилось. ,station
2024-10-18 03:00:00,6.3,100,2,3.0,1012.313946,,Состояние неба в общем не изменилось. ,station
2024-10-18 06:00:00,6.9,100,2,5.0,1011.114048,0.8,Ливневый(ые) дождь(и). ,station
2024-10-18 09:00:00,7.2,100,3,6.0,1009.647506,0.5,Состояние неба в общем не изменилось. ,station
2024-10-18 12:00:00,8.7,88,2,5.0,1009.3808620000001,, ,station
2024-10-18 15:00:00,8.7,98,1,3.0,1010.314116,, ,station
2024-10-18 18:00:00,8.3,100,1,3.0,1011.647336,0.0, ,station
2024-10-18 21:00:00,7.2,100,1,2.0,1013.780488,0.0, ,station
2024-10-19 00:00:00,6.5,99,0,,1015.113708,, ,station
2024-10-19 03:00:00,2.9,100,1,1.0,1016.1802840000001,, ,station
2024-10-19 06:00:00,2.5,100,2,3.0,1017.646826,0.0, ,station
2024-10-19 09:00:00,3.1,100,2,,1018.8467240000001,0.0, ,station
2024-10-19 12:00:00,7.8,100,0,,1020.446588,, ,station
2024-10-19 15:00:00,11.3,81,1,2.0,1020.8465540000001,, ,station
2024-10-19 18:00:00,7.2,100,0,,1022.1797740000001,0.0, ,station
2024-10-19 21:00:00,7.0,100,1,1.0,1022.313096,0.0, ,station
2024-10-20 00:00:00,6.7,99,1,2.0,1021.779808,, ,station
2024-10-20 03:00:00,7.3,100,1,1.0,1020.8465540000001,,Ливневый(ые) дождь(и) слабый(ые) в срок наблюдения или за последний час. ,station
2024-10-20 06:00:00,8.2,100,2,4.0,1020.0466220000001,0.5,Ливневый(ые) дождь(и) слабый(ые) в срок наблюдения или за последний час. ,station
2024-10-20 09:00:00,8.4,100,1,3.0,1019.646656,0.9,Состояние неба в общем не изменилось. ,station
2024-10-20 12:00:00,9.0,100,2,4.0,1018.8467240000001,, ,station
2024-10-20 15:00:00,8.9,100,2,4.0,1017.2468600000001,,Состояние неба в общем не изменилось. ,station
2024-10-20 18:00:00,8.9,100,2,5.0,1015.5136740000002,0.7,Состояние неба в общем не изменилось. ,station
2024-10-20 21:00:00,7.6,100,2,5.0,1013.647166,0.3,Состояние неба в общем не изменилось. ,station
2024-10-21 00:00:00,7.2,100,2,5.0,1012.447268,, ,station
2024-10-21 03:00:00,7.4,100,2,5.0,1010.8474040000001,, ,station
2024-10-21 06:00:00,8.0,100,2,4.0,1009.2475400000001,0.0, ,station
2024-10-21 09:00:00,8.5,99,2,5.0,1007.647676,0.0, ,station
2024-10-21 12:00:00,9.3,100,2,4.0,1006.0478120000001,, ,station
2024-10-21 15:00:00,9.8,100,3,6.0,1003.24805,,Ливневый(ые) дождь(и). ,station
2024-10-21 18:00:00,8.7,100,2,4.0,998.7151020000001,0.8,Ливневый(ые) дождь(и) умеренный(ые) или сильный(ые) в срок наблюдения или за последний час. ,station
2024-10-21 21:00:00,8.3,100,2,4.0,995.382052,5.0,Ливневый(ые) дождь(и) слабый(ые) в срок наблюдения или за последний час. ,station
2024-10-22 00:00:00,7.9,100,2,4.0,993.5155440000001,,Ливневый(ые) дождь(и). ,station
2024-10-22 03:00:00,7.9,100,2,3.0,992.1823240000001,,Ливневый(ые) дождь(и) слабый(ые) в срок наблюдения или за последний час. ,station
2024-10-22 06:00:00,7.5,100,0,,991.782358,5.0,Ливневый(ые) дождь(и) слабый(ые) в срок наблюдения или за последний час. ,station
2024-10-22 09:00:00,8.7,100,1,2.0,992.0490020000001,1.0,Облака в целом рассеиваются или становятся менее развитыми. ,station
2024-10-22 12:00:00,9.1,100,2,4.0,993.5155440000001,, ,station
2024-10-22 15:00:00,9.8,89,2,6.0,995.91534,, ,station
2024-10-22 18:00:00,9.6,78,3,6.0,997.9151700000001,0.1, ,station
2024-10-22 21:00:00,3.9,99,0,,999.3817120000001,0.0, ,station
2024-10-23 00:00:00,0.2,100,1,1.0,999.781678,, ,station
2024-10-23 03:00:00,-1.1,100,2,2.0,999.3817120000001,, ,station
2024-10-23 06:00:00,-0.5,100,1,,998.7151020000001,0.0, ,station
2024-10-23 09:00:00,0.7,100,1,2.0,997.9151700000001,0.0, ,station
2024-10-23 12:00:00,4.0,100,0,,997.9151700000001,, ,station
2024-10-23 15:00:00,4.8,100,1,2.0,997.781848,, ,station
2024-10-23 18:00:00,0.8,100,1,2.0,998.0484920000001,0.0, ,station
2024-10-23 21:00:00,-1.1,100,2,2.0,998.3151359999999,0.0, ,station
2024-10-24 00:00:00,0.7,99,1,2.0,999.3817120000001,, ,station
2024-10-24 03:00:00,1.4,100,1,,1000.0483220000001,, ,station
2024-10-24 06:00:00,4.0,91,2,5.0,1002.0481520000001,0.0, ,station
2024-10-24 09:00:00,3.9,82,2,6.0,1004.8479140000001,0.0, ,station
2024-10-24 12:00:00,3.8,85,2,7.0,1008.314286,, ,station
2024-10-24 15:00:00,4.4,81,2,3.0,1011.114048,, ,station
2024-10-24 18:00:00,1.0,100,1,1.0,1013.647166,0.0, ,station
2024-10-24 21:00:00,-1.9,99,1,2.0,1015.2470300000001,0.0, ,station
2024-10-25 00:00:00,-2.4,100,1,2.0,1016.0469620000001,, ,station
2024-10-25 03:00:00,-3.6,100,1,2.0,1016.0469620000001,, ,station
2024-10-25 06:00:00,-3.4,100,1,2.0,1015.113708,0.0, ,station
2024-10-25 09:00:00,1.5,100,3,6.0,1013.780488,0.8,Ливневый(ые) дождь(и) слабый(ые) в срок наблюдения или за последний час. ,station
2024-10-25 12:00:00,3.0,99,2,4.0,1012.1806240000001,,Состояние неба в общем не изменилось. ,station
2024-10-25 15:00:00,3.4,100,3,7.0,1010.58076,,Состояние неба в общем не изменилось. ,station
2024-10-25 18:00:00,4.9,100,3,7.0,1008.0476420000001,0.9, ,station
2024-10-25 21:00:00,5.2,100,3,6.0,1006.5811000000001,0.1, ,station
2024-10-26 00:00:00,5.7,100,2,3.0,1005.781168,, ,station
2024-10-26 03:00:00,5.3,100,1,2.0,1005.114558,, ,station
2024-10-26 06:00:00,3.6,100,1,2.0,1005.91449,0.0, ,station
2024-10-26 09:00:00,0.2,100,1,2.0,1008.5809300000001,0.0, ,station
2024-10-26 12:00:00,5.2,78,1,1.0,1012.1806240000001,, ,station
2024-10-26 15:00:00,5.9,64,1,2.0,1014.58042,, ,station
2024-10-26 18:00:00,-1.3,100,2,2.0,1016.7135720000001,0.0, ,station
2024-10-26 21:00:00,-2.2,100,2,2.0,1017.646826,0.0, ,station
2024-10-27 00:00:00,-3.5,100,1,2.0,1018.7134020000001,, ,station
2024-10-27 03:00:00,-5.2,100,1,,1018.1801140000001,, ,station
2024-10-27 06:00:00,-4.8,100,1,1.0,1017.780148,0.0, ,station
2024-10-27 09:00:00,-0.9,100,0,,1016.5802500000001,0.0, ,station
2024-10-27 12:00:00,0.7,100,2,5.0,1016.0469620000001,, ,station
2024-10-27 15:00:00,0.4,100,4,,1014.047132,, ,station
2024-10-27 18:00:00,1.3,99,3,,1011.647336,0.0, ,station
2024-10-27 21:00:00,1.8,100,4,9.0,1009.2475400000001,0.0, ,station
2024-10-28 00:00:00,3.1,99,3,8.0,1006.1811340000002,,Морось (незамерзающая) или снежные зерна неливневые. ,station
2024-10-28 03:00:00,4.3,100,4,10.0,1002.314796,,Морось (незамерзающая) или снежные зерна неливневые. ,station
2024-10-28 06:00:00,4.5,100,4,8.0,998.8484240000001,0.3,Дождь или морось со снегом слабые. ,station
2024-10-28 09:00:00,5.8,100,4,9.0,994.8487640000001,0.4,Морось (незамерзающая) или снежные зерна неливневые. ,station
2024-10-28 12:00:00,5.6,99,4,9.0,991.782358,,Дождь незамерзающий непрерывный слабый в срок наблюдения. ,station
2024-10-28 15:00:00,6.4,100,1,,991.9156800000001,,Дождь (незамерзающий) неливневый. ,station
2024-10-28 18:00:00,4.8,93,1,3.0,993.648866,2.0, ,station
2024-10-28 21:00:00,3.7,86,2,5.0,994.982086,2.0,Ливневый(ые) дождь(и). ,station
2024-10-29 00:00:00,2.0,100,0,,996.315306,, ,station
2024-10-29 03:00:00,-1.8,99,0,,997.648526,, ,station
2024-10-29 06:00:00,-1.9,99,0,,998.8484240000001,0.0, ,station
2024-10-29 09:00:00,-3.7,99,1,2.0,1000.314966,0.0, ,station
2024-10-29 12:00:00,0.9,73,1,3.0,1001.2482200000001,, ,station
2024-10-29 15:00:00,1.4,66,2,4.0,1002.314796,, ,station
2024-10-29 18:00:00,-2.5,86,0,,1002.0481520000001,0.0, ,station
2024-10-29 21:00:00,-1.4,79,1,2.0,1000.448288,0.0, ,station
2024-10-30 00:00:00,-2.9,96,1,2.0,997.3818820000001,, ,station
2024-10-30 03:00:00,-0.2,94,2,5.0,992.315646,, ,station
2024-10-30 06:00:00,0.2,100,3,8.0,987.382732,0.6,Снег непрерывный умеренный в срок наблюдения. ,station
2024-10-30 09:00:00,0.4,99,3,6.0,983.91636,2.0,Снег непрерывный слабый в срок наблюдения. ,station
2024-10-30 12:00:00,0.2,100,0,,982.983106,,Снег непрерывный умеренный в срок наблюдения. ,station
2024-10-30 15:00:00,0.4,100,0,,983.3830720000001,,Снег непрерывный слабый в срок наблюдения. ,station
2024-10-30 18:00:00,0.2,100,1,2.0,984.982936,4.0,Ливневый снег слабый в срок наблюдения или за последний час. ,station
2024-10-30 21:00:00,0.2,100,1,,986.982766,3.0,Ливневый снег слабый в срок наблюдения или за последний час. ,station
2024-10-31 00:00:00,-0.4,100,2,6.0,989.3825620000001,,Ливневый снег или ливневый дождь и снег. ,station
2024-10-31 03:00:00,-0.6,99,3,8.0,991.2490700000001,,Ливневый снег или ливневый дождь и снег. ,station
2024-10-31 06:00:00,-0.7,92,4,8.0,992.448968,0.4, ,station
2024-10-31 09:00:00,-2.7,90,2,3.0,993.648866,0.3, ,station
2024-10-31 12:00:00,-2.8,86,1,2.0,993.5155440000001,, ,station
2024-10-31 15:00:00,-2.0,78,1,2.0,993.2489,, ,station
2024-10-31 18:00:00,-6.3,100,1,1.0,993.115578,0.0, ,station
2024-10-31 21:00:00,-8.8,100,2,3.0,992.8489340000001,0.0, ,station
2024-11-01 00:00:00,-10.4,99,2,,991.649036,, ,station
2024-11-01 03:00:00,-10.9,98,0,,990.5824600000001,, ,station
2024-11-01 06:00:00,-11.5,98,1,2.0,988.449308,0.0, ,station
2024-11-01 09:00:00,-11.5,95,1,2.0,987.91602,0.0, ,station
2024-11-01 12:00:00,-5.8,89,0,,986.8494440000001,,Ливневый снег слабый в срок наблюдения или за последний час. ,station
2024-11-01 15:00:00,-4.8,88,0,,986.449478,,Облака в целом рассеиваются или становятся менее развитыми. ,station
2024-11-01 18:00:00,-9.6,100,1,2.0,987.649376,0.0, ,station
2024-11-01 21:00:00,-11.7,96,2,3.0,988.449308,0.0, ,station
2024-11-02 00:00:00,-12.7,95,1,2.0,989.5158840000001,, ,station
2024-11-02 03:00:00,-12.4,95,1,2.0,990.982426,, ,station
2024-11-02 06:00:00,-9.8,99,1,2.0,992.8489340000001,0.0, ,station
2024-11-02 09:00:00,-8.5,100,1,,994.58212,0.0, ,station
2024-11-02 12:00:00,-4.2,89,1,,997.3818820000001,, ,station
2024-11-02 15:00:00,-2.0,88,2,6.0,999.5150340000001,, ,station
2024-11-02 18:00:00,-5.5,100,0,,1002.448118,0.0, ,station
2024-11-02 21:00:00,-9.7,100,1,2.0,1003.648016,0.0, ,station
2024-11-03 00:00:00,-11.0,98,2,3.0,1003.114728,, ,station
2024-11-03 03:00:00,-12.5,95,2,3.0,1002.8480840000001,, ,station
2024-11-03 06:00:00,-13.3,94,2,3.0,1001.648186,0.0, ,station
2024-11-03 09:00:00,-14.2,91,2,3.0,1000.5816100000001,0.0, ,station
2024-11-03 12:00:00,-10.0,98,0,,1000.314966,, ,station
2024-11-03 15:00:00,-8.7,95,1,1.0,1000.1816440000001,, ,station
2024-11-03 18:00:00,-12.0,95,2,3.0,1001.114898,0.0, ,station
2024-11-03 21:00:00,-11.8,95,2,3.0,1001.781508,0.0, ,station
2024-11-04 00:00:00,-10.6,97,2,3.0,1002.7147620000001,, ,station
2024-11-04 03:00:00,-1.1,90,2,5.0,1003.648016,, ,station
2024-11-04 06:00:00,0.3,79,3,6.0,1005.114558,0.0, ,station
2024-11-04 09:00:00,-0.5,80,2,6.0,1006.447778,0.0, ,station
2024-11-04 12:00:00,-0.1,76,3,8.0,1008.0476420000001,, ,station
2024-11-04 15:00:00,-0.2,74,3,9.0,1009.114218,, ,station
2024-11-04 18:00:00,-0.8,76,3,7.0,1010.0474720000001,0.0, ,station
2024-11-04 21:00:00,-2.9,84,0,,1010.447438,0.0, ,station
2024-11-05 00:00:00,-5.2,100,1,2.0,1010.980726,, ,station
2024-11-05 03:00:00,-7.1,100,1,2.0,1010.980726,, ,station
2024-11-05 06:00:00,-6.9,99,1,,1010.0474720000001,0.0, ,station
2024-11-05 09:00:00,-6.3,100,1,2.0,1010.0474720000001,0.0, ,station
2024-11-05 12:00:00,-4.9,100,1,,1010.1807940000001,, ,station
2024-11-05 15:00:00,-3.4,100,0,,1010.0474720000001,, ,station
2024-11-05 18:00:00,-3.6,99,0,,1009.2475400000001,0.0,Ливневый снег или ливневый дождь и снег. ,station
2024-11-05 21:00:00,-1.1,100,2,4.0,1006.8477440000001,0.0,Ливневый снег или ливневый дождь и снег. ,station
2024-11-06 00:00:00,-0.8,100,0,,1004.714592,,Ливневый снег или ливневый дождь и снег. ,station
2024-11-06 03:00:00,-0.6,100,1,2.0,1004.981236,,Состояние неба в общем не изменилось. ,station
2024-11-06 06:00:00,2.9,81,1,3.0,1005.781168,0.3, ,station
2024-11-06 09:00:00,4.3,72,3,8.0,1005.781168,0.3, ,station
2024-11-06 12:00:00,4.6,69,2,4.0,1006.7144220000001,, ,station
2024-11-06 15:00:00,4.7,71,2,4.0,1007.647676,, ,station
2024-11-06 18:00:00,3.6,72,3,7.0,1008.980896,0.0, ,station
2024-11-06 21:00:00,3.6,71,2,5.0,1010.7140820000001,0.0, ,station
2024-11-07 00:00:00,2.7,80,2,3.0,1011.91398,, ,station
2024-11-07 03:00:00,0.5,98,0,,1011.647336,,Ливневый(ые) дождь(и) слабый(ые) в срок наблюдения или за последний час. ,station
2024-11-07 06:00:00,0.4,100,1,1.0,1010.8474040000001,1.0,Ливневый(ые) дождь(и) слабый(ые) в срок наблюдения или за последний час. ,station
2024-11-07 09:00:00,-0.1,100,0,,1010.0474720000001,1.0,Ливневый(ые) дождь(и). ,station
2024-11-07 12:00:00,0.6,100,0,,1009.780828,, ,station
2024-11-07 15:00:00,0.9,100,1,2.0,1010.0474720000001,,Дымка. ,station
2024-11-07 18:00:00,3.7,100,2,5.0,1012.980556,0.8,Ливневый(ые) дождь(и). ,station
2024-11-07 21:00:00,4.0,90,2,6.0,1016.0469620000001,0.4,Состояние неба в общем не изменилось. ,station
2024-11-08 00:00:00,3.5,95,1,2.0,1017.5135040000001,, ,station
2024-11-08 03:00:00,-0.8,100,1,2.0,1016.0469620000001,, ,station
2024-11-08 06:00:00,2.7,96,2,4.0,1012.447268,0.0, ,station
2024-11-08 09:00:00,-0.4,100,1,1.0,1009.647506,0.0, ,station
2024-11-08 12:00:00,0.9,100,0,,1008.8475740000001,, ,station
2024-11-08 15:00:00,3.8,100,1,2.0,1007.5143540000001,, ,station
2024-11-08 18:00:00,9.1,77,1,5.0,1005.91449,0.0, ,station
2024-11-08 21:00:00,9.6,76,3,7.0,1005.5145240000002,0.0, ,station
2024-11-09 00:00:00,5.9,89,1,2.0,1005.647846,, ,station
2024-11-09 03:00:00,8.7,64,4,8.0,1004.447948,, ,station
2024-11-09 06:00:00,7.6,55,6,12.0,1005.781168,0.0, ,station
2024-11-09 09:00:00,5.8,59,3,10.0,1009.5141840000001,0.0, ,station
2024-11-09 12:00:00,5.2,61,4,11.0,1012.8472340000001,, ,station
2024-11-09 15:00:00,4.5,55,4,8.0,1016.1802840000001,, ,station
2024-11-09 18:00:00,3.7,55,3,7.0,1018.8467240000001,0.0, ,station
2024-11-09 21:00:00,3.4,57,4,9.0,1021.646486,0.0, ,station
2024-11-10 00:00:00,2.4,63,2,5.0,1023.24635,, ,station
2024-11-10 03:00:00,0.3,74,1,2.0,1024.57957,, ,station
2024-11-10 06:00:00,2.1,69,2,4.0,1025.24618,0.0, ,station
2024-11-10 09:00:00,2.6,79,2,5.0,1025.646146,0.0, ,station
2024-11-10 12:00:00,1.4,86,1,2.0,1026.046112,, ,station
2024-11-10 15:00:00,-0.5,100,1,1.0,1025.91279,, ,station
2024-11-10 18:00:00,-2.7,100,1,2.0,1026.046112,0.0, ,station
2024-11-10 21:00:00,-3.5,100,2,,1025.91279,0.0, ,station
2024-11-11 00:00:00,-2.9,100,0,,1025.646146,, ,station
2024-11-11 03:00:00,-2.2,100,1,,1024.446248,, ,station
2024-11-11 06:00:00,-1.8,100,0,,1023.3796720000001,0.0, ,station
2024-11-11 09:00:00,-1.7,100,1,2.0,1023.24635,0.0, ,station
2024-11-11 12:00:00,-0.7,99,0,,1023.5129940000002,, ,station
2024-11-11 15:00:00,-0.1,100,1,2.0,1023.24635,, ,station
2024-11-11 18:00:00,0.9,99,1,3.0,1022.8463840000002,0.0, ,station
2024-11-11 21:00:00,1.3,99,1,2.0,1022.979706,0.0, ,station
2024-11-12 00:00:00,0.4,99,1,2.0,1022.979706,, ,station
2024-11-12 03:00:00,0.3,99,1,2.0,1022.046452,, ,station
2024-11-12 06:00:00,-1.5,99,1,2.0,1021.5131640000001,0.0, ,station
2024-11-12 09:00:00,-2.5,99,0,,1020.8465540000001,0.0, ,station
2024-11-12 12:00:00,-1.3,100,0,,1020.8465540000001,, ,station
2024-11-12 15:00:00,0.0,90,1,3.0,1020.1799440000001,,Ливневый снег или ливневый дождь и снег. ,station
2024-11-12 18:00:00,-1.4,98,0,,1019.646656,0.0,Облака в целом рассеиваются или становятся менее развитыми. ,station
2024-11-12 21:00:00,-1.7,100,0,,1018.446758,0.0,Ливневый снег или ливневый дождь и снег. ,station
2024-11-13 00:00:00,-2.1,96,1,2.0,1016.7135720000001,,Ливневый снег или ливневый дождь и снег. ,station
2024-11-13 03:00:00,-4.2,100,0,,1014.1804540000002,,Облака в целом образовывались или развивались. ,station
2024-11-13 06:00:00,-1.4,100,3,6.0,1010.8474040000001,0.0, ,station
2024-11-13 09:00:00,0.0,100,3,6.0,1006.0478120000001,0.1,Состояние неба в общем не изменилось. ,station
2024-11-13 12:00:00,0.9,100,3,6.0,1002.0481520000001,,Ливневый(ые) дождь(и). ,station
2024-11-13 15:00:00,1.6,100,2,5.0,998.1818140000001,,Морось незамерзающая с перерывами слабая в срок наблюдения. ,station
2024-11-13 18:00:00,2.3,100,1,3.0,994.982086,0.2,Ливневый(ые) дождь(и). ,station
2024-11-13 21:00:00,2.8,100,2,4.0,993.91551,0.1,Облака в целом рассеиваются или становятся менее развитыми. ,station
2024-11-14 00:00:00,0.4,100,1,2.0,992.448968,, ,station
2024-11-14 03:00:00,1.9,93,1,3.0,990.8491040000001,, ,station
2024-11-14 06:00:00,-0.6,100,1,1.0,989.649206,0.0, ,station
2024-11-14 09:00:00,-0.2,100,1,2.0,989.2492400000001,0.0, ,station
2024-11-14 12:00:00,-1.4,100,1,1.0,989.7825280000001,, ,station
2024-11-14 15:00:00,-1.5,100,0,,990.4491380000001,, ,station
2024-11-14 18:00:00,-0.4,80,1,2.0,990.7157820000001,0.0, ,station
2024-11-14 21:00:00,-2.9,95,1,2.0,990.5824600000001,0.0, ,station
2024-11-15 00:00:00,-2.8,93,1,2.0,990.982426,, ,station
2024-11-15 03:00:00,-2.0,84,1,2.0,990.7157820000001,, ,station
2024-11-15 06:00:00,-3.0,82,1,2.0,989.9158500000001,0.0, ,station
2024-11-15 09:00:00,-6.5,100,1,1.0,989.649206,0.0, ,station
2024-11-15 12:00:00,-6.7,100,2,2.0,988.982596,, ,station
2024-11-15 15:00:00,-5.3,100,0,,988.5826300000001,, ,station
2024-11-15 18:00:00,-7.2,100,1,2.0,987.5160540000002,0.0, ,station
2024-11-15 21:00:00,-7.5,100,2,3.0,985.91619,0.0, ,station
2024-11-16 00:00:00,-4.7,100,1,2.0,984.449648,, ,station
2024-11-16 03:00:00,-3.5,100,1,2.0,983.3830720000001,, ,station
2024-11-16 06:00:00,-3.9,100,1,2.0,982.0498520000001,0.0, ,station
2024-11-16 09:00:00,-5.0,100,1,3.0,981.2499200000001,0.0, ,station
2024-11-16 12:00:00,-3.7,99,1,1.0,979.9167000000001,,Снег непрерывный слабый в срок наблюдения. ,station
2024-11-16 15:00:00,-2.5,100,1,2.0,976.716972,,Снег непрерывный умеренный в срок наблюдения. ,station
2024-11-16 18:00:00,-0.5,100,2,,972.4506680000001,4.0,Снег непрерывный умеренный в срок наблюдения. ,station
2024-11-16 21:00:00,-0.2,100,1,3.0,968.717652,7.0,Снег непрерывный слабый в срок наблюдения. ,station
2024-11-17 00:00:00,-0.5,100,0,,968.1843640000001,,Снег непрерывный слабый в срок наблюдения.  Диаметр отложения мокрого снега составляет 10 мм.,station
2024-11-17 03:00:00,-1.3,100,0,,969.650906,,Снег непрерывный слабый в срок наблюдения. ,station
2024-11-17 06:00:00,-2.2,100,0,,971.6507359999999,6.0,Состояние неба в общем не изменилось.  Диаметр отложения мокрого снега составляет 14 мм.,station
2024-11-17 09:00:00,-2.0,100,0,,973.783888,3.0,Состояние неба в общем не изменилось. ,station
2024-11-17 12:00:00,-1.5,100,0,,976.0503620000001,,  Диаметр отложения мокрого снега составляет 14 мм.,station
2024-11-17 15:00:00,-1.6,100,0,,977.116938,,Состояние неба в общем не изменилось. ,station
2024-11-17 18:00:00,-1.8,100,0,,978.1835140000001,0.0,Ливневый снег слабый в срок наблюдения или за последний час.  Диаметр отложения мокрого снега составляет 12 мм.,station
2024-11-17 21:00:00,-1.9,100,0,,979.25009,0.0,Состояние неба в общем не изменилось. ,station
2024-11-18 00:00:00,-2.3,100,0,,980.8499540000001,,  Диаметр отложения мокрого снега составляет 12 мм.,station
2024-11-18 03:00:00,-2.3,100,0,,982.1831740000001,, ,station
2024-11-18 06:00:00,-1.4,100,2,5.0,982.8497840000001,0.0,  Диаметр отложения мокрого снега составляет 8 мм.,station
2024-11-18 09:00:00,-1.6,100,2,6.0,983.91636,0.0,Ливневый снег слабый в срок наблюдения или за последний час. ,station
2024-11-18 12:00:00,-1.4,100,4,8.0,985.649546,,Облака в целом рассеиваются или становятся менее развитыми. ,station
2024-11-18 15:00:00,-1.3,100,3,8.0,987.116088,,Ливневый снег умеренный или сильный в срок наблюдения или за последний час. ,station
2024-11-18 18:00:00,-1.4,96,2,6.0,988.7159520000001,0.7,Облака в целом рассеиваются или становятся менее развитыми. ,station
2024-11-18 21:00:00,-1.2,90,3,7.0,989.9158500000001,0.7,Ливневый снег или ливневый дождь и снег. ,station
2024-11-19 00:00:00,-1.0,86,2,6.0,991.649036,,Облака в целом образовывались или развивались. ,station
2024-11-19 03:00:00,-1.0,86,2,,993.648866,,Ливневый снег слабый в срок наблюдения или за последний час. ,station
2024-11-19 06:00:00,-1.3,80,3,6.0,995.648696,0.0,Облака в целом рассеиваются или становятся менее развитыми. ,station
2024-11-19 09:00:00,-2.7,82,1,,998.0484920000001,0.0,Облака в целом рассеиваются или становятся менее развитыми. ,station
2024-11-19 12:00:00,-4.9,99,2,4.0,1000.8482540000001,, ,station
2024-11-19 15:00:00,-6.6,100,1,,1002.448118,, ,station
2024-11-19 18:00:00,-5.0,100,2,4.0,1004.047982,0.0, ,station
2024-11-19 21:00:00,-6.3,99,1,3.0,1005.5145240000002,0.0, ,station
2024-11-20 00:00:00,-10.6,100,2,2.0,1006.8477440000001,, ,station
2024-11-20 03:00:00,-7.6,100,2,2.0,1008.314286,,Ливневый снег умеренный или сильный в срок наблюдения или за последний час. ,station
2024-11-20 06:00:00,-7.2,99,1,,1010.0474720000001,0.9,Ливневый снег или ливневый дождь и снег. ,station
2024-11-20 09:00:00,-7.0,100,1,2.0,1011.114048,1.0,Ливневый снег слабый в срок наблюдения или за последний час. ,station
2024-11-20 12:00:00,-6.7,100,1,2.0,1012.980556,,Ливневый снег слабый в срок наблюдения или за последний час. ,station
2024-11-20 15:00:00,-7.7,99,1,2.0,1013.380522,,Состояние неба в общем не изменилось. ,station
2024-11-20 18:00:00,-8.8,98,1,3.0,1013.647166,0.4, ,station
2024-11-20 21:00:00,-11.2,94,1,3.0,1014.047132,0.2, ,station
2024-11-21 00:00:00,-13.6,94,1,3.0,1013.780488,, ,station
2024-11-21 03:00:00,-11.7,94,2,6.0,1012.313946,, ,station
2024-11-21 06:00:00,-10.4,90,2,6.0,1010.8474040000001,0.0, ,station
2024-11-21 09:00:00,-8.9,86,3,7.0,1008.1809640000001,0.0, ,station
2024-11-21 12:00:00,-8.5,71,4,10.0,1005.647846,,Слабый или умеренный поземок в целом низкий (ниже уровня глаз наблюдателя). ,station
2024-11-21 15:00:00,-7.8,76,5,10.0,1000.0483220000001,,Ливневый снег слабый в срок наблюдения или за последний час. ,station
2024-11-21 18:00:00,-6.5,100,4,,995.115408,4.0,Ливневый снег умеренный или сильный в срок наблюдения или за последний час. ,station
2024-11-21 21:00:00,-5.3,85,3,9.0,992.5822900000001,8.0,Ливневый снег слабый в срок наблюдения или за последний час. ,station
2024-11-22 00:00:00,-4.6,85,4,9.0,991.2490700000001,,Слабый или умеренный поземок в целом низкий (ниже уровня глаз наблюдателя). ,station
2024-11-22 03:00:00,-4.4,84,2,5.0,989.2492400000001,,Состояние неба в общем не изменилось. ,station
2024-11-22 06:00:00,-4.8,83,2,6.0,984.449648,4.0, ,station
2024-11-22 09:00:00,-5.2,98,1,,979.650056,1.0,Ливневый снег умеренный или сильный в срок наблюдения или за последний час. ,station
2024-11-22 12:00:00,-5.7,99,2,5.0,973.9172100000001,,Ливневый снег умеренный или сильный в срок наблюдения или за последний час. ,station
2024-11-22 15:00:00,-5.8,100,2,5.0,974.5838200000001,,Ливневый снег умеренный или сильный в срок наблюдения или за последний час. ,station
2024-11-22 18:00:00,-5.1,91,4,8.0,978.450158,11.0,Ливневый снег слабый в срок наблюдения или за последний час. ,station
2024-11-22 21:00:00,-2.5,100,4,7.0,980.0500220000001,10.0,Ливневый снег слабый в срок наблюдения или за последний час. ,station
2024-11-23 00:00:00,-2.0,93,4,7.0,981.5165640000001,,Ливневый снег слабый в срок наблюдения или за последний час. ,station
2024-11-23 03:00:00,-2.1,94,3,8.0,982.983106,,Ливневый снег слабый в срок наблюдения или за последний час. ,station
2024-11-23 06:00:00,-2.2,94,4,8.0,984.1830040000001,0.5,Ливневый снег слабый в срок наблюдения или за последний час. ,station
2024-11-23 09:00:00,-2.3,90,4,7.0,985.91619,0.5,Состояние неба в общем не изменилось. ,station
2024-11-23 12:00:00,-2.3,83,4,7.0,987.782698,,Состояние неба в общем не изменилось. ,station
2024-11-23 15:00:00,-2.7,91,3,7.0,988.7159520000001,,Ливневый снег слабый в срок наблюдения или за последний час. ,station
2024-11-23 18:00:00,-2.0,82,3,8.0,989.5158840000001,0.0,Ливневый снег слабый в срок наблюдения или за последний час. ,station
2024-11-23 21:00:00,-1.8,74,4,,989.649206,0.0,Слабый или умеренный поземок в целом низкий (ниже уровня глаз наблюдателя). ,station
2024-11-24 00:00:00,-1.9,75,3,6.0,989.649206,,Состояние неба в общем не изменилось. ,station
2024-11-24 03:00:00,-2.0,78,3,8.0,988.8492740000002,,Состояние неба в общем не изменилось. ,station
2024-11-24 06:00:00,-2.0,83,3,6.0,988.0493420000001,0.0,Состояние неба в общем не изменилось. ,station
2024-11-24 09:00:00,-1.5,88,2,4.0,989.2492400000001,0.3,Облака в целом рассеиваются или становятся менее развитыми. ,station
2024-11-24 12:00:00,-0.4,78,2,5.0,991.115748,,Ливневый снег слабый в срок наблюдения или за последний час. ,station
2024-11-24 15:00:00,-2.8,100,0,,995.24873,,Облака в целом рассеиваются или становятся менее развитыми. ,station
2024-11-24 18:00:00,-6.6,100,0,,999.2483900000001,0.6, ,station
2024-11-24 21:00:00,-11.7,97,0,,1003.381372,0.3, ,station
2024-11-25 00:00:00,-14.8,92,1,3.0,1005.781168,, ,station
2024-11-25 03:00:00,-3.5,100,2,5.0,1006.447778,, ,station
2024-11-25 06:00:00,-2.2,100,3,7.0,1003.648016,0.0, ,station
2024-11-25 09:00:00,-2.4,100,5,11.0,996.8485940000002,0.4,Ливневый снег умеренный или сильный в срок наблюдения или за последний час. ,station
2024-11-25 12:00:00,-1.1,100,5,11.0,989.9158500000001,,Ливневый снег умеренный или сильный в срок наблюдения или за последний час. ,station
2024-11-25 15:00:00,-0.3,99,4,7.0,984.449648,,Ливневый снег умеренный или сильный в срок наблюдения или за последний час. ,station
2024-11-25 18:00:00,0.1,100,2,5.0,983.3830720000001,14.0,Ливневый снег слабый в срок наблюдения или за последний час.  Диаметр отложения мокрого снега составляет 4 мм.,station
2024-11-25 21:00:00,1.2,100,2,4.0,986.316156,14.0,Состояние неба в общем не изменилось. ,station
2024-11-26 00:00:00,1.5,99,1,3.0,989.9158500000001,, ,station
2024-11-26 03:00:00,1.5,100,2,4.0,991.649036,, ,station
2024-11-26 06:00:00,2.2,100,1,3.0,991.3823920000001,0.0, ,station
2024-11-26 09:00:00,2.6,100,2,4.0,989.1159180000001,0.3,Дождь незамерзающий с перерывами слабый в срок наблюдения. ,station
2024-11-26 12:00:00,3.0,100,3,6.0,988.5826300000001,,Дождь незамерзающий непрерывный слабый в срок наблюдения. ,station
2024-11-26 15:00:00,3.5,100,2,4.0,988.315986,,Облака в целом рассеиваются или становятся менее развитыми. ,station
2024-11-26 18:00:00,4.0,100,2,3.0,990.8491040000001,4.0,Ливневый(ые) дождь(и) слабый(ые) в срок наблюдения или за последний час. ,station
2024-11-26 21:00:00,2.3,100,2,6.0,995.648696,4.0,Ливневый(ые) дождь(и) слабый(ые) в срок наблюдения или за последний час. ,station
2024-11-27 00:00:00,-0.7,91,2,4.0,1001.781508,,Облака в целом рассеиваются или становятся менее развитыми. ,station
2024-11-27 03:00:00,-4.0,100,0,,1006.314456,,Состояние неба в общем не изменилось. ,station
2024-11-27 06:00:00,-7.0,100,1,,1009.647506,0.4, ,station
2024-11-27 09:00:00,-9.1,100,2,2.0,1012.313946,0.1, ,station
2024-11-27 12:00:00,-11.4,97,2,3.0,1014.8470640000002,, ,station
2024-11-27 15:00:00,-12.6,95,2,3.0,1016.7135720000001,, ,station
2024-11-27 18:00:00,-14.4,92,2,3.0,1018.8467240000001,0.0, ,station
2024-11-27 21:00:00,-14.9,91,0,,1020.313266,0.0, ,station
2024-11-28 00:00:00,-15.9,90,1,3.0,1021.379842,, ,station
2024-11-28 03:00:00,-14.0,93,2,4.0,1021.779808,, ,station
2024-11-28 06:00:00,-16.2,90,1,2.0,1022.713062,0.0, ,station
2024-11-28 09:00:00,-17.1,87,0,,1022.8463840000002,0.0, ,station
2024-11-28 12:00:00,-18.1,86,2,3.0,1022.8463840000002,, ,station
2024-11-28 15:00:00,-18.1,87,2,3.0,1022.046452,, ,station
2024-11-28 18:00:00,-14.4,91,1,2.0,1020.57991,0.0, ,station
2024-11-28 21:00:00,-11.1,96,0,,1018.980046,0.0, ,station
2024-11-29 00:00:00,-5.5,100,2,4.0,1016.7135720000001,,Снег неливневый. ,station
2024-11-29 03:00:00,-4.0,100,2,5.0,1013.2472,,Снег с перерывами слабый в срок наблюдения. ,station
2024-11-29 06:00:00,-3.0,100,2,5.0,1010.0474720000001,0.3,Снег непрерывный слабый в срок наблюдения. ,station
2024-11-29 09:00:00,-1.6,100,3,7.0,1005.91449,0.3,Облака в целом рассеиваются или становятся менее развитыми. ,station
2024-11-29 12:00:00,-1.6,100,1,3.0,1004.047982,, ,station
2024-11-29 15:00:00,-2.4,100,1,2.0,1003.648016,, ,station
2024-11-29 18:00:00,-5.3,99,0,,1003.91466,0.0, ,station
2024-11-29 21:00:00,-7.2,100,1,3.0,1005.24788,0.0, ,station
2024-11-30 00:00:00,-9.7,96,0,,1007.1143880000001,, ,station
2024-11-30 03:00:00,-12.7,95,0,,1009.114218,, ,station
2024-11-30 06:00:00,-13.2,95,1,3.0,1010.980726,0.0, ,station
2024-11-30 09:00:00,-15.9,90,1,2.0,1012.8472340000001,0.0, ,station
2024-11-30 12:00:00,-17.9,87,2,,1014.7137420000001,, ,station
2024-11-30 15:00:00,-19.3,85,1,2.0,1014.047132,, ,station
2024-11-30 18:00:00,-21.0,83,1,2.0,1012.447268,0.0, ,station
2024-11-30 21:00:00,-20.3,86,1,2.0,1010.447438,0.0, ,station
2024-12-01 00:00:00,-20.7,83,2,3.0,1009.3808620000001,, ,station
2024-12-01 03:00:00,-20.1,86,2,3.0,1008.4476080000001,, ,station
2024-12-01 06:00:00,-17.0,88,1,2.0,1007.647676,0.0, ,station
2024-12-01 09:00:00,-14.2,92,0,,1007.3810320000001,0.0, ,station
2024-12-01 12:00:00,-11.8,95,1,,1007.647676,, ,station
2024-12-01 15:00:00,-9.9,98,1,,1006.447778,,Снег непрерывный слабый в срок наблюдения. ,station
2024-12-01 18:00:00,-9.1,100,0,,1004.981236,0.6,Снег непрерывный слабый в срок наблюдения. ,station
2024-12-01 21:00:00,-8.1,100,0,,1001.648186,3.0,Снег непрерывный слабый в срок наблюдения. ,station
2024-12-02 00:00:00,-3.0,100,3,,996.448628,,Снег непрерывный умеренный в срок наблюдения. ,station
2024-12-02 03:00:00,0.1,100,3,6.0,992.448968,,Дождь замерзающий слабый.  Диаметр отложения при гололеде составляет 2 мм.,station
2024-12-02 06:00:00,1.8,100,3,5.0,989.649206,7.0,Состояние неба в общем не изменилось. ,station
2024-12-02 09:00:00,3.4,100,3,5.0,987.116088,5.0,Состояние неба в общем не изменилось. ,station
2024-12-02 12:00:00,3.7,100,2,4.0,986.1828340000001,,Облака в целом рассеиваются или становятся менее развитыми. ,station
2024-12-02 15:00:00,3.4,100,2,4.0,986.049512,,Состояние неба в общем не изменилось. ,station
2024-12-02 18:00:00,4.0,86,3,7.0,987.649376,0.6,Ливневый(ые) дождь(и). ,station
2024-12-02 21:00:00,-3.3,71,2,6.0,992.315646,0.6,Состояние неба в общем не изменилось. ,station
2024-12-03 00:00:00,-4.8,79,2,4.0,995.115408,, ,station
2024-12-03 03:00:00,-6.7,91,1,2.0,996.448628,, ,station
2024-12-03 06:00:00,-11.4,99,2,3.0,998.5817800000001,0.0, ,station
2024-12-03 09:00:00,-14.3,93,2,3.0,999.9150000000001,0.0, ,station
2024-12-03 12:00:00,-16.7,89,2,3.0,1001.648186,, ,station
2024-12-03 15:00:00,-17.4,87,2,3.0,1002.8480840000001,, ,station
2024-12-03 18:00:00,-17.3,88,2,3.0,1004.447948,0.0, ,station
2024-12-03 21:00:00,-16.4,88,1,2.0,1006.8477440000001,0.0,Облака в целом рассеиваются или становятся менее развитыми. ,station
2024-12-04 00:00:00,-11.3,97,1,1.0,1009.114218,, ,station
2024-12-04 03:00:00,-3.2,89,3,,1010.7140820000001,,Ливневый снег умеренный или сильный в срок наблюдения или за последний час. ,station
2024-12-04 06:00:00,-3.8,78,3,8.0,1014.047132,0.2,Состояние неба в общем не изменилось. ,station
2024-12-04 09:00:00,-5.1,74,1,,1018.1801140000001,0.2,Облака в целом рассеиваются или становятся менее развитыми. ,station
2024-12-04 12:00:00,-8.9,87,1,3.0,1023.113028,, ,station
2024-12-04 15:00:00,-13.1,95,2,3.0,1025.24618,, ,station
2024-12-04 18:00:00,-14.8,89,2,3.0,1026.8460440000001,0.0, ,station
2024-12-04 21:00:00,-15.9,88,2,3.0,1027.645976,0.0, ,station
2024-12-05 00:00:00,-17.9,86,2,3.0,1028.845874,, ,station
2024-12-05 03:00:00,-18.5,85,2,3.0,1029.3791620000002,, ,station
2024-12-05 06:00:00,-20.2,83,2,3.0,1029.3791620000002,0.0, ,station
2024-12-05 09:00:00,-19.7,84,2,2.0,1028.312586,0.0, ,station
2024-12-05 12:00:00,-7.0,97,2,4.0,1026.5794,, ,station
2024-12-05 15:00:00,-6.5,79,3,5.0,1025.646146,, ,station
2024-12-05 18:00:00,-5.7,74,3,6.0,1025.24618,0.0, ,station
2024-12-05 21:00:00,-6.4,78,2,5.0,1024.446248,0.0, ,station
2024-12-06 00:00:00,-7.4,87,2,5.0,1024.712892,, ,station
2024-12-06 03:00:00,-8.4,95,2,5.0,1023.646316,, ,station
2024-12-06 06:00:00,-7.6,88,2,3.0,1022.8463840000002,0.0, ,station
2024-12-06 09:00:00,-6.4,94,2,5.0,1022.046452,0.0, ,station
2024-12-06 12:00:00,-4.3,99,2,5.0,1022.046452,, ,station
2024-12-06 15:00:00,-3.6,100,3,6.0,1021.379842,, ,station
2024-12-06 18:00:00,-2.7,99,3,6.0,1021.379842,0.0, ,station
2024-12-06 21:00:00,-2.4,99,3,6.0,1020.446588,0.0,Снег непрерывный слабый в срок наблюдения. ,station
2024-12-07 00:00:00,-2.6,100,3,6.0,1020.57991,,Снег непрерывный слабый в срок наблюдения. ,station
2024-12-07 03:00:00,-2.3,100,3,7.0,1020.313266,,Снег непрерывный слабый в срок наблюдения. ,station
2024-12-07 06:00:00,-1.6,100,3,5.0,1020.0466220000001,0.7,Дождь замерзающий слабый. ,station
2024-12-07 09:00:00,-1.6,99,3,6.0,1019.646656,0.7,Снег непрерывный слабый в срок наблюдения. ,station
2024-12-07 12:00:00,-2.7,96,3,6.0,1020.0466220000001,, ,station
2024-12-07 15:00:00,-3.1,94,2,5.0,1019.9133,, ,station
2024-12-07 18:00:00,-3.0,96,3,6.0,1019.646656,0.0, ,station
2024-12-07 21:00:00,-2.6,96,2,5.0,1019.2466900000001,0.0,Состояние неба в общем не изменилось. ,station
2024-12-08 00:00:00,-2.0,96,2,4.0,1019.646656,, ,station
2024-12-08 03:00:00,-1.7,99,2,3.0,1019.9133,, ,station
2024-12-08 06:00:00,-1.1,96,2,4.0,1019.646656,0.0, ,station
2024-12-08 09:00:00,-0.9,96,1,3.0,1018.980046,0.0, ,station
2024-12-08 12:00:00,-0.8,75,2,5.0,1019.5133340000001,, ,station
2024-12-08 15:00:00,-1.5,81,1,3.0,1019.113368,,Снег с перерывами слабый в срок наблюдения. ,station
2024-12-08 18:00:00,-2.3,100,2,3.0,1018.313436,0.7,Снег непрерывный умеренный в срок наблюдения. ,station
2024-12-08 21:00:00,-2.3,100,1,3.0,1018.1801140000001,1.0,Состояние неба в общем не изменилось. ,station
2024-12-09 00:00:00,-2.3,100,1,1.0,1018.0467920000001,, ,station
2024-12-09 03:00:00,-4.8,100,1,,1018.980046,,Облака в целом рассеиваются или становятся менее развитыми. ,station
2024-12-09 06:00:00,-5.5,100,1,1.0,1020.446588,0.8, ,station
2024-12-09 09:00:00,0.3,99,2,6.0,1021.646486,0.3, ,station
2024-12-09 12:00:00,-1.1,80,1,3.0,1023.24635,,Состояние неба в общем не изменилось. ,station
2024-12-09 15:00:00,-3.1,95,1,2.0,1022.8463840000002,,Состояние неба в общем не изменилось. ,station
2024-12-09 18:00:00,-2.3,76,1,3.0,1019.646656,0.0, ,station
2024-12-09 21:00:00,-3.3,79,1,3.0,1015.3803520000001,0.0, ,station
2024-12-10 00:00:00,-3.2,79,1,2.0,1012.980556,, ,station
2024-12-10 03:00:00,-8.2,100,2,2.0,1010.980726,, ,station
2024-12-10 06:00:00,-7.9,100,2,3.0,1008.5809300000001,0.0, ,station
2024-12-10 09:00:00,-5.9,100,1,2.0,1005.647846,0.0,Снег с перерывами слабый в срок наблюдения. ,station
2024-12-10 12:00:00,-4.6,100,0,,1003.648016,,Состояние неба в общем не изменилось. ,station
2024-12-10 15:00:00,-2.7,100,1,2.0,1002.314796,,Состояние неба в общем не изменилось. ,station
2024-12-10 18:00:00,-5.2,99,2,3.0,1001.3815420000001,0.0, ,station
2024-12-10 21:00:00,1.0,99,2,4.0,1000.448288,0.0, ,station
2024-12-11 00:00:00,-2.5,100,1,2.0,999.2483900000001,, ,station
2024-12-11 03:00:00,-3.9,100,1,2.0,998.4484580000001,, ,station
2024-12-11 06:00:00,-1.8,100,2,6.0,998.7151020000001,0.0, ,station
2024-12-11 09:00:00,-0.8,94,2,4.0,999.2483900000001,0.0, ,station
2024-12-11 12:00:00,-1.0,74,2,5.0,1001.2482200000001,, ,station
2024-12-11 15:00:00,-1.3,67,3,10.0,1001.5148640000001,, ,station
2024-12-11 18:00:00,-0.9,66,4,9.0,1001.781508,0.0, ,station
2024-12-11 21:00:00,-2.4,99,4,12.0,1004.58127,0.6,Ливневый снег умеренный или сильный в срок наблюдения или за последний час. ,station
2024-12-12 00:00:00,-3.2,68,3,8.0,1005.781168,,Слабый или умеренный поземок в целом низкий (ниже уровня глаз наблюдателя). ,station
2024-12-12 03:00:00,-6.0,74,1,2.0,1006.0478120000001,,Облака в целом рассеиваются или становятся менее развитыми. ,station
2024-12-12 06:00:00,-5.9,75,2,5.0,1006.1811340000002,2.0, ,station
2024-12-12 09:00:00,-4.6,62,4,7.0,1004.8479140000001,1.0, ,station
2024-12-12 12:00:00,-3.6,74,6,14.0,1003.24805,,Снег непрерывный слабый в срок наблюдения. ,station
2024-12-12 15:00:00,-4.1,66,4,11.0,1007.9143200000001,,Сильный поземок в целом низкий (ниже уровня глаз наблюдателя). ,station
2024-12-12 18:00:00,-6.4,68,4,8.0,1010.8474040000001,0.3,Слабый или умеренный поземок в целом низкий (ниже уровня глаз наблюдателя). ,station
2024-12-12 21:00:00,-7.3,71,3,8.0,1012.447268,0.3,Слабый или умеренный поземок в целом низкий (ниже уровня глаз наблюдателя). ,station
2024-12-13 00:00:00,-7.6,72,3,7.0,1014.447098,,Слабый или умеренный поземок в целом низкий (ниже уровня глаз наблюдателя). ,station
2024-12-13 03:00:00,-8.3,74,2,5.0,1014.980386,,Состояние неба в общем не изменилось. ,station
2024-12-13 06:00:00,-8.8,75,2,6.0,1014.447098,0.0,Состояние неба в общем не изменилось. ,station
2024-12-13 09:00:00,-8.9,76,2,5.0,1013.780488,0.0,Облака в целом рассеиваются или становятся менее развитыми. ,station
2024-12-13 12:00:00,-11.4,87,0,,1013.91381,, ,station
2024-12-13 15:00:00,-15.2,94,1,2.0,1013.647166,, ,station
2024-12-13 18:00:00,-12.5,92,0,,1012.980556,0.0, ,station
2024-12-13 21:00:00,-15.3,91,1,2.0,1012.447268,0.0, ,station
2024-12-14 00:00:00,-19.2,84,0,,1012.447268,, ,station
2024-12-14 03:00:00,-19.5,84,1,2.0,1011.91398,, ,station
2024-12-14 06:00:00,-13.3,92,2,4.0,1010.7140820000001,0.0, ,station
2024-12-14 09:00:00,-12.1,92,2,4.0,1010.0474720000001,0.0,Ливневый снег слабый в срок наблюдения или за последний час. ,station
2024-12-14 12:00:00,-13.9,90,2,3.0,1009.780828,,Облака в целом рассеиваются или становятся менее развитыми. ,station
2024-12-14 15:00:00,-17.2,87,1,2.0,1009.114218,,Состояние неба в общем не изменилось. ,station
2024-12-14 18:00:00,-16.9,85,2,3.0,1008.4476080000001,0.0, ,station
2024-12-14 21:00:00,-17.8,84,2,4.0,1007.7809980000001,0.0, ,station
2024-12-15 00:00:00,-18.9,83,3,5.0,1007.647676,, ,station
2024-12-15 03:00:00,-19.8,82,3,6.0,1007.5143540000001,, ,station
2024-12-15 06:00:00,-20.3,81,3,5.0,1006.9810659999999,0.0, ,station
2024-12-15 09:00:00,-22.4,81,3,4.0,1007.1143880000001,0.0, ,station
2024-12-15 12:00:00,-22.7,80,2,4.0,1006.8477440000001,, ,station
2024-12-15 15:00:00,-24.4,80,1,2.0,1005.647846,, ,station
2024-12-15 18:00:00,-26.3,78,2,3.0,1004.314626,0.0, ,station
2024-12-15 21:00:00,-28.1,76,2,3.0,1002.448118,0.0,Ливневый снег слабый в срок наблюдения или за последний час. ,station
2024-12-16 00:00:00,-29.0,76,1,2.0,999.648356,,Ливневый снег слабый в срок наблюдения или за последний час. ,station
2024-12-16 03:00:00,-26.1,79,1,,997.648526,,Ливневый снег слабый в срок наблюдения или за последний час. ,station
2024-12-16 06:00:00,-19.8,83,1,2.0,993.648866,0.4,Ливневый снег слабый в срок наблюдения или за последний час. ,station
2024-12-16 09:00:00,-18.7,84,0,,991.9156800000001,0.9,Ливневый снег слабый в срок наблюдения или за последний час. ,station
2024-12-16 12:00:00,-15.5,86,1,2.0,990.8491040000001,,Ливневый снег слабый в срок наблюдения или за последний час. ,station
2024-12-16 15:00:00,-13.7,91,1,2.0,989.9158500000001,,Ливневый снег слабый в срок наблюдения или за последний час. ,station
2024-12-16 18:00:00,-14.0,89,0,,989.7825280000001,2.0,Ливневый снег слабый в срок наблюдения или за последний час. ,station
2024-12-16 21:00:00,-13.1,90,0,,990.0491720000001,1.0,Снег непрерывный слабый в срок наблюдения. ,station
2024-12-17 00:00:00,-11.5,91,0,,990.7157820000001,,Снег непрерывный слабый в срок наблюдения. ,station
2024-12-17 03:00:00,-11.7,89,1,2.0,991.782358,,Снег непрерывный слабый в срок наблюдения. ,station
2024-12-17 06:00:00,-13.5,86,1,,993.782188,0.4,Снег неливневый. ,station
2024-12-17 09:00:00,-14.4,85,1,3.0,996.048662,0.2,Состояние неба в общем не изменилось. ,station
2024-12-17 12:00:00,-14.7,84,1,4.0,998.3151359999999,, ,station
2024-12-17 15:00:00,-15.3,83,2,4.0,1000.0483220000001,, ,station
2024-12-17 18:00:00,-18.2,85,1,3.0,1002.58144,0.0, ,station
2024-12-17 21:00:00,-19.5,83,2,4.0,1004.714592,0.0, ,station
2024-12-18 00:00:00,-20.6,82,2,4.0,1006.1811340000002,, ,station
2024-12-18 03:00:00,-20.9,82,2,4.0,1007.2477100000001,, ,station
2024-12-18 06:00:00,-23.3,80,1,2.0,1008.314286,0.0, ,station
2024-12-18 09:00:00,-24.1,81,1,3.0,1008.8475740000001,0.0, ,station
2024-12-18 12:00:00,-24.7,81,1,3.0,1009.647506,, ,station
2024-12-18 15:00:00,-24.8,80,1,3.0,1009.647506,, ,station
2024-12-18 18:00:00,-25.5,79,1,2.0,1009.2475400000001,0.0, ,station
2024-12-18 21:00:00,-27.0,79,1,3.0,1008.4476080000001,0.0, ,station
2024-12-19 00:00:00,-27.7,78,1,3.0,1007.7809980000001,, ,station
2024-12-19 03:00:00,-27.5,78,1,3.0,1006.447778,, ,station
2024-12-19 06:00:00,-27.8,78,1,2.0,1005.114558,0.0, ,station
2024-12-19 09:00:00,-25.5,79,1,2.0,1003.24805,0.0, ,station
2024-12-19 12:00:00,-23.3,80,1,,1001.648186,, ,station
2024-12-19 15:00:00,-20.7,81,0,,999.2483900000001,,Состояние неба в общем не изменилось. ,station
2024-12-19 18:00:00,-17.4,85,1,2.0,996.448628,0.0,Снег непрерывный слабый в срок наблюдения. ,station
2024-12-19 21:00:00,-11.1,89,1,3.0,992.982256,1.0,Ливневый снег умеренный или сильный в срок наблюдения или за последний час. ,station
2024-12-20 00:00:00,-8.1,87,3,7.0,990.4491380000001,,Ливневый снег умеренный или сильный в срок наблюдения или за последний час. ,station
2024-12-20 03:00:00,-7.3,83,4,9.0,988.7159520000001,,Ливневый снег умеренный или сильный в срок наблюдения или за последний час. ,station
2024-12-20 06:00:00,-8.2,84,3,6.0,986.716122,4.0,Состояние неба в общем не изменилось. ,station
2024-12-20 09:00:00,-8.4,87,3,5.0,985.5162240000001,4.0,Ливневый снег умеренный или сильный в срок наблюдения или за последний час. ,station
2024-12-20 12:00:00,-8.4,86,3,7.0,984.58297,,Ливневый снег умеренный или сильный в срок наблюдения или за последний час. ,station
2024-12-20 15:00:00,-8.4,84,3,7.0,982.8497840000001,,Ливневый снег умеренный или сильный в срок наблюдения или за последний час. ,station
2024-12-20 18:00:00,-8.9,84,3,7.0,981.9165300000001,5.0,Ливневый снег слабый в срок наблюдения или за последний час. ,station
2024-12-20 21:00:00,-9.7,85,2,5.0,980.983276,5.0,Ливневый снег умеренный или сильный в срок наблюдения или за последний час. ,station
2024-12-21 00:00:00,-10.0,89,1,2.0,980.4499880000001,,Ливневый снег умеренный или сильный в срок наблюдения или за последний час. ,station
2024-12-21 03:00:00,-10.5,88,0,,980.1833440000001,,Ливневый снег слабый в срок наблюдения или за последний час. ,station
2024-12-21 06:00:00,-10.8,95,0,,979.783378,6.0,Ливневый снег умеренный или сильный в срок наблюдения или за последний час. ,station
2024-12-21 09:00:00,-12.3,93,1,1.0,979.3834120000001,6.0,Ливневый снег слабый в срок наблюдения или за последний час. ,station
2024-12-21 12:00:00,-14.0,89,1,2.0,979.3834120000001,,Облака в целом рассеиваются или становятся менее развитыми. ,station
2024-12-21 15:00:00,-16.3,86,2,,979.9167000000001,,Ливневый снег слабый в срок наблюдения или за последний час. ,station
2024-12-21 18:00:00,-16.5,86,0,,979.9167000000001,1.0,Ливневый снег слабый в срок наблюдения или за последний час. ,station
2024-12-21 21:00:00,-13.9,89,0,,979.783378,0.8,Ливневый снег слабый в срок наблюдения или за последний час. ,station
2024-12-22 00:00:00,-12.3,89,2,4.0,980.983276,,Ливневый снег слабый в срок наблюдения или за последний час. ,station
2024-12-22 03:00:00,-12.6,88,2,4.0,982.8497840000001,,Облака в целом рассеиваются или становятся менее развитыми. ,station
2024-12-22 06:00:00,-14.5,87,1,2.0,985.649546,0.9, ,station
2024-12-22 09:00:00,-17.7,86,0,,988.449308,0.3, ,station
2024-12-22 12:00:00,-20.7,83,1,2.0,991.5157140000001,, ,station
2024-12-22 15:00:00,-20.8,83,1,3.0,994.448798,, ,station
2024-12-22 18:00:00,-21.7,82,1,3.0,996.715272,0.0, ,station
2024-12-22 21:00:00,-22.5,82,2,4.0,999.2483900000001,0.0, ,station
2024-12-23 00:00:00,-23.0,81,2,4.0,1001.5148640000001,, ,station
2024-12-23 03:00:00,-20.6,81,2,4.0,1003.114728,,Снег с перерывами слабый в срок наблюдения. ,station
2024-12-23 06:00:00,-22.0,80,2,5.0,1004.447948,0.0,Облака в целом рассеиваются или становятся менее развитыми. ,station
2024-12-23 09:00:00,-22.2,82,4,9.0,1005.24788,0.0,Снег с перерывами слабый в срок наблюдения. ,station
2024-12-23 12:00:00,-20.0,82,4,7.0,1006.8477440000001,,Состояние неба в общем не изменилось. ,station
2024-12-23 15:00:00,-18.4,82,4,8.0,1008.0476420000001,,Слабый или умеренный поземок в целом низкий (ниже уровня глаз наблюдателя). ,station
2024-12-23 18:00:00,-17.4,83,3,6.0,1009.647506,0.0,Снег непрерывный слабый в срок наблюдения. ,station
2024-12-23 21:00:00,-17.2,82,3,5.0,1010.980726,0.0,Снег непрерывный слабый в срок наблюдения. ,station
2024-12-24 00:00:00,-14.7,85,3,6.0,1011.91398,,Снег непрерывный слабый в срок наблюдения. ,station
2024-12-24 03:00:00,-12.9,85,3,5.0,1012.447268,,Состояние неба в общем не изменилось. ,station
2024-12-24 06:00:00,-11.4,87,2,4.0,1012.713912,0.0, ,station
2024-12-24 09:00:00,-10.8,87,2,6.0,1012.58059,0.0, ,station
2024-12-24 12:00:00,-10.6,87,2,5.0,1012.980556,, ,station
2024-12-24 15:00:00,-9.7,90,1,3.0,1012.58059,,Снег с перерывами слабый в срок наблюдения. ,station
2024-12-24 18:00:00,-9.5,91,1,1.0,1012.58059,0.0,Снег непрерывный слабый в срок наблюдения. ,station
2024-12-24 21:00:00,-9.2,98,0,,1012.713912,0.0,Снег с перерывами слабый в срок наблюдения. ,station
2024-12-25 00:00:00,-7.5,100,1,2.0,1012.8472340000001,,Снег неливневый. ,station
2024-12-25 03:00:00,-6.9,98,2,3.0,1012.713912,,Снег непрерывный слабый в срок наблюдения. ,station
2024-12-25 06:00:00,-6.6,99,2,5.0,1011.3806920000001,0.5,Снег непрерывный слабый в срок наблюдения. ,station
2024-12-25 09:00:00,-6.4,100,3,7.0,1010.0474720000001,0.5,Снег непрерывный слабый в срок наблюдения. ,station
2024-12-25 12:00:00,-4.8,100,3,5.0,1008.4476080000001,,Состояние неба в общем не изменилось. ,station
2024-12-25 15:00:00,-3.2,100,4,,1004.1813040000001,,Снег непрерывный умеренный в срок наблюдения. ,station
2024-12-25 18:00:00,-1.5,100,4,7.0,999.5150340000001,5.0,Снег непрерывный слабый в срок наблюдения. ,station
2024-12-25 21:00:00,-1.0,100,1,2.0,998.981746,5.0,Облака в целом рассеиваются или становятся менее развитыми. ,station
2024-12-26 00:00:00,1.7,90,3,6.0,1000.8482540000001,, ,station
2024-12-26 03:00:00,1.8,82,3,6.0,1003.781338,, ,station
2024-12-26 06:00:00,2.0,70,5,9.0,1006.8477440000001,0.2, ,station
2024-12-26 09:00:00,-2.6,99,1,2.0,1008.314286,0.0, ,station
2024-12-26 12:00:00,-0.5,83,2,5.0,1004.8479140000001,, ,station
2024-12-26 15:00:00,-0.2,99,3,,998.0484920000001,,Ливневый снег слабый в срок наблюдения или за последний час. ,station
2024-12-26 18:00:00,3.2,76,5,11.0,999.9150000000001,2.0,Облака в целом рассеиваются или становятся менее развитыми. ,station
2024-12-26 21:00:00,2.0,72,3,6.0,1003.648016,2.0,Состояние неба в общем не изменилось. ,station
2024-12-27 00:00:00,1.7,66,3,6.0,1005.5145240000002,, ,station
2024-12-27 03:00:00,1.8,63,3,7.0,1007.1143880000001,, ,station
2024-12-27 06:00:00,1.4,67,3,7.0,1005.24788,0.0, ,station
2024-12-27 09:00:00,1.0,72,3,6.0,1005.5145240000002,0.0, ,station
2024-12-27 12:00:00,2.8,67,4,7.0,1005.647846,, ,station
2024-12-27 15:00:00,3.0,69,4,8.0,1005.647846,, ,station
2024-12-27 18:00:00,2.1,75,2,4.0,1005.647846,0.0, ,station
2024-12-27 21:00:00,2.3,77,1,2.0,1006.1811340000002,0.0, ,station
2024-12-28 00:00:00,1.6,80,2,4.0,1006.8477440000001,, ,station
2024-12-28 03:00:00,-2.8,99,1,1.0,1008.1809640000001,, ,station
2024-12-28 06:00:00,-5.2,100,1,,1008.8475740000001,0.0, ,station
2024-12-28 09:00:00,-7.6,100,2,,1010.447438,0.0, ,station
2024-12-28 12:00:00,-10.9,97,2,3.0,1011.91398,, ,station
2024-12-28 15:00:00,-11.3,96,2,2.0,1010.8474040000001,, ,station
2024-12-28 18:00:00,-2.3,100,2,5.0,1008.8475740000001,0.0,Снег непрерывный слабый в срок наблюдения. ,station
2024-12-28 21:00:00,-1.4,100,3,6.0,1006.447778,0.0,Снег с перерывами слабый в срок наблюдения. ,station
2024-12-29 00:00:00,-0.6,100,3,6.0,1004.447948,,Состояние неба в общем не изменилось. ,station
2024-12-29 03:00:00,-0.4,100,3,6.0,1002.448118,,Состояние неба в общем не изменилось. ,station
2024-12-29 06:00:00,-0.5,99,3,5.0,1000.5816100000001,0.2, ,station
2024-12-29 09:00:00,-1.1,95,3,6.0,998.3151359999999,0.2, ,station
2024-12-29 12:00:00,-2.1,100,3,6.0,996.1819840000002,, ,station
2024-12-29 15:00:00,-3.0,100,3,,992.0490020000001,,Ливневый снег слабый в срок наблюдения или за последний час. ,station
2024-12-29 18:00:00,-2.7,100,3,,988.0493420000001,0.5,Ливневый снег умеренный или сильный в срок наблюдения или за последний час. ,station
2024-12-29 21:00:00,-1.9,100,3,7.0,983.2497500000001,2.0,Ливневый снег слабый в срок наблюдения или за последний час. ,station
2024-12-30 00:00:00,-0.7,100,2,5.0,979.650056,,Ливневый снег слабый в срок наблюдения или за последний час. ,station
2024-12-30 03:00:00,-1.9,90,2,5.0,978.450158,,Облака в целом рассеиваются или становятся менее развитыми. ,station
2024-12-30 06:00:00,-2.0,98,3,6.0,976.450328,4.0,Ливневый снег слабый в срок наблюдения или за последний час. ,station
2024-12-30 09:00:00,-2.1,90,1,3.0,975.650396,3.0,Ливневый снег или ливневый дождь и снег. ,station
2024-12-30 12:00:00,-3.8,91,1,3.0,975.25043,, ,station
2024-12-30 15:00:00,-8.7,100,1,2.0,974.5838200000001,, ,station
2024-12-30 18:00:00,-12.2,96,1,1.0,974.450498,0.0, ,station
2024-12-30 21:00:00,-11.2,99,1,2.0,973.2506000000001,0.0, ,station
2024-12-31 00:00:00,-9.6,99,0,,972.4506680000001,,Ливневый снег слабый в срок наблюдения или за последний час. ,station
2024-12-31 03:00:00,-10.3,100,1,,974.450498,,Облака в целом рассеиваются или становятся менее развитыми. ,station
2024-12-31 06:00:00,-7.3,100,1,,975.5170740000001,0.6,Ливневый снег слабый в срок наблюдения или за последний час. ,station
2024-12-31 09:00:00,0.1,99,3,6.0,976.8502940000001,0.6,Ливневый снег или ливневый дождь и снег. ,station
2024-12-31 12:00:00,-0.6,88,3,7.0,980.4499880000001,,Состояние неба в общем не изменилось. ,station
2024-12-31 15:00:00,-0.3,77,2,5.0,984.449648,,Облака в целом образовывались или развивались. ,station
2024-12-31 18:00:00,0.0,73,2,4.0,988.0493420000001,0.0,Состояние неба в общем не изменилось. ,station
2024-12-31 21:00:00,-1.2,83,1,2.0,990.4491380000001,0.0,Облака в целом образовывались или развивались. ,station
